python.exe : 
At line:15 char:1885
+ ... Chain NLP"; & "D:\software_work\conda_envs\SupplyChainNLP\python.exe" ...
+                 ~~~~~~~~~~~~~~~~~~~~~~~~~~~~~~~~~~~~~~~~~~~~~~~~~~~~~~~~~
    + CategoryInfo          : NotSpecified: (:String) [], RemoteException
    + FullyQualifiedErrorId : NativeCommandError
 
Loading weights:   0%|          | 0/199 [00:00<?, ?it/s]
Loading weights:  27%|██▋       | 53/199 [00:00<00:00, 516.10it/s]
Loading weights:  53%|█████▎    | 105/199 [00:00<00:00, 445.66it/s]
Loading weights:  76%|███████▌  | 151/199 [00:00<00:00, 419.50it/s]
Loading weights: 100%|██████████| 199/199 [00:00<00:00, 462.49it/s]
[transformers] [1mBertModel LOAD REPORT[0m from: D:\workspace_AI\workspace_traecode\xiangmu_traecode\Supply Chain NLP
\models\bert-base-chinese
Key                                        | Status     |  | 
-------------------------------------------+------------+--+-
cls.predictions.transform.dense.bias       | UNEXPECTED |  | 
cls.predictions.transform.dense.weight     | UNEXPECTED |  | 
cls.seq_relationship.bias                  | UNEXPECTED |  | 
cls.predictions.transform.LayerNorm.weight | UNEXPECTED |  | 
cls.predictions.bias                       | UNEXPECTED |  | 
cls.seq_relationship.weight                | UNEXPECTED |  | 
cls.predictions.transform.LayerNorm.bias   | UNEXPECTED |  | 

Notes:
- UNEXPECTED:	can be ignored when loading from different task/architecture; not ok if you expect identical arch.
device=cuda, train batches=1407

BERT epoch 1/2:   0%|          | 0/1407 [00:00<?, ?it/s]
BERT epoch 1/2:   0%|          | 1/1407 [00:00<23:12,  1.01it/s]
BERT epoch 1/2:   0%|          | 2/1407 [00:01<11:49,  1.98it/s]
BERT epoch 1/2:   0%|          | 3/1407 [00:01<09:17,  2.52it/s]
BERT epoch 1/2:   0%|          | 4/1407 [00:01<06:58,  3.35it/s]
BERT epoch 1/2:   0%|          | 5/1407 [00:01<05:35,  4.18it/s]
BERT epoch 1/2:   0%|          | 6/1407 [00:01<04:49,  4.85it/s]
BERT epoch 1/2:   0%|          | 7/1407 [00:01<04:20,  5.37it/s]
BERT epoch 1/2:   1%|          | 8/1407 [00:02<04:06,  5.68it/s]
BERT epoch 1/2:   1%|          | 9/1407 [00:02<04:11,  5.57it/s]
BERT epoch 1/2:   1%|          | 10/1407 [00:02<04:03,  5.75it/s]
BERT epoch 1/2:   1%|          | 11/1407 [00:02<03:50,  6.06it/s]
BERT epoch 1/2:   1%|          | 12/1407 [00:02<03:49,  6.07it/s]
BERT epoch 1/2:   1%|          | 13/1407 [00:02<03:49,  6.08it/s]
BERT epoch 1/2:   1%|          | 14/1407 [00:03<03:44,  6.20it/s]
BERT epoch 1/2:   1%|          | 15/1407 [00:03<03:45,  6.18it/s]
BERT epoch 1/2:   1%|          | 16/1407 [00:03<03:47,  6.11it/s]
BERT epoch 1/2:   1%|          | 17/1407 [00:03<03:48,  6.09it/s]
BERT epoch 1/2:   1%|▏         | 18/1407 [00:03<03:44,  6.18it/s]
BERT epoch 1/2:   1%|▏         | 19/1407 [00:03<03:46,  6.12it/s]
BERT epoch 1/2:   1%|▏         | 20/1407 [00:04<03:40,  6.29it/s]
BERT epoch 1/2:   1%|▏         | 21/1407 [00:04<03:37,  6.38it/s]
BERT epoch 1/2:   2%|▏         | 22/1407 [00:04<03:41,  6.25it/s]
BERT epoch 1/2:   2%|▏         | 23/1407 [00:04<03:40,  6.27it/s]
BERT epoch 1/2:   2%|▏         | 24/1407 [00:04<03:38,  6.32it/s]
BERT epoch 1/2:   2%|▏         | 25/1407 [00:04<03:38,  6.31it/s]
BERT epoch 1/2:   2%|▏         | 26/1407 [00:05<03:44,  6.16it/s]
BERT epoch 1/2:   2%|▏         | 27/1407 [00:05<03:43,  6.16it/s]
BERT epoch 1/2:   2%|▏         | 28/1407 [00:05<03:44,  6.14it/s]
BERT epoch 1/2:   2%|▏         | 29/1407 [00:05<03:50,  5.98it/s]
BERT epoch 1/2:   2%|▏         | 30/1407 [00:05<03:59,  5.74it/s]
BERT epoch 1/2:   2%|▏         | 31/1407 [00:05<03:49,  5.99it/s]
BERT epoch 1/2:   2%|▏         | 32/1407 [00:06<03:46,  6.08it/s]
BERT epoch 1/2:   2%|▏         | 33/1407 [00:06<03:38,  6.29it/s]
BERT epoch 1/2:   2%|▏         | 34/1407 [00:06<03:34,  6.41it/s]
BERT epoch 1/2:   2%|▏         | 35/1407 [00:06<03:41,  6.20it/s]
BERT epoch 1/2:   3%|▎         | 36/1407 [00:06<03:47,  6.03it/s]
BERT epoch 1/2:   3%|▎         | 37/1407 [00:06<03:42,  6.16it/s]
BERT epoch 1/2:   3%|▎         | 38/1407 [00:07<03:41,  6.17it/s]
BERT epoch 1/2:   3%|▎         | 39/1407 [00:07<03:44,  6.08it/s]
BERT epoch 1/2:   3%|▎         | 40/1407 [00:07<03:47,  6.01it/s]
BERT epoch 1/2:   3%|▎         | 41/1407 [00:07<03:45,  6.06it/s]
BERT epoch 1/2:   3%|▎         | 42/1407 [00:07<03:44,  6.09it/s]
BERT epoch 1/2:   3%|▎         | 43/1407 [00:07<03:43,  6.12it/s]
BERT epoch 1/2:   3%|▎         | 44/1407 [00:07<03:38,  6.24it/s]
BERT epoch 1/2:   3%|▎         | 45/1407 [00:08<03:37,  6.25it/s]
BERT epoch 1/2:   3%|▎         | 46/1407 [00:08<03:34,  6.35it/s]
BERT epoch 1/2:   3%|▎         | 47/1407 [00:08<03:39,  6.20it/s]
BERT epoch 1/2:   3%|▎         | 48/1407 [00:08<03:35,  6.32it/s]
BERT epoch 1/2:   3%|▎         | 49/1407 [00:08<03:42,  6.11it/s]
BERT epoch 1/2:   4%|▎         | 50/1407 [00:08<03:45,  6.02it/s]
BERT epoch 1/2:   4%|▎         | 51/1407 [00:09<03:37,  6.24it/s]
BERT epoch 1/2:   4%|▎         | 52/1407 [00:09<03:34,  6.32it/s]
BERT epoch 1/2:   4%|▍         | 53/1407 [00:09<03:31,  6.40it/s]
BERT epoch 1/2:   4%|▍         | 54/1407 [00:09<03:33,  6.35it/s]
BERT epoch 1/2:   4%|▍         | 55/1407 [00:09<03:31,  6.41it/s]
BERT epoch 1/2:   4%|▍         | 56/1407 [00:09<03:30,  6.41it/s]
BERT epoch 1/2:   4%|▍         | 57/1407 [00:10<03:36,  6.24it/s]
BERT epoch 1/2:   4%|▍         | 58/1407 [00:10<03:33,  6.32it/s]
BERT epoch 1/2:   4%|▍         | 59/1407 [00:10<03:37,  6.18it/s]
BERT epoch 1/2:   4%|▍         | 60/1407 [00:10<03:36,  6.22it/s]
BERT epoch 1/2:   4%|▍         | 61/1407 [00:10<03:36,  6.22it/s]
BERT epoch 1/2:   4%|▍         | 62/1407 [00:10<03:40,  6.11it/s]
BERT epoch 1/2:   4%|▍         | 63/1407 [00:11<03:35,  6.24it/s]
BERT epoch 1/2:   5%|▍         | 64/1407 [00:11<03:34,  6.25it/s]
BERT epoch 1/2:   5%|▍         | 65/1407 [00:11<03:34,  6.26it/s]
BERT epoch 1/2:   5%|▍         | 66/1407 [00:11<03:32,  6.32it/s]
BERT epoch 1/2:   5%|▍         | 67/1407 [00:11<03:30,  6.38it/s]
BERT epoch 1/2:   5%|▍         | 68/1407 [00:11<03:29,  6.39it/s]
BERT epoch 1/2:   5%|▍         | 69/1407 [00:11<03:39,  6.09it/s]
BERT epoch 1/2:   5%|▍         | 70/1407 [00:12<03:38,  6.12it/s]
BERT epoch 1/2:   5%|▌         | 71/1407 [00:12<03:32,  6.28it/s]
BERT epoch 1/2:   5%|▌         | 72/1407 [00:12<03:32,  6.29it/s]
BERT epoch 1/2:   5%|▌         | 73/1407 [00:12<03:35,  6.20it/s]
BERT epoch 1/2:   5%|▌         | 74/1407 [00:12<03:37,  6.12it/s]
BERT epoch 1/2:   5%|▌         | 75/1407 [00:12<03:37,  6.13it/s]
BERT epoch 1/2:   5%|▌         | 76/1407 [00:13<03:39,  6.07it/s]
BERT epoch 1/2:   5%|▌         | 77/1407 [00:13<03:40,  6.03it/s]
BERT epoch 1/2:   6%|▌         | 78/1407 [00:13<03:42,  5.99it/s]
BERT epoch 1/2:   6%|▌         | 79/1407 [00:13<03:37,  6.09it/s]
BERT epoch 1/2:   6%|▌         | 80/1407 [00:13<03:32,  6.26it/s]
BERT epoch 1/2:   6%|▌         | 81/1407 [00:13<03:33,  6.20it/s]
BERT epoch 1/2:   6%|▌         | 82/1407 [00:14<03:35,  6.16it/s]
BERT epoch 1/2:   6%|▌         | 83/1407 [00:14<03:31,  6.25it/s]
BERT epoch 1/2:   6%|▌         | 84/1407 [00:14<03:29,  6.31it/s]
BERT epoch 1/2:   6%|▌         | 85/1407 [00:14<03:22,  6.52it/s]
BERT epoch 1/2:   6%|▌         | 86/1407 [00:14<03:22,  6.51it/s]
BERT epoch 1/2:   6%|▌         | 87/1407 [00:14<03:17,  6.67it/s]
BERT epoch 1/2:   6%|▋         | 88/1407 [00:15<03:22,  6.51it/s]
BERT epoch 1/2:   6%|▋         | 89/1407 [00:15<03:27,  6.37it/s]
BERT epoch 1/2:   6%|▋         | 90/1407 [00:15<03:23,  6.49it/s]
BERT epoch 1/2:   6%|▋         | 91/1407 [00:15<03:27,  6.34it/s]
BERT epoch 1/2:   7%|▋         | 92/1407 [00:15<03:29,  6.27it/s]
BERT epoch 1/2:   7%|▋         | 93/1407 [00:15<03:27,  6.34it/s]
BERT epoch 1/2:   7%|▋         | 94/1407 [00:15<03:31,  6.21it/s]
BERT epoch 1/2:   7%|▋         | 95/1407 [00:16<03:24,  6.40it/s]
BERT epoch 1/2:   7%|▋         | 96/1407 [00:16<03:25,  6.39it/s]
BERT epoch 1/2:   7%|▋         | 97/1407 [00:16<03:35,  6.08it/s]
BERT epoch 1/2:   7%|▋         | 98/1407 [00:16<03:28,  6.28it/s]
BERT epoch 1/2:   7%|▋         | 99/1407 [00:16<03:21,  6.49it/s]
BERT epoch 1/2:   7%|▋         | 100/1407 [00:16<03:18,  6.57it/s]
BERT epoch 1/2:   7%|▋         | 101/1407 [00:17<03:21,  6.47it/s]
BERT epoch 1/2:   7%|▋         | 102/1407 [00:17<03:19,  6.55it/s]
BERT epoch 1/2:   7%|▋         | 103/1407 [00:17<03:16,  6.64it/s]
BERT epoch 1/2:   7%|▋         | 104/1407 [00:17<03:15,  6.68it/s]
BERT epoch 1/2:   7%|▋         | 105/1407 [00:17<03:17,  6.60it/s]
BERT epoch 1/2:   8%|▊         | 106/1407 [00:17<03:12,  6.76it/s]
BERT epoch 1/2:   8%|▊         | 107/1407 [00:17<03:14,  6.68it/s]
BERT epoch 1/2:   8%|▊         | 108/1407 [00:18<03:09,  6.86it/s]
BERT epoch 1/2:   8%|▊         | 109/1407 [00:18<03:10,  6.83it/s]
BERT epoch 1/2:   8%|▊         | 110/1407 [00:18<03:07,  6.93it/s]
BERT epoch 1/2:   8%|▊         | 111/1407 [00:18<03:07,  6.92it/s]
BERT epoch 1/2:   8%|▊         | 112/1407 [00:18<03:07,  6.91it/s]
BERT epoch 1/2:   8%|▊         | 113/1407 [00:18<03:12,  6.73it/s]
BERT epoch 1/2:   8%|▊         | 114/1407 [00:18<03:20,  6.46it/s]
BERT epoch 1/2:   8%|▊         | 115/1407 [00:19<03:15,  6.60it/s]
BERT epoch 1/2:   8%|▊         | 116/1407 [00:19<03:13,  6.68it/s]
BERT epoch 1/2:   8%|▊         | 117/1407 [00:19<03:10,  6.76it/s]
BERT epoch 1/2:   8%|▊         | 118/1407 [00:19<03:05,  6.94it/s]
BERT epoch 1/2:   8%|▊         | 119/1407 [00:19<03:08,  6.84it/s]
BERT epoch 1/2:   9%|▊         | 120/1407 [00:19<03:07,  6.86it/s]
BERT epoch 1/2:   9%|▊         | 121/1407 [00:20<03:14,  6.61it/s]
BERT epoch 1/2:   9%|▊         | 122/1407 [00:20<03:11,  6.70it/s]
BERT epoch 1/2:   9%|▊         | 123/1407 [00:20<03:13,  6.65it/s]
BERT epoch 1/2:   9%|▉         | 124/1407 [00:20<03:10,  6.73it/s]
BERT epoch 1/2:   9%|▉         | 125/1407 [00:20<03:09,  6.78it/s]
BERT epoch 1/2:   9%|▉         | 126/1407 [00:20<03:02,  7.00it/s]
BERT epoch 1/2:   9%|▉         | 127/1407 [00:20<03:03,  6.98it/s]
BERT epoch 1/2:   9%|▉         | 128/1407 [00:21<03:04,  6.95it/s]
BERT epoch 1/2:   9%|▉         | 129/1407 [00:21<03:11,  6.67it/s]
BERT epoch 1/2:   9%|▉         | 130/1407 [00:21<03:13,  6.59it/s]
BERT epoch 1/2:   9%|▉         | 131/1407 [00:21<03:11,  6.67it/s]
BERT epoch 1/2:   9%|▉         | 132/1407 [00:21<03:09,  6.74it/s]
BERT epoch 1/2:   9%|▉         | 133/1407 [00:21<03:05,  6.89it/s]
BERT epoch 1/2:  10%|▉         | 134/1407 [00:21<03:14,  6.53it/s]
BERT epoch 1/2:  10%|▉         | 135/1407 [00:22<03:11,  6.64it/s]
BERT epoch 1/2:  10%|▉         | 136/1407 [00:22<03:12,  6.61it/s]
BERT epoch 1/2:  10%|▉         | 137/1407 [00:22<03:10,  6.68it/s]
BERT epoch 1/2:  10%|▉         | 138/1407 [00:22<03:12,  6.60it/s]
BERT epoch 1/2:  10%|▉         | 139/1407 [00:22<03:07,  6.77it/s]
BERT epoch 1/2:  10%|▉         | 140/1407 [00:22<03:06,  6.80it/s]
BERT epoch 1/2:  10%|█         | 141/1407 [00:22<03:09,  6.69it/s]
BERT epoch 1/2:  10%|█         | 142/1407 [00:23<03:04,  6.84it/s]
BERT epoch 1/2:  10%|█         | 143/1407 [00:23<03:04,  6.86it/s]
BERT epoch 1/2:  10%|█         | 144/1407 [00:23<03:02,  6.92it/s]
BERT epoch 1/2:  10%|█         | 145/1407 [00:23<03:02,  6.91it/s]
BERT epoch 1/2:  10%|█         | 146/1407 [00:23<02:59,  7.02it/s]
BERT epoch 1/2:  10%|█         | 147/1407 [00:23<03:08,  6.70it/s]
BERT epoch 1/2:  11%|█         | 148/1407 [00:24<03:04,  6.84it/s]
BERT epoch 1/2:  11%|█         | 149/1407 [00:24<03:06,  6.74it/s]
BERT epoch 1/2:  11%|█         | 150/1407 [00:24<03:05,  6.78it/s]
BERT epoch 1/2:  11%|█         | 151/1407 [00:24<03:03,  6.83it/s]
BERT epoch 1/2:  11%|█         | 152/1407 [00:24<03:00,  6.95it/s]
BERT epoch 1/2:  11%|█         | 153/1407 [00:24<03:05,  6.77it/s]
BERT epoch 1/2:  11%|█         | 154/1407 [00:24<03:01,  6.91it/s]
BERT epoch 1/2:  11%|█         | 155/1407 [00:25<02:58,  7.00it/s]
BERT epoch 1/2:  11%|█         | 156/1407 [00:25<03:06,  6.71it/s]
BERT epoch 1/2:  11%|█         | 157/1407 [00:25<03:02,  6.83it/s]
BERT epoch 1/2:  11%|█         | 158/1407 [00:25<02:59,  6.96it/s]
BERT epoch 1/2:  11%|█▏        | 159/1407 [00:25<03:00,  6.92it/s]
BERT epoch 1/2:  11%|█▏        | 160/1407 [00:25<03:05,  6.73it/s]
BERT epoch 1/2:  11%|█▏        | 161/1407 [00:25<03:01,  6.87it/s]
BERT epoch 1/2:  12%|█▏        | 162/1407 [00:26<02:58,  6.99it/s]
BERT epoch 1/2:  12%|█▏        | 163/1407 [00:26<02:58,  6.96it/s]
BERT epoch 1/2:  12%|█▏        | 164/1407 [00:26<02:56,  7.04it/s]
BERT epoch 1/2:  12%|█▏        | 165/1407 [00:26<02:55,  7.09it/s]
BERT epoch 1/2:  12%|█▏        | 166/1407 [00:26<02:52,  7.21it/s]
BERT epoch 1/2:  12%|█▏        | 167/1407 [00:26<02:52,  7.19it/s]
BERT epoch 1/2:  12%|█▏        | 168/1407 [00:26<02:54,  7.10it/s]
BERT epoch 1/2:  12%|█▏        | 169/1407 [00:27<02:51,  7.24it/s]
BERT epoch 1/2:  12%|█▏        | 170/1407 [00:27<02:57,  6.97it/s]
BERT epoch 1/2:  12%|█▏        | 171/1407 [00:27<02:58,  6.94it/s]
BERT epoch 1/2:  12%|█▏        | 172/1407 [00:27<03:02,  6.77it/s]
BERT epoch 1/2:  12%|█▏        | 173/1407 [00:27<03:04,  6.68it/s]
BERT epoch 1/2:  12%|█▏        | 174/1407 [00:27<03:00,  6.85it/s]
BERT epoch 1/2:  12%|█▏        | 175/1407 [00:27<02:57,  6.96it/s]
BERT epoch 1/2:  13%|█▎        | 176/1407 [00:28<02:55,  7.03it/s]
BERT epoch 1/2:  13%|█▎        | 177/1407 [00:28<02:53,  7.08it/s]
BERT epoch 1/2:  13%|█▎        | 178/1407 [00:28<02:55,  7.02it/s]
BERT epoch 1/2:  13%|█▎        | 179/1407 [00:28<02:55,  6.99it/s]
BERT epoch 1/2:  13%|█▎        | 180/1407 [00:28<03:00,  6.82it/s]
BERT epoch 1/2:  13%|█▎        | 181/1407 [00:28<03:01,  6.74it/s]
BERT epoch 1/2:  13%|█▎        | 182/1407 [00:28<03:00,  6.77it/s]
BERT epoch 1/2:  13%|█▎        | 183/1407 [00:29<03:00,  6.79it/s]
BERT epoch 1/2:  13%|█▎        | 184/1407 [00:29<03:06,  6.55it/s]
BERT epoch 1/2:  13%|█▎        | 185/1407 [00:29<03:01,  6.74it/s]
BERT epoch 1/2:  13%|█▎        | 186/1407 [00:29<02:57,  6.86it/s]
BERT epoch 1/2:  13%|█▎        | 187/1407 [00:29<02:57,  6.88it/s]
BERT epoch 1/2:  13%|█▎        | 188/1407 [00:29<02:56,  6.90it/s]
BERT epoch 1/2:  13%|█▎        | 189/1407 [00:29<02:56,  6.89it/s]
BERT epoch 1/2:  14%|█▎        | 190/1407 [00:30<02:53,  7.00it/s]
BERT epoch 1/2:  14%|█▎        | 191/1407 [00:30<02:57,  6.83it/s]
BERT epoch 1/2:  14%|█▎        | 192/1407 [00:30<02:55,  6.92it/s]
BERT epoch 1/2:  14%|█▎        | 193/1407 [00:30<02:55,  6.90it/s]
BERT epoch 1/2:  14%|█▍        | 194/1407 [00:30<02:51,  7.08it/s]
BERT epoch 1/2:  14%|█▍        | 195/1407 [00:30<02:52,  7.01it/s]
BERT epoch 1/2:  14%|█▍        | 196/1407 [00:30<02:56,  6.86it/s]
BERT epoch 1/2:  14%|█▍        | 197/1407 [00:31<02:54,  6.95it/s]
BERT epoch 1/2:  14%|█▍        | 198/1407 [00:31<02:52,  7.02it/s]
BERT epoch 1/2:  14%|█▍        | 199/1407 [00:31<02:53,  6.98it/s]
BERT epoch 1/2:  14%|█▍        | 200/1407 [00:31<02:53,  6.95it/s]
BERT epoch 1/2:  14%|█▍        | 201/1407 [00:31<02:53,  6.94it/s]
BERT epoch 1/2:  14%|█▍        | 202/1407 [00:31<02:53,  6.93it/s]
BERT epoch 1/2:  14%|█▍        | 203/1407 [00:31<02:54,  6.91it/s]
BERT epoch 1/2:  14%|█▍        | 204/1407 [00:32<03:03,  6.55it/s]
BERT epoch 1/2:  15%|█▍        | 205/1407 [00:32<03:04,  6.52it/s]
BERT epoch 1/2:  15%|█▍        | 206/1407 [00:32<02:59,  6.71it/s]
BERT epoch 1/2:  15%|█▍        | 207/1407 [00:32<02:54,  6.88it/s]
BERT epoch 1/2:  15%|█▍        | 208/1407 [00:32<02:52,  6.96it/s]
BERT epoch 1/2:  15%|█▍        | 209/1407 [00:32<02:50,  7.04it/s]
BERT epoch 1/2:  15%|█▍        | 210/1407 [00:32<02:48,  7.08it/s]
BERT epoch 1/2:  15%|█▍        | 211/1407 [00:33<02:48,  7.11it/s]
BERT epoch 1/2:  15%|█▌        | 212/1407 [00:33<02:49,  7.03it/s]
BERT epoch 1/2:  15%|█▌        | 213/1407 [00:33<02:49,  7.06it/s]
BERT epoch 1/2:  15%|█▌        | 214/1407 [00:33<02:47,  7.11it/s]
BERT epoch 1/2:  15%|█▌        | 215/1407 [00:33<02:46,  7.16it/s]
BERT epoch 1/2:  15%|█▌        | 216/1407 [00:33<02:46,  7.15it/s]
BERT epoch 1/2:  15%|█▌        | 217/1407 [00:33<02:52,  6.90it/s]
BERT epoch 1/2:  15%|█▌        | 218/1407 [00:34<02:55,  6.78it/s]
BERT epoch 1/2:  16%|█▌        | 219/1407 [00:34<02:58,  6.65it/s]
BERT epoch 1/2:  16%|█▌        | 220/1407 [00:34<02:56,  6.72it/s]
BERT epoch 1/2:  16%|█▌        | 221/1407 [00:34<02:55,  6.76it/s]
BERT epoch 1/2:  16%|█▌        | 222/1407 [00:34<02:57,  6.68it/s]
BERT epoch 1/2:  16%|█▌        | 223/1407 [00:34<02:55,  6.75it/s]
BERT epoch 1/2:  16%|█▌        | 224/1407 [00:35<02:51,  6.88it/s]
BERT epoch 1/2:  16%|█▌        | 225/1407 [00:35<02:54,  6.78it/s]
BERT epoch 1/2:  16%|█▌        | 226/1407 [00:35<02:53,  6.82it/s]
BERT epoch 1/2:  16%|█▌        | 227/1407 [00:35<02:52,  6.84it/s]
BERT epoch 1/2:  16%|█▌        | 228/1407 [00:35<02:52,  6.85it/s]
BERT epoch 1/2:  16%|█▋        | 229/1407 [00:35<02:49,  6.97it/s]
BERT epoch 1/2:  16%|█▋        | 230/1407 [00:35<02:47,  7.04it/s]
BERT epoch 1/2:  16%|█▋        | 231/1407 [00:36<02:45,  7.10it/s]
BERT epoch 1/2:  16%|█▋        | 232/1407 [00:36<02:47,  7.03it/s]
BERT epoch 1/2:  17%|█▋        | 233/1407 [00:36<02:45,  7.08it/s]
BERT epoch 1/2:  17%|█▋        | 234/1407 [00:36<02:49,  6.91it/s]
BERT epoch 1/2:  17%|█▋        | 235/1407 [00:36<02:50,  6.89it/s]
BERT epoch 1/2:  17%|█▋        | 236/1407 [00:36<02:54,  6.73it/s]
BERT epoch 1/2:  17%|█▋        | 237/1407 [00:36<02:56,  6.62it/s]
BERT epoch 1/2:  17%|█▋        | 238/1407 [00:37<02:57,  6.58it/s]
BERT epoch 1/2:  17%|█▋        | 239/1407 [00:37<02:52,  6.78it/s]
BERT epoch 1/2:  17%|█▋        | 240/1407 [00:37<02:51,  6.81it/s]
BERT epoch 1/2:  17%|█▋        | 241/1407 [00:37<02:50,  6.83it/s]
BERT epoch 1/2:  17%|█▋        | 242/1407 [00:37<02:47,  6.95it/s]
BERT epoch 1/2:  17%|█▋        | 243/1407 [00:37<02:45,  7.04it/s]
BERT epoch 1/2:  17%|█▋        | 244/1407 [00:37<02:46,  6.98it/s]
BERT epoch 1/2:  17%|█▋        | 245/1407 [00:38<02:51,  6.79it/s]
BERT epoch 1/2:  17%|█▋        | 246/1407 [00:38<02:53,  6.70it/s]
BERT epoch 1/2:  18%|█▊        | 247/1407 [00:38<02:51,  6.76it/s]
BERT epoch 1/2:  18%|█▊        | 248/1407 [00:38<02:50,  6.78it/s]
BERT epoch 1/2:  18%|█▊        | 249/1407 [00:38<02:49,  6.82it/s]
BERT epoch 1/2:  18%|█▊        | 250/1407 [00:38<02:52,  6.69it/s]
BERT epoch 1/2:  18%|█▊        | 251/1407 [00:38<02:47,  6.89it/s]
BERT epoch 1/2:  18%|█▊        | 252/1407 [00:39<02:47,  6.89it/s]
BERT epoch 1/2:  18%|█▊        | 253/1407 [00:39<02:47,  6.88it/s]
BERT epoch 1/2:  18%|█▊        | 254/1407 [00:39<02:45,  6.98it/s]
BERT epoch 1/2:  18%|█▊        | 255/1407 [00:39<02:46,  6.93it/s]
BERT epoch 1/2:  18%|█▊        | 256/1407 [00:39<02:49,  6.79it/s]
BERT epoch 1/2:  18%|█▊        | 257/1407 [00:39<02:51,  6.71it/s]
BERT epoch 1/2:  18%|█▊        | 258/1407 [00:39<02:48,  6.84it/s]
BERT epoch 1/2:  18%|█▊        | 259/1407 [00:40<02:43,  7.01it/s]
BERT epoch 1/2:  18%|█▊        | 260/1407 [00:40<02:42,  7.06it/s]
BERT epoch 1/2:  19%|█▊        | 261/1407 [00:40<02:47,  6.83it/s]
BERT epoch 1/2:  19%|█▊        | 262/1407 [00:40<02:48,  6.82it/s]
BERT epoch 1/2:  19%|█▊        | 263/1407 [00:40<02:50,  6.71it/s]
BERT epoch 1/2:  19%|█▉        | 264/1407 [00:40<02:46,  6.85it/s]
BERT epoch 1/2:  19%|█▉        | 265/1407 [00:40<02:46,  6.87it/s]
BERT epoch 1/2:  19%|█▉        | 266/1407 [00:41<02:49,  6.73it/s]
BERT epoch 1/2:  19%|█▉        | 267/1407 [00:41<02:51,  6.66it/s]
BERT epoch 1/2:  19%|█▉        | 268/1407 [00:41<02:49,  6.74it/s]
BERT epoch 1/2:  19%|█▉        | 269/1407 [00:41<02:48,  6.75it/s]
BERT epoch 1/2:  19%|█▉        | 270/1407 [00:41<02:51,  6.62it/s]
BERT epoch 1/2:  19%|█▉        | 271/1407 [00:41<02:52,  6.59it/s]
BERT epoch 1/2:  19%|█▉        | 272/1407 [00:42<02:50,  6.66it/s]
BERT epoch 1/2:  19%|█▉        | 273/1407 [00:42<02:55,  6.46it/s]
BERT epoch 1/2:  19%|█▉        | 274/1407 [00:42<02:52,  6.57it/s]
BERT epoch 1/2:  20%|█▉        | 275/1407 [00:42<02:53,  6.54it/s]
BERT epoch 1/2:  20%|█▉        | 276/1407 [00:42<02:53,  6.52it/s]
BERT epoch 1/2:  20%|█▉        | 277/1407 [00:42<02:53,  6.49it/s]
BERT epoch 1/2:  20%|█▉        | 278/1407 [00:42<02:48,  6.70it/s]
BERT epoch 1/2:  20%|█▉        | 279/1407 [00:43<02:44,  6.84it/s]
BERT epoch 1/2:  20%|█▉        | 280/1407 [00:43<02:40,  7.01it/s]
BERT epoch 1/2:  20%|█▉        | 281/1407 [00:43<02:45,  6.82it/s]
BERT epoch 1/2:  20%|██        | 282/1407 [00:43<02:44,  6.83it/s]
BERT epoch 1/2:  20%|██        | 283/1407 [00:43<02:44,  6.81it/s]
BERT epoch 1/2:  20%|██        | 284/1407 [00:43<02:47,  6.69it/s]
BERT epoch 1/2:  20%|██        | 285/1407 [00:44<02:49,  6.62it/s]
BERT epoch 1/2:  20%|██        | 286/1407 [00:44<02:50,  6.57it/s]
BERT epoch 1/2:  20%|██        | 287/1407 [00:44<02:48,  6.66it/s]
BERT epoch 1/2:  20%|██        | 288/1407 [00:44<02:46,  6.72it/s]
BERT epoch 1/2:  21%|██        | 289/1407 [00:44<02:42,  6.86it/s]
BERT epoch 1/2:  21%|██        | 290/1407 [00:44<02:40,  6.94it/s]
BERT epoch 1/2:  21%|██        | 291/1407 [00:44<02:39,  7.02it/s]
BERT epoch 1/2:  21%|██        | 292/1407 [00:45<02:44,  6.79it/s]
BERT epoch 1/2:  21%|██        | 293/1407 [00:45<02:41,  6.92it/s]
BERT epoch 1/2:  21%|██        | 294/1407 [00:45<02:43,  6.79it/s]
BERT epoch 1/2:  21%|██        | 295/1407 [00:45<02:48,  6.60it/s]
BERT epoch 1/2:  21%|██        | 296/1407 [00:45<02:42,  6.84it/s]
BERT epoch 1/2:  21%|██        | 297/1407 [00:45<02:44,  6.75it/s]
BERT epoch 1/2:  21%|██        | 298/1407 [00:45<02:46,  6.67it/s]
BERT epoch 1/2:  21%|██▏       | 299/1407 [00:46<02:48,  6.56it/s]
BERT epoch 1/2:  21%|██▏       | 300/1407 [00:46<02:46,  6.66it/s]
BERT epoch 1/2:  21%|██▏       | 301/1407 [00:46<02:48,  6.56it/s]
BERT epoch 1/2:  21%|██▏       | 302/1407 [00:46<02:46,  6.64it/s]
BERT epoch 1/2:  22%|██▏       | 303/1407 [00:46<02:51,  6.45it/s]
BERT epoch 1/2:  22%|██▏       | 304/1407 [00:46<02:51,  6.44it/s]
BERT epoch 1/2:  22%|██▏       | 305/1407 [00:46<02:51,  6.44it/s]
BERT epoch 1/2:  22%|██▏       | 306/1407 [00:47<02:45,  6.66it/s]
BERT epoch 1/2:  22%|██▏       | 307/1407 [00:47<02:43,  6.71it/s]
BERT epoch 1/2:  22%|██▏       | 308/1407 [00:47<02:42,  6.76it/s]
BERT epoch 1/2:  22%|██▏       | 309/1407 [00:47<02:44,  6.66it/s]
BERT epoch 1/2:  22%|██▏       | 310/1407 [00:47<02:40,  6.83it/s]
BERT epoch 1/2:  22%|██▏       | 311/1407 [00:47<02:39,  6.86it/s]
BERT epoch 1/2:  22%|██▏       | 312/1407 [00:48<02:39,  6.87it/s]
BERT epoch 1/2:  22%|██▏       | 313/1407 [00:48<02:43,  6.70it/s]
BERT epoch 1/2:  22%|██▏       | 314/1407 [00:48<02:39,  6.85it/s]
BERT epoch 1/2:  22%|██▏       | 315/1407 [00:48<02:39,  6.85it/s]
BERT epoch 1/2:  22%|██▏       | 316/1407 [00:48<02:39,  6.85it/s]
BERT epoch 1/2:  23%|██▎       | 317/1407 [00:48<02:38,  6.86it/s]
BERT epoch 1/2:  23%|██▎       | 318/1407 [00:48<02:38,  6.87it/s]
BERT epoch 1/2:  23%|██▎       | 319/1407 [00:49<02:36,  6.97it/s]
BERT epoch 1/2:  23%|██▎       | 320/1407 [00:49<02:34,  7.02it/s]
BERT epoch 1/2:  23%|██▎       | 321/1407 [00:49<02:36,  6.93it/s]
BERT epoch 1/2:  23%|██▎       | 322/1407 [00:49<02:38,  6.85it/s]
BERT epoch 1/2:  23%|██▎       | 323/1407 [00:49<02:35,  6.96it/s]
BERT epoch 1/2:  23%|██▎       | 324/1407 [00:49<02:35,  6.94it/s]
BERT epoch 1/2:  23%|██▎       | 325/1407 [00:49<02:42,  6.64it/s]
BERT epoch 1/2:  23%|██▎       | 326/1407 [00:50<02:44,  6.58it/s]
BERT epoch 1/2:  23%|██▎       | 327/1407 [00:50<02:41,  6.67it/s]
BERT epoch 1/2:  23%|██▎       | 328/1407 [00:50<02:37,  6.83it/s]
BERT epoch 1/2:  23%|██▎       | 329/1407 [00:50<02:35,  6.95it/s]
BERT epoch 1/2:  23%|██▎       | 330/1407 [00:50<02:33,  7.03it/s]
BERT epoch 1/2:  24%|██▎       | 331/1407 [00:50<02:33,  7.02it/s]
BERT epoch 1/2:  24%|██▎       | 332/1407 [00:50<02:34,  6.96it/s]
BERT epoch 1/2:  24%|██▎       | 333/1407 [00:51<02:34,  6.94it/s]
BERT epoch 1/2:  24%|██▎       | 334/1407 [00:51<02:34,  6.92it/s]
BERT epoch 1/2:  24%|██▍       | 335/1407 [00:51<02:35,  6.91it/s]
BERT epoch 1/2:  24%|██▍       | 336/1407 [00:51<02:39,  6.72it/s]
BERT epoch 1/2:  24%|██▍       | 337/1407 [00:51<02:42,  6.60it/s]
BERT epoch 1/2:  24%|██▍       | 338/1407 [00:51<02:40,  6.66it/s]
BERT epoch 1/2:  24%|██▍       | 339/1407 [00:51<02:42,  6.58it/s]
BERT epoch 1/2:  24%|██▍       | 340/1407 [00:52<02:40,  6.66it/s]
BERT epoch 1/2:  24%|██▍       | 341/1407 [00:52<02:38,  6.74it/s]
BERT epoch 1/2:  24%|██▍       | 342/1407 [00:52<02:35,  6.85it/s]
BERT epoch 1/2:  24%|██▍       | 343/1407 [00:52<02:35,  6.85it/s]
BERT epoch 1/2:  24%|██▍       | 344/1407 [00:52<02:41,  6.57it/s]
BERT epoch 1/2:  25%|██▍       | 345/1407 [00:52<02:43,  6.51it/s]
BERT epoch 1/2:  25%|██▍       | 346/1407 [00:53<02:38,  6.70it/s]
BERT epoch 1/2:  25%|██▍       | 347/1407 [00:53<02:37,  6.72it/s]
BERT epoch 1/2:  25%|██▍       | 348/1407 [00:53<02:39,  6.65it/s]
BERT epoch 1/2:  25%|██▍       | 349/1407 [00:53<02:34,  6.86it/s]
BERT epoch 1/2:  25%|██▍       | 350/1407 [00:53<02:32,  6.94it/s]
BERT epoch 1/2:  25%|██▍       | 351/1407 [00:53<02:33,  6.86it/s]
BERT epoch 1/2:  25%|██▌       | 352/1407 [00:53<02:31,  6.96it/s]
BERT epoch 1/2:  25%|██▌       | 353/1407 [00:54<02:38,  6.65it/s]
BERT epoch 1/2:  25%|██▌       | 354/1407 [00:54<02:36,  6.72it/s]
BERT epoch 1/2:  25%|██▌       | 355/1407 [00:54<02:32,  6.91it/s]
BERT epoch 1/2:  25%|██▌       | 356/1407 [00:54<02:30,  6.98it/s]
BERT epoch 1/2:  25%|██▌       | 357/1407 [00:54<02:37,  6.67it/s]
BERT epoch 1/2:  25%|██▌       | 358/1407 [00:54<02:41,  6.50it/s]
BERT epoch 1/2:  26%|██▌       | 359/1407 [00:54<02:37,  6.66it/s]
BERT epoch 1/2:  26%|██▌       | 360/1407 [00:55<02:36,  6.70it/s]
BERT epoch 1/2:  26%|██▌       | 361/1407 [00:55<02:35,  6.71it/s]
BERT epoch 1/2:  26%|██▌       | 362/1407 [00:55<02:36,  6.70it/s]
BERT epoch 1/2:  26%|██▌       | 363/1407 [00:55<02:42,  6.44it/s]
BERT epoch 1/2:  26%|██▌       | 364/1407 [00:55<02:41,  6.47it/s]
BERT epoch 1/2:  26%|██▌       | 365/1407 [00:55<02:42,  6.40it/s]
BERT epoch 1/2:  26%|██▌       | 366/1407 [00:56<02:43,  6.35it/s]
BERT epoch 1/2:  26%|██▌       | 367/1407 [00:56<02:39,  6.53it/s]
BERT epoch 1/2:  26%|██▌       | 368/1407 [00:56<02:42,  6.38it/s]
BERT epoch 1/2:  26%|██▌       | 369/1407 [00:56<02:46,  6.24it/s]
BERT epoch 1/2:  26%|██▋       | 370/1407 [00:56<02:42,  6.38it/s]
BERT epoch 1/2:  26%|██▋       | 371/1407 [00:56<02:45,  6.28it/s]
BERT epoch 1/2:  26%|██▋       | 372/1407 [00:56<02:43,  6.33it/s]
BERT epoch 1/2:  27%|██▋       | 373/1407 [00:57<02:40,  6.43it/s]
BERT epoch 1/2:  27%|██▋       | 374/1407 [00:57<02:43,  6.31it/s]
BERT epoch 1/2:  27%|██▋       | 375/1407 [00:57<02:43,  6.32it/s]
BERT epoch 1/2:  27%|██▋       | 376/1407 [00:57<02:46,  6.18it/s]
BERT epoch 1/2:  27%|██▋       | 377/1407 [00:57<02:45,  6.24it/s]
BERT epoch 1/2:  27%|██▋       | 378/1407 [00:57<02:43,  6.28it/s]
BERT epoch 1/2:  27%|██▋       | 379/1407 [00:58<02:42,  6.31it/s]
BERT epoch 1/2:  27%|██▋       | 380/1407 [00:58<02:45,  6.19it/s]
BERT epoch 1/2:  27%|██▋       | 381/1407 [00:58<02:41,  6.34it/s]
BERT epoch 1/2:  27%|██▋       | 382/1407 [00:58<02:43,  6.27it/s]
BERT epoch 1/2:  27%|██▋       | 383/1407 [00:58<02:46,  6.16it/s]
BERT epoch 1/2:  27%|██▋       | 384/1407 [00:58<02:46,  6.13it/s]
BERT epoch 1/2:  27%|██▋       | 385/1407 [00:59<02:41,  6.33it/s]
BERT epoch 1/2:  27%|██▋       | 386/1407 [00:59<02:40,  6.34it/s]
BERT epoch 1/2:  28%|██▊       | 387/1407 [00:59<02:39,  6.39it/s]
BERT epoch 1/2:  28%|██▊       | 388/1407 [00:59<02:39,  6.40it/s]
BERT epoch 1/2:  28%|██▊       | 389/1407 [00:59<02:38,  6.43it/s]
BERT epoch 1/2:  28%|██▊       | 390/1407 [00:59<02:37,  6.45it/s]
BERT epoch 1/2:  28%|██▊       | 391/1407 [00:59<02:41,  6.29it/s]
BERT epoch 1/2:  28%|██▊       | 392/1407 [01:00<02:42,  6.23it/s]
BERT epoch 1/2:  28%|██▊       | 393/1407 [01:00<02:43,  6.18it/s]
BERT epoch 1/2:  28%|██▊       | 394/1407 [01:00<02:45,  6.13it/s]
BERT epoch 1/2:  28%|██▊       | 395/1407 [01:00<02:44,  6.16it/s]
BERT epoch 1/2:  28%|██▊       | 396/1407 [01:00<02:40,  6.32it/s]
BERT epoch 1/2:  28%|██▊       | 397/1407 [01:00<02:38,  6.38it/s]
BERT epoch 1/2:  28%|██▊       | 398/1407 [01:01<02:35,  6.50it/s]
BERT epoch 1/2:  28%|██▊       | 399/1407 [01:01<02:36,  6.42it/s]
BERT epoch 1/2:  28%|██▊       | 400/1407 [01:01<02:34,  6.50it/s]
BERT epoch 1/2:  29%|██▊       | 401/1407 [01:01<02:39,  6.30it/s]
BERT epoch 1/2:  29%|██▊       | 402/1407 [01:01<02:39,  6.32it/s]
BERT epoch 1/2:  29%|██▊       | 403/1407 [01:01<02:40,  6.27it/s]
BERT epoch 1/2:  29%|██▊       | 404/1407 [01:02<02:38,  6.33it/s]
BERT epoch 1/2:  29%|██▉       | 405/1407 [01:02<02:35,  6.45it/s]
BERT epoch 1/2:  29%|██▉       | 406/1407 [01:02<02:35,  6.45it/s]
BERT epoch 1/2:  29%|██▉       | 407/1407 [01:02<02:33,  6.52it/s]
BERT epoch 1/2:  29%|██▉       | 408/1407 [01:02<02:31,  6.61it/s]
BERT epoch 1/2:  29%|██▉       | 409/1407 [01:02<02:38,  6.29it/s]
BERT epoch 1/2:  29%|██▉       | 410/1407 [01:02<02:43,  6.08it/s]
BERT epoch 1/2:  29%|██▉       | 411/1407 [01:03<02:37,  6.33it/s]
BERT epoch 1/2:  29%|██▉       | 412/1407 [01:03<02:34,  6.45it/s]
BERT epoch 1/2:  29%|██▉       | 413/1407 [01:03<02:32,  6.53it/s]
BERT epoch 1/2:  29%|██▉       | 414/1407 [01:03<02:30,  6.61it/s]
BERT epoch 1/2:  29%|██▉       | 415/1407 [01:03<02:28,  6.66it/s]
BERT epoch 1/2:  30%|██▉       | 416/1407 [01:03<02:28,  6.68it/s]
BERT epoch 1/2:  30%|██▉       | 417/1407 [01:04<02:29,  6.60it/s]
BERT epoch 1/2:  30%|██▉       | 418/1407 [01:04<02:32,  6.47it/s]
BERT epoch 1/2:  30%|██▉       | 419/1407 [01:04<02:30,  6.56it/s]
BERT epoch 1/2:  30%|██▉       | 420/1407 [01:04<02:33,  6.43it/s]
BERT epoch 1/2:  30%|██▉       | 421/1407 [01:04<02:33,  6.43it/s]
BERT epoch 1/2:  30%|██▉       | 422/1407 [01:04<02:35,  6.35it/s]
BERT epoch 1/2:  30%|███       | 423/1407 [01:04<02:36,  6.29it/s]
BERT epoch 1/2:  30%|███       | 424/1407 [01:05<02:38,  6.19it/s]
BERT epoch 1/2:  30%|███       | 425/1407 [01:05<02:39,  6.17it/s]
BERT epoch 1/2:  30%|███       | 426/1407 [01:05<02:32,  6.42it/s]
BERT epoch 1/2:  30%|███       | 427/1407 [01:05<02:35,  6.32it/s]
BERT epoch 1/2:  30%|███       | 428/1407 [01:05<02:36,  6.24it/s]
BERT epoch 1/2:  30%|███       | 429/1407 [01:05<02:32,  6.40it/s]
BERT epoch 1/2:  31%|███       | 430/1407 [01:06<02:34,  6.33it/s]
BERT epoch 1/2:  31%|███       | 431/1407 [01:06<02:35,  6.28it/s]
BERT epoch 1/2:  31%|███       | 432/1407 [01:06<02:31,  6.43it/s]
BERT epoch 1/2:  31%|███       | 433/1407 [01:06<02:27,  6.61it/s]
BERT epoch 1/2:  31%|███       | 434/1407 [01:06<02:31,  6.43it/s]
BERT epoch 1/2:  31%|███       | 435/1407 [01:06<02:30,  6.44it/s]
BERT epoch 1/2:  31%|███       | 436/1407 [01:07<02:30,  6.46it/s]
BERT epoch 1/2:  31%|███       | 437/1407 [01:07<02:28,  6.51it/s]
BERT epoch 1/2:  31%|███       | 438/1407 [01:07<02:32,  6.36it/s]
BERT epoch 1/2:  31%|███       | 439/1407 [01:07<02:40,  6.04it/s]
BERT epoch 1/2:  31%|███▏      | 440/1407 [01:07<02:41,  5.99it/s]
BERT epoch 1/2:  31%|███▏      | 441/1407 [01:07<02:34,  6.25it/s]
BERT epoch 1/2:  31%|███▏      | 442/1407 [01:07<02:32,  6.34it/s]
BERT epoch 1/2:  31%|███▏      | 443/1407 [01:08<02:35,  6.21it/s]
BERT epoch 1/2:  32%|███▏      | 444/1407 [01:08<02:31,  6.35it/s]
BERT epoch 1/2:  32%|███▏      | 445/1407 [01:08<02:28,  6.46it/s]
BERT epoch 1/2:  32%|███▏      | 446/1407 [01:08<02:33,  6.27it/s]
BERT epoch 1/2:  32%|███▏      | 447/1407 [01:08<02:34,  6.21it/s]
BERT epoch 1/2:  32%|███▏      | 448/1407 [01:08<02:31,  6.34it/s]
BERT epoch 1/2:  32%|███▏      | 449/1407 [01:09<02:29,  6.40it/s]
BERT epoch 1/2:  32%|███▏      | 450/1407 [01:09<02:29,  6.39it/s]
BERT epoch 1/2:  32%|███▏      | 451/1407 [01:09<02:27,  6.48it/s]
BERT epoch 1/2:  32%|███▏      | 452/1407 [01:09<02:30,  6.36it/s]
BERT epoch 1/2:  32%|███▏      | 453/1407 [01:09<02:37,  6.05it/s]
BERT epoch 1/2:  32%|███▏      | 454/1407 [01:09<02:35,  6.13it/s]
BERT epoch 1/2:  32%|███▏      | 455/1407 [01:10<02:31,  6.29it/s]
BERT epoch 1/2:  32%|███▏      | 456/1407 [01:10<02:36,  6.08it/s]
BERT epoch 1/2:  32%|███▏      | 457/1407 [01:10<02:36,  6.08it/s]
BERT epoch 1/2:  33%|███▎      | 458/1407 [01:10<02:35,  6.08it/s]
BERT epoch 1/2:  33%|███▎      | 459/1407 [01:10<02:29,  6.34it/s]
BERT epoch 1/2:  33%|███▎      | 460/1407 [01:10<02:31,  6.25it/s]
BERT epoch 1/2:  33%|███▎      | 461/1407 [01:11<02:27,  6.39it/s]
BERT epoch 1/2:  33%|███▎      | 462/1407 [01:11<02:28,  6.37it/s]
BERT epoch 1/2:  33%|███▎      | 463/1407 [01:11<02:31,  6.24it/s]
BERT epoch 1/2:  33%|███▎      | 464/1407 [01:11<02:30,  6.28it/s]
BERT epoch 1/2:  33%|███▎      | 465/1407 [01:11<02:29,  6.31it/s]
BERT epoch 1/2:  33%|███▎      | 466/1407 [01:11<02:26,  6.41it/s]
BERT epoch 1/2:  33%|███▎      | 467/1407 [01:11<02:27,  6.37it/s]
BERT epoch 1/2:  33%|███▎      | 468/1407 [01:12<02:27,  6.37it/s]
BERT epoch 1/2:  33%|███▎      | 469/1407 [01:12<02:25,  6.46it/s]
BERT epoch 1/2:  33%|███▎      | 470/1407 [01:12<02:23,  6.54it/s]
BERT epoch 1/2:  33%|███▎      | 471/1407 [01:12<02:26,  6.38it/s]
BERT epoch 1/2:  34%|███▎      | 472/1407 [01:12<02:25,  6.41it/s]
BERT epoch 1/2:  34%|███▎      | 473/1407 [01:12<02:27,  6.34it/s]
BERT epoch 1/2:  34%|███▎      | 474/1407 [01:13<02:26,  6.36it/s]
BERT epoch 1/2:  34%|███▍      | 475/1407 [01:13<02:24,  6.47it/s]
BERT epoch 1/2:  34%|███▍      | 476/1407 [01:13<02:22,  6.54it/s]
BERT epoch 1/2:  34%|███▍      | 477/1407 [01:13<02:22,  6.52it/s]
BERT epoch 1/2:  34%|███▍      | 478/1407 [01:13<02:25,  6.40it/s]
BERT epoch 1/2:  34%|███▍      | 479/1407 [01:13<02:27,  6.30it/s]
BERT epoch 1/2:  34%|███▍      | 480/1407 [01:13<02:25,  6.36it/s]
BERT epoch 1/2:  34%|███▍      | 481/1407 [01:14<02:27,  6.28it/s]
BERT epoch 1/2:  34%|███▍      | 482/1407 [01:14<02:24,  6.41it/s]
BERT epoch 1/2:  34%|███▍      | 483/1407 [01:14<02:21,  6.51it/s]
BERT epoch 1/2:  34%|███▍      | 484/1407 [01:14<02:20,  6.59it/s]
BERT epoch 1/2:  34%|███▍      | 485/1407 [01:14<02:24,  6.40it/s]
BERT epoch 1/2:  35%|███▍      | 486/1407 [01:14<02:23,  6.41it/s]
BERT epoch 1/2:  35%|███▍      | 487/1407 [01:15<02:23,  6.43it/s]
BERT epoch 1/2:  35%|███▍      | 488/1407 [01:15<02:24,  6.36it/s]
BERT epoch 1/2:  35%|███▍      | 489/1407 [01:15<02:20,  6.55it/s]
BERT epoch 1/2:  35%|███▍      | 490/1407 [01:15<02:16,  6.70it/s]
BERT epoch 1/2:  35%|███▍      | 491/1407 [01:15<02:18,  6.63it/s]
BERT epoch 1/2:  35%|███▍      | 492/1407 [01:15<02:19,  6.57it/s]
BERT epoch 1/2:  35%|███▌      | 493/1407 [01:15<02:17,  6.63it/s]
BERT epoch 1/2:  35%|███▌      | 494/1407 [01:16<02:18,  6.57it/s]
BERT epoch 1/2:  35%|███▌      | 495/1407 [01:16<02:17,  6.64it/s]
BERT epoch 1/2:  35%|███▌      | 496/1407 [01:16<02:18,  6.59it/s]
BERT epoch 1/2:  35%|███▌      | 497/1407 [01:16<02:22,  6.38it/s]
BERT epoch 1/2:  35%|███▌      | 498/1407 [01:16<02:20,  6.48it/s]
BERT epoch 1/2:  35%|███▌      | 499/1407 [01:16<02:22,  6.37it/s]
BERT epoch 1/2:  36%|███▌      | 500/1407 [01:17<02:24,  6.30it/s]
BERT epoch 1/2:  36%|███▌      | 501/1407 [01:17<02:24,  6.25it/s]
BERT epoch 1/2:  36%|███▌      | 502/1407 [01:17<02:21,  6.41it/s]
BERT epoch 1/2:  36%|███▌      | 503/1407 [01:17<02:18,  6.51it/s]
BERT epoch 1/2:  36%|███▌      | 504/1407 [01:17<02:18,  6.51it/s]
BERT epoch 1/2:  36%|███▌      | 505/1407 [01:17<02:21,  6.39it/s]
BERT epoch 1/2:  36%|███▌      | 506/1407 [01:18<02:22,  6.30it/s]
BERT epoch 1/2:  36%|███▌      | 507/1407 [01:18<02:21,  6.36it/s]
BERT epoch 1/2:  36%|███▌      | 508/1407 [01:18<02:22,  6.29it/s]
BERT epoch 1/2:  36%|███▌      | 509/1407 [01:18<02:24,  6.23it/s]
BERT epoch 1/2:  36%|███▌      | 510/1407 [01:18<02:24,  6.23it/s]
BERT epoch 1/2:  36%|███▋      | 511/1407 [01:18<02:19,  6.42it/s]
BERT epoch 1/2:  36%|███▋      | 512/1407 [01:18<02:15,  6.59it/s]
BERT epoch 1/2:  36%|███▋      | 513/1407 [01:19<02:21,  6.31it/s]
BERT epoch 1/2:  37%|███▋      | 514/1407 [01:19<02:18,  6.44it/s]
BERT epoch 1/2:  37%|███▋      | 515/1407 [01:19<02:16,  6.53it/s]
BERT epoch 1/2:  37%|███▋      | 516/1407 [01:19<02:17,  6.50it/s]
BERT epoch 1/2:  37%|███▋      | 517/1407 [01:19<02:18,  6.41it/s]
BERT epoch 1/2:  37%|███▋      | 518/1407 [01:19<02:24,  6.17it/s]
BERT epoch 1/2:  37%|███▋      | 519/1407 [01:20<02:29,  5.94it/s]
BERT epoch 1/2:  37%|███▋      | 520/1407 [01:20<02:29,  5.94it/s]
BERT epoch 1/2:  37%|███▋      | 521/1407 [01:20<02:26,  6.07it/s]
BERT epoch 1/2:  37%|███▋      | 522/1407 [01:20<02:23,  6.16it/s]
BERT epoch 1/2:  37%|███▋      | 523/1407 [01:20<02:19,  6.34it/s]
BERT epoch 1/2:  37%|███▋      | 524/1407 [01:20<02:19,  6.35it/s]
BERT epoch 1/2:  37%|███▋      | 525/1407 [01:21<02:21,  6.22it/s]
BERT epoch 1/2:  37%|███▋      | 526/1407 [01:21<02:22,  6.17it/s]
BERT epoch 1/2:  37%|███▋      | 527/1407 [01:21<02:19,  6.30it/s]
BERT epoch 1/2:  38%|███▊      | 528/1407 [01:21<02:19,  6.29it/s]
BERT epoch 1/2:  38%|███▊      | 529/1407 [01:21<02:19,  6.29it/s]
BERT epoch 1/2:  38%|███▊      | 530/1407 [01:21<02:16,  6.44it/s]
BERT epoch 1/2:  38%|███▊      | 531/1407 [01:21<02:16,  6.40it/s]
BERT epoch 1/2:  38%|███▊      | 532/1407 [01:22<02:16,  6.39it/s]
BERT epoch 1/2:  38%|███▊      | 533/1407 [01:22<02:16,  6.41it/s]
BERT epoch 1/2:  38%|███▊      | 534/1407 [01:22<02:14,  6.49it/s]
BERT epoch 1/2:  38%|███▊      | 535/1407 [01:22<02:11,  6.64it/s]
BERT epoch 1/2:  38%|███▊      | 536/1407 [01:22<02:15,  6.41it/s]
BERT epoch 1/2:  38%|███▊      | 537/1407 [01:22<02:22,  6.09it/s]
BERT epoch 1/2:  38%|███▊      | 538/1407 [01:23<02:18,  6.27it/s]
BERT epoch 1/2:  38%|███▊      | 539/1407 [01:23<02:15,  6.40it/s]
BERT epoch 1/2:  38%|███▊      | 540/1407 [01:23<02:17,  6.30it/s]
BERT epoch 1/2:  38%|███▊      | 541/1407 [01:23<02:16,  6.36it/s]
BERT epoch 1/2:  39%|███▊      | 542/1407 [01:23<02:13,  6.48it/s]
BERT epoch 1/2:  39%|███▊      | 543/1407 [01:23<02:12,  6.50it/s]
BERT epoch 1/2:  39%|███▊      | 544/1407 [01:24<02:13,  6.47it/s]
BERT epoch 1/2:  39%|███▊      | 545/1407 [01:24<02:13,  6.47it/s]
BERT epoch 1/2:  39%|███▉      | 546/1407 [01:24<02:15,  6.33it/s]
BERT epoch 1/2:  39%|███▉      | 547/1407 [01:24<02:17,  6.27it/s]
BERT epoch 1/2:  39%|███▉      | 548/1407 [01:24<02:13,  6.43it/s]
BERT epoch 1/2:  39%|███▉      | 549/1407 [01:24<02:13,  6.43it/s]
BERT epoch 1/2:  39%|███▉      | 550/1407 [01:24<02:09,  6.62it/s]
BERT epoch 1/2:  39%|███▉      | 551/1407 [01:25<02:09,  6.59it/s]
BERT epoch 1/2:  39%|███▉      | 552/1407 [01:25<02:10,  6.56it/s]
BERT epoch 1/2:  39%|███▉      | 553/1407 [01:25<02:13,  6.42it/s]
BERT epoch 1/2:  39%|███▉      | 554/1407 [01:25<02:11,  6.51it/s]
BERT epoch 1/2:  39%|███▉      | 555/1407 [01:25<02:09,  6.58it/s]
BERT epoch 1/2:  40%|███▉      | 556/1407 [01:25<02:08,  6.63it/s]
BERT epoch 1/2:  40%|███▉      | 557/1407 [01:26<02:09,  6.59it/s]
BERT epoch 1/2:  40%|███▉      | 558/1407 [01:26<02:09,  6.54it/s]
BERT epoch 1/2:  40%|███▉      | 559/1407 [01:26<02:08,  6.60it/s]
BERT epoch 1/2:  40%|███▉      | 560/1407 [01:26<02:11,  6.42it/s]
BERT epoch 1/2:  40%|███▉      | 561/1407 [01:26<02:13,  6.33it/s]
BERT epoch 1/2:  40%|███▉      | 562/1407 [01:26<02:15,  6.23it/s]
BERT epoch 1/2:  40%|████      | 563/1407 [01:26<02:11,  6.40it/s]
BERT epoch 1/2:  40%|████      | 564/1407 [01:27<02:09,  6.51it/s]
BERT epoch 1/2:  40%|████      | 565/1407 [01:27<02:09,  6.52it/s]
BERT epoch 1/2:  40%|████      | 566/1407 [01:27<02:11,  6.39it/s]
BERT epoch 1/2:  40%|████      | 567/1407 [01:27<02:13,  6.28it/s]
BERT epoch 1/2:  40%|████      | 568/1407 [01:27<02:11,  6.40it/s]
BERT epoch 1/2:  40%|████      | 569/1407 [01:27<02:08,  6.50it/s]
BERT epoch 1/2:  41%|████      | 570/1407 [01:28<02:09,  6.46it/s]
BERT epoch 1/2:  41%|████      | 571/1407 [01:28<02:09,  6.44it/s]
BERT epoch 1/2:  41%|████      | 572/1407 [01:28<02:09,  6.47it/s]
BERT epoch 1/2:  41%|████      | 573/1407 [01:28<02:09,  6.45it/s]
BERT epoch 1/2:  41%|████      | 574/1407 [01:28<02:07,  6.56it/s]
BERT epoch 1/2:  41%|████      | 575/1407 [01:28<02:09,  6.41it/s]
BERT epoch 1/2:  41%|████      | 576/1407 [01:28<02:07,  6.53it/s]
BERT epoch 1/2:  41%|████      | 577/1407 [01:29<02:09,  6.41it/s]
BERT epoch 1/2:  41%|████      | 578/1407 [01:29<02:12,  6.27it/s]
BERT epoch 1/2:  41%|████      | 579/1407 [01:29<02:09,  6.42it/s]
BERT epoch 1/2:  41%|████      | 580/1407 [01:29<02:07,  6.49it/s]
BERT epoch 1/2:  41%|████▏     | 581/1407 [01:29<02:09,  6.35it/s]
BERT epoch 1/2:  41%|████▏     | 582/1407 [01:29<02:09,  6.39it/s]
BERT epoch 1/2:  41%|████▏     | 583/1407 [01:30<02:11,  6.28it/s]
BERT epoch 1/2:  42%|████▏     | 584/1407 [01:30<02:08,  6.41it/s]
BERT epoch 1/2:  42%|████▏     | 585/1407 [01:30<02:10,  6.28it/s]
BERT epoch 1/2:  42%|████▏     | 586/1407 [01:30<02:09,  6.32it/s]
BERT epoch 1/2:  42%|████▏     | 587/1407 [01:30<02:11,  6.22it/s]
BERT epoch 1/2:  42%|████▏     | 588/1407 [01:30<02:11,  6.25it/s]
BERT epoch 1/2:  42%|████▏     | 589/1407 [01:31<02:08,  6.37it/s]
BERT epoch 1/2:  42%|████▏     | 590/1407 [01:31<02:11,  6.23it/s]
BERT epoch 1/2:  42%|████▏     | 591/1407 [01:31<02:10,  6.23it/s]
BERT epoch 1/2:  42%|████▏     | 592/1407 [01:31<02:17,  5.91it/s]
BERT epoch 1/2:  42%|████▏     | 593/1407 [01:31<02:18,  5.86it/s]
BERT epoch 1/2:  42%|████▏     | 594/1407 [01:31<02:15,  5.98it/s]
BERT epoch 1/2:  42%|████▏     | 595/1407 [01:32<02:19,  5.83it/s]
BERT epoch 1/2:  42%|████▏     | 596/1407 [01:32<02:21,  5.74it/s]
BERT epoch 1/2:  42%|████▏     | 597/1407 [01:32<02:19,  5.81it/s]
BERT epoch 1/2:  43%|████▎     | 598/1407 [01:32<02:16,  5.94it/s]
BERT epoch 1/2:  43%|████▎     | 599/1407 [01:32<02:15,  5.97it/s]
BERT epoch 1/2:  43%|████▎     | 600/1407 [01:32<02:15,  5.98it/s]
BERT epoch 1/2:  43%|████▎     | 601/1407 [01:33<02:19,  5.77it/s]
BERT epoch 1/2:  43%|████▎     | 602/1407 [01:33<02:15,  5.92it/s]
BERT epoch 1/2:  43%|████▎     | 603/1407 [01:33<02:12,  6.05it/s]
BERT epoch 1/2:  43%|████▎     | 604/1407 [01:33<02:12,  6.05it/s]
BERT epoch 1/2:  43%|████▎     | 605/1407 [01:33<02:12,  6.05it/s]
BERT epoch 1/2:  43%|████▎     | 606/1407 [01:33<02:17,  5.84it/s]
BERT epoch 1/2:  43%|████▎     | 607/1407 [01:34<02:14,  5.94it/s]
BERT epoch 1/2:  43%|████▎     | 608/1407 [01:34<02:12,  6.05it/s]
BERT epoch 1/2:  43%|████▎     | 609/1407 [01:34<02:10,  6.12it/s]
BERT epoch 1/2:  43%|████▎     | 610/1407 [01:34<02:11,  6.05it/s]
BERT epoch 1/2:  43%|████▎     | 611/1407 [01:34<02:12,  6.02it/s]
BERT epoch 1/2:  43%|████▎     | 612/1407 [01:34<02:12,  6.01it/s]
BERT epoch 1/2:  44%|████▎     | 613/1407 [01:35<02:08,  6.17it/s]
BERT epoch 1/2:  44%|████▎     | 614/1407 [01:35<02:07,  6.23it/s]
BERT epoch 1/2:  44%|████▎     | 615/1407 [01:35<02:08,  6.17it/s]
BERT epoch 1/2:  44%|████▍     | 616/1407 [01:35<02:09,  6.12it/s]
BERT epoch 1/2:  44%|████▍     | 617/1407 [01:35<02:05,  6.28it/s]
BERT epoch 1/2:  44%|████▍     | 618/1407 [01:35<02:04,  6.32it/s]
BERT epoch 1/2:  44%|████▍     | 619/1407 [01:36<02:06,  6.23it/s]
BERT epoch 1/2:  44%|████▍     | 620/1407 [01:36<02:05,  6.27it/s]
BERT epoch 1/2:  44%|████▍     | 621/1407 [01:36<02:04,  6.33it/s]
BERT epoch 1/2:  44%|████▍     | 622/1407 [01:36<02:06,  6.22it/s]
BERT epoch 1/2:  44%|████▍     | 623/1407 [01:36<02:03,  6.35it/s]
BERT epoch 1/2:  44%|████▍     | 624/1407 [01:36<02:02,  6.37it/s]
BERT epoch 1/2:  44%|████▍     | 625/1407 [01:36<02:00,  6.48it/s]
BERT epoch 1/2:  44%|████▍     | 626/1407 [01:37<02:03,  6.32it/s]
BERT epoch 1/2:  45%|████▍     | 627/1407 [01:37<02:03,  6.34it/s]
BERT epoch 1/2:  45%|████▍     | 628/1407 [01:37<02:05,  6.20it/s]
BERT epoch 1/2:  45%|████▍     | 629/1407 [01:37<02:04,  6.27it/s]
BERT epoch 1/2:  45%|████▍     | 630/1407 [01:37<02:05,  6.20it/s]
BERT epoch 1/2:  45%|████▍     | 631/1407 [01:37<02:03,  6.27it/s]
BERT epoch 1/2:  45%|████▍     | 632/1407 [01:38<02:01,  6.38it/s]
BERT epoch 1/2:  45%|████▍     | 633/1407 [01:38<01:59,  6.48it/s]
BERT epoch 1/2:  45%|████▌     | 634/1407 [01:38<02:00,  6.44it/s]
BERT epoch 1/2:  45%|████▌     | 635/1407 [01:38<02:00,  6.43it/s]
BERT epoch 1/2:  45%|████▌     | 636/1407 [01:38<01:58,  6.51it/s]
BERT epoch 1/2:  45%|████▌     | 637/1407 [01:38<02:02,  6.27it/s]
BERT epoch 1/2:  45%|████▌     | 638/1407 [01:39<02:02,  6.29it/s]
BERT epoch 1/2:  45%|████▌     | 639/1407 [01:39<02:08,  5.98it/s]
BERT epoch 1/2:  45%|████▌     | 640/1407 [01:39<02:08,  5.96it/s]
BERT epoch 1/2:  46%|████▌     | 641/1407 [01:39<02:06,  6.04it/s]
BERT epoch 1/2:  46%|████▌     | 642/1407 [01:39<02:05,  6.10it/s]
BERT epoch 1/2:  46%|████▌     | 643/1407 [01:39<02:06,  6.02it/s]
BERT epoch 1/2:  46%|████▌     | 644/1407 [01:40<02:04,  6.11it/s]
BERT epoch 1/2:  46%|████▌     | 645/1407 [01:40<02:03,  6.17it/s]
BERT epoch 1/2:  46%|████▌     | 646/1407 [01:40<02:00,  6.30it/s]
BERT epoch 1/2:  46%|████▌     | 647/1407 [01:40<02:01,  6.24it/s]
BERT epoch 1/2:  46%|████▌     | 648/1407 [01:40<01:58,  6.38it/s]
BERT epoch 1/2:  46%|████▌     | 649/1407 [01:40<01:58,  6.39it/s]
BERT epoch 1/2:  46%|████▌     | 650/1407 [01:40<01:56,  6.47it/s]
BERT epoch 1/2:  46%|████▋     | 651/1407 [01:41<02:00,  6.27it/s]
BERT epoch 1/2:  46%|████▋     | 652/1407 [01:41<02:03,  6.13it/s]
BERT epoch 1/2:  46%|████▋     | 653/1407 [01:41<02:00,  6.26it/s]
BERT epoch 1/2:  46%|████▋     | 654/1407 [01:41<02:02,  6.13it/s]
BERT epoch 1/2:  47%|████▋     | 655/1407 [01:41<02:01,  6.19it/s]
BERT epoch 1/2:  47%|████▋     | 656/1407 [01:41<02:03,  6.09it/s]
BERT epoch 1/2:  47%|████▋     | 657/1407 [01:42<02:03,  6.06it/s]
BERT epoch 1/2:  47%|████▋     | 658/1407 [01:42<02:01,  6.16it/s]
BERT epoch 1/2:  47%|████▋     | 659/1407 [01:42<02:02,  6.12it/s]
BERT epoch 1/2:  47%|████▋     | 660/1407 [01:42<01:59,  6.27it/s]
BERT epoch 1/2:  47%|████▋     | 661/1407 [01:42<01:56,  6.41it/s]
BERT epoch 1/2:  47%|████▋     | 662/1407 [01:42<01:55,  6.45it/s]
BERT epoch 1/2:  47%|████▋     | 663/1407 [01:43<01:58,  6.29it/s]
BERT epoch 1/2:  47%|████▋     | 664/1407 [01:43<02:04,  5.98it/s]
BERT epoch 1/2:  47%|████▋     | 665/1407 [01:43<02:04,  5.94it/s]
BERT epoch 1/2:  47%|████▋     | 666/1407 [01:43<02:02,  6.04it/s]
BERT epoch 1/2:  47%|████▋     | 667/1407 [01:43<01:58,  6.23it/s]
BERT epoch 1/2:  47%|████▋     | 668/1407 [01:43<01:55,  6.37it/s]
BERT epoch 1/2:  48%|████▊     | 669/1407 [01:44<01:55,  6.39it/s]
BERT epoch 1/2:  48%|████▊     | 670/1407 [01:44<01:56,  6.30it/s]
BERT epoch 1/2:  48%|████▊     | 671/1407 [01:44<01:55,  6.34it/s]
BERT epoch 1/2:  48%|████▊     | 672/1407 [01:44<01:57,  6.23it/s]
BERT epoch 1/2:  48%|████▊     | 673/1407 [01:44<01:56,  6.29it/s]
BERT epoch 1/2:  48%|████▊     | 674/1407 [01:44<01:54,  6.38it/s]
BERT epoch 1/2:  48%|████▊     | 675/1407 [01:44<01:57,  6.22it/s]
BERT epoch 1/2:  48%|████▊     | 676/1407 [01:45<01:58,  6.15it/s]
BERT epoch 1/2:  48%|████▊     | 677/1407 [01:45<02:00,  6.07it/s]
BERT epoch 1/2:  48%|████▊     | 678/1407 [01:45<01:59,  6.12it/s]
BERT epoch 1/2:  48%|████▊     | 679/1407 [01:45<02:01,  6.00it/s]
BERT epoch 1/2:  48%|████▊     | 680/1407 [01:45<01:59,  6.06it/s]
BERT epoch 1/2:  48%|████▊     | 681/1407 [01:45<01:55,  6.27it/s]
BERT epoch 1/2:  48%|████▊     | 682/1407 [01:46<01:53,  6.36it/s]
BERT epoch 1/2:  49%|████▊     | 683/1407 [01:46<01:54,  6.34it/s]
BERT epoch 1/2:  49%|████▊     | 684/1407 [01:46<01:52,  6.45it/s]
BERT epoch 1/2:  49%|████▊     | 685/1407 [01:46<01:51,  6.49it/s]
BERT epoch 1/2:  49%|████▉     | 686/1407 [01:46<01:51,  6.49it/s]
BERT epoch 1/2:  49%|████▉     | 687/1407 [01:46<01:48,  6.63it/s]
BERT epoch 1/2:  49%|████▉     | 688/1407 [01:47<01:51,  6.46it/s]
BERT epoch 1/2:  49%|████▉     | 689/1407 [01:47<01:50,  6.53it/s]
BERT epoch 1/2:  49%|████▉     | 690/1407 [01:47<01:55,  6.21it/s]
BERT epoch 1/2:  49%|████▉     | 691/1407 [01:47<01:55,  6.22it/s]
BERT epoch 1/2:  49%|████▉     | 692/1407 [01:47<01:54,  6.23it/s]
BERT epoch 1/2:  49%|████▉     | 693/1407 [01:47<01:56,  6.12it/s]
BERT epoch 1/2:  49%|████▉     | 694/1407 [01:47<01:54,  6.21it/s]
BERT epoch 1/2:  49%|████▉     | 695/1407 [01:48<01:56,  6.11it/s]
BERT epoch 1/2:  49%|████▉     | 696/1407 [01:48<01:54,  6.22it/s]
BERT epoch 1/2:  50%|████▉     | 697/1407 [01:48<01:56,  6.11it/s]
BERT epoch 1/2:  50%|████▉     | 698/1407 [01:48<01:52,  6.31it/s]
BERT epoch 1/2:  50%|████▉     | 699/1407 [01:48<01:54,  6.17it/s]
BERT epoch 1/2:  50%|████▉     | 700/1407 [01:48<01:53,  6.22it/s]
BERT epoch 1/2:  50%|████▉     | 701/1407 [01:49<01:52,  6.26it/s]
BERT epoch 1/2:  50%|████▉     | 702/1407 [01:49<01:56,  6.07it/s]
BERT epoch 1/2:  50%|████▉     | 703/1407 [01:49<01:56,  6.07it/s]
BERT epoch 1/2:  50%|█████     | 704/1407 [01:49<01:53,  6.17it/s]
BERT epoch 1/2:  50%|█████     | 705/1407 [01:49<01:50,  6.34it/s]
BERT epoch 1/2:  50%|█████     | 706/1407 [01:49<01:48,  6.46it/s]
BERT epoch 1/2:  50%|█████     | 707/1407 [01:50<01:50,  6.32it/s]
BERT epoch 1/2:  50%|█████     | 708/1407 [01:50<01:47,  6.52it/s]
BERT epoch 1/2:  50%|█████     | 709/1407 [01:50<01:47,  6.50it/s]
BERT epoch 1/2:  50%|█████     | 710/1407 [01:50<01:49,  6.37it/s]
BERT epoch 1/2:  51%|█████     | 711/1407 [01:50<01:51,  6.24it/s]
BERT epoch 1/2:  51%|█████     | 712/1407 [01:50<01:52,  6.16it/s]
BERT epoch 1/2:  51%|█████     | 713/1407 [01:51<01:53,  6.13it/s]
BERT epoch 1/2:  51%|█████     | 714/1407 [01:51<01:51,  6.21it/s]
BERT epoch 1/2:  51%|█████     | 715/1407 [01:51<01:49,  6.30it/s]
BERT epoch 1/2:  51%|█████     | 716/1407 [01:51<01:49,  6.32it/s]
BERT epoch 1/2:  51%|█████     | 717/1407 [01:51<01:49,  6.33it/s]
BERT epoch 1/2:  51%|█████     | 718/1407 [01:51<01:49,  6.26it/s]
BERT epoch 1/2:  51%|█████     | 719/1407 [01:51<01:49,  6.31it/s]
BERT epoch 1/2:  51%|█████     | 720/1407 [01:52<01:46,  6.45it/s]
BERT epoch 1/2:  51%|█████     | 721/1407 [01:52<01:48,  6.32it/s]
BERT epoch 1/2:  51%|█████▏    | 722/1407 [01:52<01:47,  6.37it/s]
BERT epoch 1/2:  51%|█████▏    | 723/1407 [01:52<01:47,  6.39it/s]
BERT epoch 1/2:  51%|█████▏    | 724/1407 [01:52<01:52,  6.07it/s]
BERT epoch 1/2:  52%|█████▏    | 725/1407 [01:52<01:53,  6.03it/s]
BERT epoch 1/2:  52%|█████▏    | 726/1407 [01:53<01:49,  6.22it/s]
BERT epoch 1/2:  52%|█████▏    | 727/1407 [01:53<01:46,  6.36it/s]
BERT epoch 1/2:  52%|█████▏    | 728/1407 [01:53<01:44,  6.47it/s]
BERT epoch 1/2:  52%|█████▏    | 729/1407 [01:53<01:43,  6.58it/s]
BERT epoch 1/2:  52%|█████▏    | 730/1407 [01:53<01:42,  6.62it/s]
BERT epoch 1/2:  52%|█████▏    | 731/1407 [01:53<01:42,  6.58it/s]
BERT epoch 1/2:  52%|█████▏    | 732/1407 [01:54<01:43,  6.55it/s]
BERT epoch 1/2:  52%|█████▏    | 733/1407 [01:54<01:45,  6.41it/s]
BERT epoch 1/2:  52%|█████▏    | 734/1407 [01:54<01:44,  6.44it/s]
BERT epoch 1/2:  52%|█████▏    | 735/1407 [01:54<01:43,  6.50it/s]
BERT epoch 1/2:  52%|█████▏    | 736/1407 [01:54<01:43,  6.50it/s]
BERT epoch 1/2:  52%|█████▏    | 737/1407 [01:54<01:43,  6.50it/s]
BERT epoch 1/2:  52%|█████▏    | 738/1407 [01:54<01:44,  6.38it/s]
BERT epoch 1/2:  53%|█████▎    | 739/1407 [01:55<01:46,  6.27it/s]
BERT epoch 1/2:  53%|█████▎    | 740/1407 [01:55<01:45,  6.33it/s]
BERT epoch 1/2:  53%|█████▎    | 741/1407 [01:55<01:46,  6.28it/s]
BERT epoch 1/2:  53%|█████▎    | 742/1407 [01:55<01:50,  6.02it/s]
BERT epoch 1/2:  53%|█████▎    | 743/1407 [01:55<01:47,  6.16it/s]
BERT epoch 1/2:  53%|█████▎    | 744/1407 [01:55<01:45,  6.27it/s]
BERT epoch 1/2:  53%|█████▎    | 745/1407 [01:56<01:42,  6.44it/s]
BERT epoch 1/2:  53%|█████▎    | 746/1407 [01:56<01:43,  6.36it/s]
BERT epoch 1/2:  53%|█████▎    | 747/1407 [01:56<01:43,  6.40it/s]
BERT epoch 1/2:  53%|█████▎    | 748/1407 [01:56<01:40,  6.53it/s]
BERT epoch 1/2:  53%|█████▎    | 749/1407 [01:56<01:39,  6.63it/s]
BERT epoch 1/2:  53%|█████▎    | 750/1407 [01:56<01:39,  6.63it/s]
BERT epoch 1/2:  53%|█████▎    | 751/1407 [01:56<01:42,  6.41it/s]
BERT epoch 1/2:  53%|█████▎    | 752/1407 [01:57<01:45,  6.20it/s]
BERT epoch 1/2:  54%|█████▎    | 753/1407 [01:57<01:46,  6.14it/s]
BERT epoch 1/2:  54%|█████▎    | 754/1407 [01:57<01:48,  6.00it/s]
BERT epoch 1/2:  54%|█████▎    | 755/1407 [01:57<01:46,  6.12it/s]
BERT epoch 1/2:  54%|█████▎    | 756/1407 [01:57<01:44,  6.21it/s]
BERT epoch 1/2:  54%|█████▍    | 757/1407 [01:57<01:43,  6.26it/s]
BERT epoch 1/2:  54%|█████▍    | 758/1407 [01:58<01:41,  6.40it/s]
BERT epoch 1/2:  54%|█████▍    | 759/1407 [01:58<01:39,  6.54it/s]
BERT epoch 1/2:  54%|█████▍    | 760/1407 [01:58<01:41,  6.37it/s]
BERT epoch 1/2:  54%|█████▍    | 761/1407 [01:58<01:40,  6.40it/s]
BERT epoch 1/2:  54%|█████▍    | 762/1407 [01:58<01:40,  6.42it/s]
BERT epoch 1/2:  54%|█████▍    | 763/1407 [01:58<01:40,  6.43it/s]
BERT epoch 1/2:  54%|█████▍    | 764/1407 [01:59<01:39,  6.43it/s]
BERT epoch 1/2:  54%|█████▍    | 765/1407 [01:59<01:39,  6.44it/s]
BERT epoch 1/2:  54%|█████▍    | 766/1407 [01:59<01:39,  6.44it/s]
BERT epoch 1/2:  55%|█████▍    | 767/1407 [01:59<01:39,  6.46it/s]
BERT epoch 1/2:  55%|█████▍    | 768/1407 [01:59<01:40,  6.34it/s]
BERT epoch 1/2:  55%|█████▍    | 769/1407 [01:59<01:38,  6.46it/s]
BERT epoch 1/2:  55%|█████▍    | 770/1407 [01:59<01:40,  6.35it/s]
BERT epoch 1/2:  55%|█████▍    | 771/1407 [02:00<01:39,  6.37it/s]
BERT epoch 1/2:  55%|█████▍    | 772/1407 [02:00<01:41,  6.23it/s]
BERT epoch 1/2:  55%|█████▍    | 773/1407 [02:00<01:39,  6.37it/s]
BERT epoch 1/2:  55%|█████▌    | 774/1407 [02:00<01:41,  6.26it/s]
BERT epoch 1/2:  55%|█████▌    | 775/1407 [02:00<01:45,  5.98it/s]
BERT epoch 1/2:  55%|█████▌    | 776/1407 [02:00<01:44,  6.02it/s]
BERT epoch 1/2:  55%|█████▌    | 777/1407 [02:01<01:43,  6.11it/s]
BERT epoch 1/2:  55%|█████▌    | 778/1407 [02:01<01:40,  6.28it/s]
BERT epoch 1/2:  55%|█████▌    | 779/1407 [02:01<01:39,  6.33it/s]
BERT epoch 1/2:  55%|█████▌    | 780/1407 [02:01<01:37,  6.42it/s]
BERT epoch 1/2:  56%|█████▌    | 781/1407 [02:01<01:35,  6.53it/s]
BERT epoch 1/2:  56%|█████▌    | 782/1407 [02:01<01:36,  6.50it/s]
BERT epoch 1/2:  56%|█████▌    | 783/1407 [02:02<01:33,  6.65it/s]
BERT epoch 1/2:  56%|█████▌    | 784/1407 [02:02<01:33,  6.66it/s]
BERT epoch 1/2:  56%|█████▌    | 785/1407 [02:02<01:33,  6.67it/s]
BERT epoch 1/2:  56%|█████▌    | 786/1407 [02:02<01:34,  6.59it/s]
BERT epoch 1/2:  56%|█████▌    | 787/1407 [02:02<01:34,  6.56it/s]
BERT epoch 1/2:  56%|█████▌    | 788/1407 [02:02<01:33,  6.62it/s]
BERT epoch 1/2:  56%|█████▌    | 789/1407 [02:02<01:32,  6.65it/s]
BERT epoch 1/2:  56%|█████▌    | 790/1407 [02:03<01:33,  6.59it/s]
BERT epoch 1/2:  56%|█████▌    | 791/1407 [02:03<01:34,  6.52it/s]
BERT epoch 1/2:  56%|█████▋    | 792/1407 [02:03<01:33,  6.57it/s]
BERT epoch 1/2:  56%|█████▋    | 793/1407 [02:03<01:34,  6.53it/s]
BERT epoch 1/2:  56%|█████▋    | 794/1407 [02:03<01:33,  6.59it/s]
BERT epoch 1/2:  57%|█████▋    | 795/1407 [02:03<01:33,  6.53it/s]
BERT epoch 1/2:  57%|█████▋    | 796/1407 [02:04<01:34,  6.46it/s]
BERT epoch 1/2:  57%|█████▋    | 797/1407 [02:04<01:34,  6.45it/s]
BERT epoch 1/2:  57%|█████▋    | 798/1407 [02:04<01:38,  6.20it/s]
BERT epoch 1/2:  57%|█████▋    | 799/1407 [02:04<01:36,  6.28it/s]
BERT epoch 1/2:  57%|█████▋    | 800/1407 [02:04<01:34,  6.42it/s]
BERT epoch 1/2:  57%|█████▋    | 801/1407 [02:04<01:36,  6.30it/s]
BERT epoch 1/2:  57%|█████▋    | 802/1407 [02:04<01:35,  6.35it/s]
BERT epoch 1/2:  57%|█████▋    | 803/1407 [02:05<01:36,  6.23it/s]
BERT epoch 1/2:  57%|█████▋    | 804/1407 [02:05<01:35,  6.30it/s]
BERT epoch 1/2:  57%|█████▋    | 805/1407 [02:05<01:34,  6.36it/s]
BERT epoch 1/2:  57%|█████▋    | 806/1407 [02:05<01:33,  6.40it/s]
BERT epoch 1/2:  57%|█████▋    | 807/1407 [02:05<01:33,  6.44it/s]
BERT epoch 1/2:  57%|█████▋    | 808/1407 [02:05<01:34,  6.37it/s]
BERT epoch 1/2:  57%|█████▋    | 809/1407 [02:06<01:33,  6.40it/s]
BERT epoch 1/2:  58%|█████▊    | 810/1407 [02:06<01:31,  6.51it/s]
BERT epoch 1/2:  58%|█████▊    | 811/1407 [02:06<01:33,  6.35it/s]
BERT epoch 1/2:  58%|█████▊    | 812/1407 [02:06<01:33,  6.38it/s]
BERT epoch 1/2:  58%|█████▊    | 813/1407 [02:06<01:31,  6.49it/s]
BERT epoch 1/2:  58%|█████▊    | 814/1407 [02:06<01:33,  6.37it/s]
BERT epoch 1/2:  58%|█████▊    | 815/1407 [02:07<01:34,  6.25it/s]
BERT epoch 1/2:  58%|█████▊    | 816/1407 [02:07<01:33,  6.29it/s]
BERT epoch 1/2:  58%|█████▊    | 817/1407 [02:07<01:35,  6.19it/s]
BERT epoch 1/2:  58%|█████▊    | 818/1407 [02:07<01:33,  6.29it/s]
BERT epoch 1/2:  58%|█████▊    | 819/1407 [02:07<01:32,  6.38it/s]
BERT epoch 1/2:  58%|█████▊    | 820/1407 [02:07<01:36,  6.11it/s]
BERT epoch 1/2:  58%|█████▊    | 821/1407 [02:07<01:33,  6.26it/s]
BERT epoch 1/2:  58%|█████▊    | 822/1407 [02:08<01:35,  6.14it/s]
BERT epoch 1/2:  58%|█████▊    | 823/1407 [02:08<01:36,  6.07it/s]
BERT epoch 1/2:  59%|█████▊    | 824/1407 [02:08<01:38,  5.91it/s]
BERT epoch 1/2:  59%|█████▊    | 825/1407 [02:08<01:35,  6.11it/s]
BERT epoch 1/2:  59%|█████▊    | 826/1407 [02:08<01:35,  6.09it/s]
BERT epoch 1/2:  59%|█████▉    | 827/1407 [02:08<01:32,  6.25it/s]
BERT epoch 1/2:  59%|█████▉    | 828/1407 [02:09<01:30,  6.39it/s]
BERT epoch 1/2:  59%|█████▉    | 829/1407 [02:09<01:29,  6.42it/s]
BERT epoch 1/2:  59%|█████▉    | 830/1407 [02:09<01:31,  6.32it/s]
BERT epoch 1/2:  59%|█████▉    | 831/1407 [02:09<01:31,  6.33it/s]
BERT epoch 1/2:  59%|█████▉    | 832/1407 [02:09<01:29,  6.43it/s]
BERT epoch 1/2:  59%|█████▉    | 833/1407 [02:09<01:30,  6.32it/s]
BERT epoch 1/2:  59%|█████▉    | 834/1407 [02:10<01:30,  6.35it/s]
BERT epoch 1/2:  59%|█████▉    | 835/1407 [02:10<01:31,  6.26it/s]
BERT epoch 1/2:  59%|█████▉    | 836/1407 [02:10<01:32,  6.19it/s]
BERT epoch 1/2:  59%|█████▉    | 837/1407 [02:10<01:31,  6.24it/s]
BERT epoch 1/2:  60%|█████▉    | 838/1407 [02:10<01:30,  6.30it/s]
BERT epoch 1/2:  60%|█████▉    | 839/1407 [02:10<01:28,  6.41it/s]
BERT epoch 1/2:  60%|█████▉    | 840/1407 [02:11<01:27,  6.50it/s]
BERT epoch 1/2:  60%|█████▉    | 841/1407 [02:11<01:29,  6.32it/s]
BERT epoch 1/2:  60%|█████▉    | 842/1407 [02:11<01:27,  6.45it/s]
BERT epoch 1/2:  60%|█████▉    | 843/1407 [02:11<01:27,  6.44it/s]
BERT epoch 1/2:  60%|█████▉    | 844/1407 [02:11<01:27,  6.41it/s]
BERT epoch 1/2:  60%|██████    | 845/1407 [02:11<01:27,  6.43it/s]
BERT epoch 1/2:  60%|██████    | 846/1407 [02:11<01:29,  6.30it/s]
BERT epoch 1/2:  60%|██████    | 847/1407 [02:12<01:27,  6.41it/s]
BERT epoch 1/2:  60%|██████    | 848/1407 [02:12<01:30,  6.17it/s]
BERT epoch 1/2:  60%|██████    | 849/1407 [02:12<01:30,  6.13it/s]
BERT epoch 1/2:  60%|██████    | 850/1407 [02:12<01:29,  6.23it/s]
BERT epoch 1/2:  60%|██████    | 851/1407 [02:12<01:28,  6.27it/s]
BERT epoch 1/2:  61%|██████    | 852/1407 [02:12<01:26,  6.43it/s]
BERT epoch 1/2:  61%|██████    | 853/1407 [02:13<01:26,  6.43it/s]
BERT epoch 1/2:  61%|██████    | 854/1407 [02:13<01:27,  6.30it/s]
BERT epoch 1/2:  61%|██████    | 855/1407 [02:13<01:26,  6.36it/s]
BERT epoch 1/2:  61%|██████    | 856/1407 [02:13<01:26,  6.40it/s]
BERT epoch 1/2:  61%|██████    | 857/1407 [02:13<01:27,  6.32it/s]
BERT epoch 1/2:  61%|██████    | 858/1407 [02:13<01:30,  6.08it/s]
BERT epoch 1/2:  61%|██████    | 859/1407 [02:14<01:28,  6.20it/s]
BERT epoch 1/2:  61%|██████    | 860/1407 [02:14<01:25,  6.42it/s]
BERT epoch 1/2:  61%|██████    | 861/1407 [02:14<01:24,  6.49it/s]
BERT epoch 1/2:  61%|██████▏   | 862/1407 [02:14<01:21,  6.70it/s]
BERT epoch 1/2:  61%|██████▏   | 863/1407 [02:14<01:23,  6.55it/s]
BERT epoch 1/2:  61%|██████▏   | 864/1407 [02:14<01:22,  6.60it/s]
BERT epoch 1/2:  61%|██████▏   | 865/1407 [02:14<01:21,  6.63it/s]
BERT epoch 1/2:  62%|██████▏   | 866/1407 [02:15<01:21,  6.65it/s]
BERT epoch 1/2:  62%|██████▏   | 867/1407 [02:15<01:22,  6.55it/s]
BERT epoch 1/2:  62%|██████▏   | 868/1407 [02:15<01:23,  6.46it/s]
BERT epoch 1/2:  62%|██████▏   | 869/1407 [02:15<01:23,  6.44it/s]
BERT epoch 1/2:  62%|██████▏   | 870/1407 [02:15<01:24,  6.35it/s]
BERT epoch 1/2:  62%|██████▏   | 871/1407 [02:15<01:24,  6.34it/s]
BERT epoch 1/2:  62%|██████▏   | 872/1407 [02:16<01:26,  6.15it/s]
BERT epoch 1/2:  62%|██████▏   | 873/1407 [02:16<01:27,  6.08it/s]
BERT epoch 1/2:  62%|██████▏   | 874/1407 [02:16<01:27,  6.06it/s]
BERT epoch 1/2:  62%|██████▏   | 875/1407 [02:16<01:29,  5.93it/s]
BERT epoch 1/2:  62%|██████▏   | 876/1407 [02:16<01:27,  6.05it/s]
BERT epoch 1/2:  62%|██████▏   | 877/1407 [02:16<01:30,  5.84it/s]
BERT epoch 1/2:  62%|██████▏   | 878/1407 [02:17<01:31,  5.78it/s]
BERT epoch 1/2:  62%|██████▏   | 879/1407 [02:17<01:31,  5.78it/s]
BERT epoch 1/2:  63%|██████▎   | 880/1407 [02:17<01:32,  5.71it/s]
BERT epoch 1/2:  63%|██████▎   | 881/1407 [02:17<01:30,  5.81it/s]
BERT epoch 1/2:  63%|██████▎   | 882/1407 [02:17<01:32,  5.70it/s]
BERT epoch 1/2:  63%|██████▎   | 883/1407 [02:17<01:35,  5.51it/s]
BERT epoch 1/2:  63%|██████▎   | 884/1407 [02:18<01:36,  5.43it/s]
BERT epoch 1/2:  63%|██████▎   | 885/1407 [02:18<01:35,  5.49it/s]
BERT epoch 1/2:  63%|██████▎   | 886/1407 [02:18<01:33,  5.57it/s]
BERT epoch 1/2:  63%|██████▎   | 887/1407 [02:18<01:31,  5.66it/s]
BERT epoch 1/2:  63%|██████▎   | 888/1407 [02:18<01:30,  5.76it/s]
BERT epoch 1/2:  63%|██████▎   | 889/1407 [02:19<01:28,  5.86it/s]
BERT epoch 1/2:  63%|██████▎   | 890/1407 [02:19<01:27,  5.91it/s]
BERT epoch 1/2:  63%|██████▎   | 891/1407 [02:19<01:26,  5.99it/s]
BERT epoch 1/2:  63%|██████▎   | 892/1407 [02:19<01:26,  5.97it/s]
BERT epoch 1/2:  63%|██████▎   | 893/1407 [02:19<01:24,  6.05it/s]
BERT epoch 1/2:  64%|██████▎   | 894/1407 [02:19<01:23,  6.13it/s]
BERT epoch 1/2:  64%|██████▎   | 895/1407 [02:19<01:24,  6.07it/s]
BERT epoch 1/2:  64%|██████▎   | 896/1407 [02:20<01:24,  6.05it/s]
BERT epoch 1/2:  64%|██████▍   | 897/1407 [02:20<01:23,  6.14it/s]
BERT epoch 1/2:  64%|██████▍   | 898/1407 [02:20<01:22,  6.15it/s]
BERT epoch 1/2:  64%|██████▍   | 899/1407 [02:20<01:24,  5.98it/s]
BERT epoch 1/2:  64%|██████▍   | 900/1407 [02:20<01:23,  6.11it/s]
BERT epoch 1/2:  64%|██████▍   | 901/1407 [02:20<01:22,  6.12it/s]
BERT epoch 1/2:  64%|██████▍   | 902/1407 [02:21<01:24,  6.00it/s]
BERT epoch 1/2:  64%|██████▍   | 903/1407 [02:21<01:21,  6.16it/s]
BERT epoch 1/2:  64%|██████▍   | 904/1407 [02:21<01:23,  6.06it/s]
BERT epoch 1/2:  64%|██████▍   | 905/1407 [02:21<01:22,  6.11it/s]
BERT epoch 1/2:  64%|██████▍   | 906/1407 [02:21<01:20,  6.24it/s]
BERT epoch 1/2:  64%|██████▍   | 907/1407 [02:21<01:21,  6.13it/s]
BERT epoch 1/2:  65%|██████▍   | 908/1407 [02:22<01:19,  6.25it/s]
BERT epoch 1/2:  65%|██████▍   | 909/1407 [02:22<01:20,  6.15it/s]
BERT epoch 1/2:  65%|██████▍   | 910/1407 [02:22<01:20,  6.18it/s]
BERT epoch 1/2:  65%|██████▍   | 911/1407 [02:22<01:18,  6.29it/s]
BERT epoch 1/2:  65%|██████▍   | 912/1407 [02:22<01:20,  6.13it/s]
BERT epoch 1/2:  65%|██████▍   | 913/1407 [02:22<01:19,  6.25it/s]
BERT epoch 1/2:  65%|██████▍   | 914/1407 [02:23<01:19,  6.17it/s]
BERT epoch 1/2:  65%|██████▌   | 915/1407 [02:23<01:22,  5.97it/s]
BERT epoch 1/2:  65%|██████▌   | 916/1407 [02:23<01:22,  5.96it/s]
BERT epoch 1/2:  65%|██████▌   | 917/1407 [02:23<01:28,  5.54it/s]
BERT epoch 1/2:  65%|██████▌   | 918/1407 [02:23<01:26,  5.64it/s]
BERT epoch 1/2:  65%|██████▌   | 919/1407 [02:23<01:28,  5.51it/s]
BERT epoch 1/2:  65%|██████▌   | 920/1407 [02:24<01:28,  5.49it/s]
BERT epoch 1/2:  65%|██████▌   | 921/1407 [02:24<01:26,  5.64it/s]
BERT epoch 1/2:  66%|██████▌   | 922/1407 [02:24<01:26,  5.61it/s]
BERT epoch 1/2:  66%|██████▌   | 923/1407 [02:24<01:25,  5.63it/s]
BERT epoch 1/2:  66%|██████▌   | 924/1407 [02:24<01:29,  5.39it/s]
BERT epoch 1/2:  66%|██████▌   | 925/1407 [02:25<01:28,  5.42it/s]
BERT epoch 1/2:  66%|██████▌   | 926/1407 [02:25<01:26,  5.54it/s]
BERT epoch 1/2:  66%|██████▌   | 927/1407 [02:25<01:26,  5.57it/s]
BERT epoch 1/2:  66%|██████▌   | 928/1407 [02:25<01:25,  5.63it/s]
BERT epoch 1/2:  66%|██████▌   | 929/1407 [02:25<01:23,  5.72it/s]
BERT epoch 1/2:  66%|██████▌   | 930/1407 [02:25<01:24,  5.66it/s]
BERT epoch 1/2:  66%|██████▌   | 931/1407 [02:26<01:26,  5.53it/s]
BERT epoch 1/2:  66%|██████▌   | 932/1407 [02:26<01:24,  5.63it/s]
BERT epoch 1/2:  66%|██████▋   | 933/1407 [02:26<01:22,  5.76it/s]
BERT epoch 1/2:  66%|██████▋   | 934/1407 [02:26<01:26,  5.49it/s]
BERT epoch 1/2:  66%|██████▋   | 935/1407 [02:26<01:25,  5.51it/s]
BERT epoch 1/2:  67%|██████▋   | 936/1407 [02:27<01:23,  5.63it/s]
BERT epoch 1/2:  67%|██████▋   | 937/1407 [02:27<01:21,  5.74it/s]
BERT epoch 1/2:  67%|██████▋   | 938/1407 [02:27<01:22,  5.70it/s]
BERT epoch 1/2:  67%|██████▋   | 939/1407 [02:27<01:24,  5.55it/s]
BERT epoch 1/2:  67%|██████▋   | 940/1407 [02:27<01:22,  5.67it/s]
BERT epoch 1/2:  67%|██████▋   | 941/1407 [02:27<01:24,  5.54it/s]
BERT epoch 1/2:  67%|██████▋   | 942/1407 [02:28<01:23,  5.60it/s]
BERT epoch 1/2:  67%|██████▋   | 943/1407 [02:28<01:24,  5.51it/s]
BERT epoch 1/2:  67%|██████▋   | 944/1407 [02:28<01:23,  5.55it/s]
BERT epoch 1/2:  67%|██████▋   | 945/1407 [02:28<01:23,  5.55it/s]
BERT epoch 1/2:  67%|██████▋   | 946/1407 [02:28<01:25,  5.39it/s]
BERT epoch 1/2:  67%|██████▋   | 947/1407 [02:29<01:23,  5.49it/s]
BERT epoch 1/2:  67%|██████▋   | 948/1407 [02:29<01:22,  5.57it/s]
BERT epoch 1/2:  67%|██████▋   | 949/1407 [02:29<01:23,  5.48it/s]
BERT epoch 1/2:  68%|██████▊   | 950/1407 [02:29<01:25,  5.36it/s]
BERT epoch 1/2:  68%|██████▊   | 951/1407 [02:29<01:23,  5.43it/s]
BERT epoch 1/2:  68%|██████▊   | 952/1407 [02:29<01:21,  5.59it/s]
BERT epoch 1/2:  68%|██████▊   | 953/1407 [02:30<01:23,  5.44it/s]
BERT epoch 1/2:  68%|██████▊   | 954/1407 [02:30<01:21,  5.57it/s]
BERT epoch 1/2:  68%|██████▊   | 955/1407 [02:30<01:22,  5.49it/s]
BERT epoch 1/2:  68%|██████▊   | 956/1407 [02:30<01:23,  5.39it/s]
BERT epoch 1/2:  68%|██████▊   | 957/1407 [02:30<01:20,  5.56it/s]
BERT epoch 1/2:  68%|██████▊   | 958/1407 [02:31<01:19,  5.64it/s]
BERT epoch 1/2:  68%|██████▊   | 959/1407 [02:31<01:20,  5.58it/s]
BERT epoch 1/2:  68%|██████▊   | 960/1407 [02:31<01:20,  5.55it/s]
BERT epoch 1/2:  68%|██████▊   | 961/1407 [02:31<01:19,  5.58it/s]
BERT epoch 1/2:  68%|██████▊   | 962/1407 [02:31<01:21,  5.44it/s]
BERT epoch 1/2:  68%|██████▊   | 963/1407 [02:31<01:21,  5.47it/s]
BERT epoch 1/2:  69%|██████▊   | 964/1407 [02:32<01:19,  5.57it/s]
BERT epoch 1/2:  69%|██████▊   | 965/1407 [02:32<01:18,  5.63it/s]
BERT epoch 1/2:  69%|██████▊   | 966/1407 [02:32<01:19,  5.58it/s]
BERT epoch 1/2:  69%|██████▊   | 967/1407 [02:32<01:18,  5.58it/s]
BERT epoch 1/2:  69%|██████▉   | 968/1407 [02:32<01:20,  5.48it/s]
BERT epoch 1/2:  69%|██████▉   | 969/1407 [02:32<01:18,  5.59it/s]
BERT epoch 1/2:  69%|██████▉   | 970/1407 [02:33<01:16,  5.68it/s]
BERT epoch 1/2:  69%|██████▉   | 971/1407 [02:33<01:18,  5.55it/s]
BERT epoch 1/2:  69%|██████▉   | 972/1407 [02:33<01:17,  5.62it/s]
BERT epoch 1/2:  69%|██████▉   | 973/1407 [02:33<01:16,  5.71it/s]
BERT epoch 1/2:  69%|██████▉   | 974/1407 [02:33<01:17,  5.56it/s]
BERT epoch 1/2:  69%|██████▉   | 975/1407 [02:34<01:16,  5.64it/s]
BERT epoch 1/2:  69%|██████▉   | 976/1407 [02:34<01:20,  5.35it/s]
BERT epoch 1/2:  69%|██████▉   | 977/1407 [02:34<01:21,  5.25it/s]
BERT epoch 1/2:  70%|██████▉   | 978/1407 [02:34<01:19,  5.37it/s]
BERT epoch 1/2:  70%|██████▉   | 979/1407 [02:34<01:18,  5.42it/s]
BERT epoch 1/2:  70%|██████▉   | 980/1407 [02:35<01:17,  5.50it/s]
BERT epoch 1/2:  70%|██████▉   | 981/1407 [02:35<01:17,  5.48it/s]
BERT epoch 1/2:  70%|██████▉   | 982/1407 [02:35<01:18,  5.39it/s]
BERT epoch 1/2:  70%|██████▉   | 983/1407 [02:35<01:16,  5.51it/s]
BERT epoch 1/2:  70%|██████▉   | 984/1407 [02:35<01:14,  5.65it/s]
BERT epoch 1/2:  70%|███████   | 985/1407 [02:35<01:13,  5.71it/s]
BERT epoch 1/2:  70%|███████   | 986/1407 [02:36<01:16,  5.52it/s]
BERT epoch 1/2:  70%|███████   | 987/1407 [02:36<01:14,  5.64it/s]
BERT epoch 1/2:  70%|███████   | 988/1407 [02:36<01:14,  5.64it/s]
BERT epoch 1/2:  70%|███████   | 989/1407 [02:36<01:14,  5.62it/s]
BERT epoch 1/2:  70%|███████   | 990/1407 [02:36<01:15,  5.52it/s]
BERT epoch 1/2:  70%|███████   | 991/1407 [02:36<01:14,  5.61it/s]
BERT epoch 1/2:  71%|███████   | 992/1407 [02:37<01:14,  5.57it/s]
BERT epoch 1/2:  71%|███████   | 993/1407 [02:37<01:14,  5.58it/s]
BERT epoch 1/2:  71%|███████   | 994/1407 [02:37<01:12,  5.66it/s]
BERT epoch 1/2:  71%|███████   | 995/1407 [02:37<01:12,  5.71it/s]
BERT epoch 1/2:  71%|███████   | 996/1407 [02:37<01:12,  5.66it/s]
BERT epoch 1/2:  71%|███████   | 997/1407 [02:38<01:11,  5.74it/s]
BERT epoch 1/2:  71%|███████   | 998/1407 [02:38<01:10,  5.79it/s]
BERT epoch 1/2:  71%|███████   | 999/1407 [02:38<01:08,  5.97it/s]
BERT epoch 1/2:  71%|███████   | 1000/1407 [02:38<01:08,  5.98it/s]
BERT epoch 1/2:  71%|███████   | 1001/1407 [02:38<01:06,  6.15it/s]
BERT epoch 1/2:  71%|███████   | 1002/1407 [02:38<01:04,  6.26it/s]
BERT epoch 1/2:  71%|███████▏  | 1003/1407 [02:38<01:05,  6.20it/s]
BERT epoch 1/2:  71%|███████▏  | 1004/1407 [02:39<01:04,  6.29it/s]
BERT epoch 1/2:  71%|███████▏  | 1005/1407 [02:39<01:02,  6.40it/s]
BERT epoch 1/2:  71%|███████▏  | 1006/1407 [02:39<01:03,  6.35it/s]
BERT epoch 1/2:  72%|███████▏  | 1007/1407 [02:39<01:02,  6.44it/s]
BERT epoch 1/2:  72%|███████▏  | 1008/1407 [02:39<01:00,  6.58it/s]
BERT epoch 1/2:  72%|███████▏  | 1009/1407 [02:39<01:00,  6.58it/s]
BERT epoch 1/2:  72%|███████▏  | 1010/1407 [02:40<01:00,  6.61it/s]
BERT epoch 1/2:  72%|███████▏  | 1011/1407 [02:40<00:59,  6.62it/s]
BERT epoch 1/2:  72%|███████▏  | 1012/1407 [02:40<01:00,  6.51it/s]
BERT epoch 1/2:  72%|███████▏  | 1013/1407 [02:40<01:03,  6.20it/s]
BERT epoch 1/2:  72%|███████▏  | 1014/1407 [02:40<01:00,  6.48it/s]
BERT epoch 1/2:  72%|███████▏  | 1015/1407 [02:40<01:01,  6.40it/s]
BERT epoch 1/2:  72%|███████▏  | 1016/1407 [02:40<00:59,  6.53it/s]
BERT epoch 1/2:  72%|███████▏  | 1017/1407 [02:41<00:59,  6.56it/s]
BERT epoch 1/2:  72%|███████▏  | 1018/1407 [02:41<00:58,  6.64it/s]
BERT epoch 1/2:  72%|███████▏  | 1019/1407 [02:41<00:59,  6.50it/s]
BERT epoch 1/2:  72%|███████▏  | 1020/1407 [02:41<00:58,  6.61it/s]
BERT epoch 1/2:  73%|███████▎  | 1021/1407 [02:41<00:59,  6.48it/s]
BERT epoch 1/2:  73%|███████▎  | 1022/1407 [02:41<01:01,  6.25it/s]
BERT epoch 1/2:  73%|███████▎  | 1023/1407 [02:42<01:00,  6.36it/s]
BERT epoch 1/2:  73%|███████▎  | 1024/1407 [02:42<00:59,  6.41it/s]
BERT epoch 1/2:  73%|███████▎  | 1025/1407 [02:42<00:58,  6.56it/s]
BERT epoch 1/2:  73%|███████▎  | 1026/1407 [02:42<00:59,  6.44it/s]
BERT epoch 1/2:  73%|███████▎  | 1027/1407 [02:42<00:57,  6.57it/s]
BERT epoch 1/2:  73%|███████▎  | 1028/1407 [02:42<00:57,  6.58it/s]
BERT epoch 1/2:  73%|███████▎  | 1029/1407 [02:42<00:56,  6.70it/s]
BERT epoch 1/2:  73%|███████▎  | 1030/1407 [02:43<00:55,  6.75it/s]
BERT epoch 1/2:  73%|███████▎  | 1031/1407 [02:43<00:56,  6.69it/s]
BERT epoch 1/2:  73%|███████▎  | 1032/1407 [02:43<00:56,  6.69it/s]
BERT epoch 1/2:  73%|███████▎  | 1033/1407 [02:43<00:56,  6.66it/s]
BERT epoch 1/2:  73%|███████▎  | 1034/1407 [02:43<00:55,  6.77it/s]
BERT epoch 1/2:  74%|███████▎  | 1035/1407 [02:43<00:55,  6.71it/s]
BERT epoch 1/2:  74%|███████▎  | 1036/1407 [02:43<00:54,  6.80it/s]
BERT epoch 1/2:  74%|███████▎  | 1037/1407 [02:44<00:54,  6.74it/s]
BERT epoch 1/2:  74%|███████▍  | 1038/1407 [02:44<00:56,  6.58it/s]
BERT epoch 1/2:  74%|███████▍  | 1039/1407 [02:44<00:55,  6.60it/s]
BERT epoch 1/2:  74%|███████▍  | 1040/1407 [02:44<00:54,  6.69it/s]
BERT epoch 1/2:  74%|███████▍  | 1041/1407 [02:44<00:55,  6.57it/s]
BERT epoch 1/2:  74%|███████▍  | 1042/1407 [02:44<00:54,  6.65it/s]
BERT epoch 1/2:  74%|███████▍  | 1043/1407 [02:45<00:54,  6.64it/s]
BERT epoch 1/2:  74%|███████▍  | 1044/1407 [02:45<00:53,  6.82it/s]
BERT epoch 1/2:  74%|███████▍  | 1045/1407 [02:45<00:52,  6.84it/s]
BERT epoch 1/2:  74%|███████▍  | 1046/1407 [02:45<00:54,  6.62it/s]
BERT epoch 1/2:  74%|███████▍  | 1047/1407 [02:45<00:55,  6.44it/s]
BERT epoch 1/2:  74%|███████▍  | 1048/1407 [02:45<00:55,  6.44it/s]
BERT epoch 1/2:  75%|███████▍  | 1049/1407 [02:45<00:55,  6.46it/s]
BERT epoch 1/2:  75%|███████▍  | 1050/1407 [02:46<00:54,  6.60it/s]
BERT epoch 1/2:  75%|███████▍  | 1051/1407 [02:46<00:56,  6.34it/s]
BERT epoch 1/2:  75%|███████▍  | 1052/1407 [02:46<00:55,  6.43it/s]
BERT epoch 1/2:  75%|███████▍  | 1053/1407 [02:46<00:55,  6.43it/s]
BERT epoch 1/2:  75%|███████▍  | 1054/1407 [02:46<00:54,  6.43it/s]
BERT epoch 1/2:  75%|███████▍  | 1055/1407 [02:46<00:55,  6.29it/s]
BERT epoch 1/2:  75%|███████▌  | 1056/1407 [02:47<00:56,  6.18it/s]
BERT epoch 1/2:  75%|███████▌  | 1057/1407 [02:47<00:57,  6.08it/s]
BERT epoch 1/2:  75%|███████▌  | 1058/1407 [02:47<00:56,  6.17it/s]
BERT epoch 1/2:  75%|███████▌  | 1059/1407 [02:47<00:56,  6.18it/s]
BERT epoch 1/2:  75%|███████▌  | 1060/1407 [02:47<00:55,  6.26it/s]
BERT epoch 1/2:  75%|███████▌  | 1061/1407 [02:47<00:55,  6.28it/s]
BERT epoch 1/2:  75%|███████▌  | 1062/1407 [02:48<00:56,  6.12it/s]
BERT epoch 1/2:  76%|███████▌  | 1063/1407 [02:48<00:57,  6.01it/s]
BERT epoch 1/2:  76%|███████▌  | 1064/1407 [02:48<00:56,  6.08it/s]
BERT epoch 1/2:  76%|███████▌  | 1065/1407 [02:48<00:54,  6.22it/s]
BERT epoch 1/2:  76%|███████▌  | 1066/1407 [02:48<00:54,  6.31it/s]
BERT epoch 1/2:  76%|███████▌  | 1067/1407 [02:48<00:54,  6.19it/s]
BERT epoch 1/2:  76%|███████▌  | 1068/1407 [02:49<00:55,  6.07it/s]
BERT epoch 1/2:  76%|███████▌  | 1069/1407 [02:49<00:56,  6.01it/s]
BERT epoch 1/2:  76%|███████▌  | 1070/1407 [02:49<00:56,  6.01it/s]
BERT epoch 1/2:  76%|███████▌  | 1071/1407 [02:49<00:56,  6.00it/s]
BERT epoch 1/2:  76%|███████▌  | 1072/1407 [02:49<00:57,  5.86it/s]
BERT epoch 1/2:  76%|███████▋  | 1073/1407 [02:49<00:58,  5.69it/s]
BERT epoch 1/2:  76%|███████▋  | 1074/1407 [02:50<00:56,  5.84it/s]
BERT epoch 1/2:  76%|███████▋  | 1075/1407 [02:50<00:55,  5.94it/s]
BERT epoch 1/2:  76%|███████▋  | 1076/1407 [02:50<00:56,  5.81it/s]
BERT epoch 1/2:  77%|███████▋  | 1077/1407 [02:50<00:56,  5.84it/s]
BERT epoch 1/2:  77%|███████▋  | 1078/1407 [02:50<00:55,  5.91it/s]
BERT epoch 1/2:  77%|███████▋  | 1079/1407 [02:50<00:56,  5.82it/s]
BERT epoch 1/2:  77%|███████▋  | 1080/1407 [02:51<00:56,  5.83it/s]
BERT epoch 1/2:  77%|███████▋  | 1081/1407 [02:51<00:55,  5.90it/s]
BERT epoch 1/2:  77%|███████▋  | 1082/1407 [02:51<00:53,  6.05it/s]
BERT epoch 1/2:  77%|███████▋  | 1083/1407 [02:51<00:53,  6.07it/s]
BERT epoch 1/2:  77%|███████▋  | 1084/1407 [02:51<00:54,  5.93it/s]
BERT epoch 1/2:  77%|███████▋  | 1085/1407 [02:51<00:52,  6.10it/s]
BERT epoch 1/2:  77%|███████▋  | 1086/1407 [02:52<00:52,  6.16it/s]
BERT epoch 1/2:  77%|███████▋  | 1087/1407 [02:52<00:52,  6.04it/s]
BERT epoch 1/2:  77%|███████▋  | 1088/1407 [02:52<00:51,  6.20it/s]
BERT epoch 1/2:  77%|███████▋  | 1089/1407 [02:52<00:52,  6.09it/s]
BERT epoch 1/2:  77%|███████▋  | 1090/1407 [02:52<00:50,  6.22it/s]
BERT epoch 1/2:  78%|███████▊  | 1091/1407 [02:52<00:50,  6.22it/s]
BERT epoch 1/2:  78%|███████▊  | 1092/1407 [02:53<00:50,  6.18it/s]
BERT epoch 1/2:  78%|███████▊  | 1093/1407 [02:53<00:51,  6.07it/s]
BERT epoch 1/2:  78%|███████▊  | 1094/1407 [02:53<00:51,  6.06it/s]
BERT epoch 1/2:  78%|███████▊  | 1095/1407 [02:53<00:52,  5.98it/s]
BERT epoch 1/2:  78%|███████▊  | 1096/1407 [02:53<00:51,  5.99it/s]
BERT epoch 1/2:  78%|███████▊  | 1097/1407 [02:53<00:49,  6.22it/s]
BERT epoch 1/2:  78%|███████▊  | 1098/1407 [02:54<00:50,  6.16it/s]
BERT epoch 1/2:  78%|███████▊  | 1099/1407 [02:54<00:49,  6.25it/s]
BERT epoch 1/2:  78%|███████▊  | 1100/1407 [02:54<00:48,  6.33it/s]
BERT epoch 1/2:  78%|███████▊  | 1101/1407 [02:54<00:48,  6.29it/s]
BERT epoch 1/2:  78%|███████▊  | 1102/1407 [02:54<00:50,  6.06it/s]
BERT epoch 1/2:  78%|███████▊  | 1103/1407 [02:54<00:48,  6.29it/s]
BERT epoch 1/2:  78%|███████▊  | 1104/1407 [02:54<00:48,  6.26it/s]
BERT epoch 1/2:  79%|███████▊  | 1105/1407 [02:55<00:47,  6.32it/s]
BERT epoch 1/2:  79%|███████▊  | 1106/1407 [02:55<00:46,  6.41it/s]
BERT epoch 1/2:  79%|███████▊  | 1107/1407 [02:55<00:47,  6.31it/s]
BERT epoch 1/2:  79%|███████▊  | 1108/1407 [02:55<00:46,  6.42it/s]
BERT epoch 1/2:  79%|███████▉  | 1109/1407 [02:55<00:46,  6.45it/s]
BERT epoch 1/2:  79%|███████▉  | 1110/1407 [02:55<00:45,  6.51it/s]
BERT epoch 1/2:  79%|███████▉  | 1111/1407 [02:56<00:45,  6.52it/s]
BERT epoch 1/2:  79%|███████▉  | 1112/1407 [02:56<00:46,  6.41it/s]
BERT epoch 1/2:  79%|███████▉  | 1113/1407 [02:56<00:46,  6.37it/s]
BERT epoch 1/2:  79%|███████▉  | 1114/1407 [02:56<00:45,  6.44it/s]
BERT epoch 1/2:  79%|███████▉  | 1115/1407 [02:56<00:44,  6.58it/s]
BERT epoch 1/2:  79%|███████▉  | 1116/1407 [02:56<00:44,  6.58it/s]
BERT epoch 1/2:  79%|███████▉  | 1117/1407 [02:56<00:43,  6.69it/s]
BERT epoch 1/2:  79%|███████▉  | 1118/1407 [02:57<00:43,  6.68it/s]
BERT epoch 1/2:  80%|███████▉  | 1119/1407 [02:57<00:43,  6.66it/s]
BERT epoch 1/2:  80%|███████▉  | 1120/1407 [02:57<00:43,  6.54it/s]
BERT epoch 1/2:  80%|███████▉  | 1121/1407 [02:57<00:43,  6.63it/s]
BERT epoch 1/2:  80%|███████▉  | 1122/1407 [02:57<00:44,  6.42it/s]
BERT epoch 1/2:  80%|███████▉  | 1123/1407 [02:57<00:43,  6.53it/s]
BERT epoch 1/2:  80%|███████▉  | 1124/1407 [02:58<00:43,  6.47it/s]
BERT epoch 1/2:  80%|███████▉  | 1125/1407 [02:58<00:43,  6.46it/s]
BERT epoch 1/2:  80%|████████  | 1126/1407 [02:58<00:42,  6.55it/s]
BERT epoch 1/2:  80%|████████  | 1127/1407 [02:58<00:43,  6.43it/s]
BERT epoch 1/2:  80%|████████  | 1128/1407 [02:58<00:43,  6.48it/s]
BERT epoch 1/2:  80%|████████  | 1129/1407 [02:58<00:43,  6.34it/s]
BERT epoch 1/2:  80%|████████  | 1130/1407 [02:58<00:42,  6.49it/s]
BERT epoch 1/2:  80%|████████  | 1131/1407 [02:59<00:41,  6.58it/s]
BERT epoch 1/2:  80%|████████  | 1132/1407 [02:59<00:42,  6.43it/s]
BERT epoch 1/2:  81%|████████  | 1133/1407 [02:59<00:42,  6.52it/s]
BERT epoch 1/2:  81%|████████  | 1134/1407 [02:59<00:41,  6.53it/s]
BERT epoch 1/2:  81%|████████  | 1135/1407 [02:59<00:41,  6.54it/s]
BERT epoch 1/2:  81%|████████  | 1136/1407 [02:59<00:41,  6.51it/s]
BERT epoch 1/2:  81%|████████  | 1137/1407 [03:00<00:41,  6.52it/s]
BERT epoch 1/2:  81%|████████  | 1138/1407 [03:00<00:40,  6.63it/s]
BERT epoch 1/2:  81%|████████  | 1139/1407 [03:00<00:39,  6.72it/s]
BERT epoch 1/2:  81%|████████  | 1140/1407 [03:00<00:39,  6.70it/s]
BERT epoch 1/2:  81%|████████  | 1141/1407 [03:00<00:40,  6.63it/s]
BERT epoch 1/2:  81%|████████  | 1142/1407 [03:00<00:40,  6.61it/s]
BERT epoch 1/2:  81%|████████  | 1143/1407 [03:00<00:41,  6.35it/s]
BERT epoch 1/2:  81%|████████▏ | 1144/1407 [03:01<00:40,  6.51it/s]
BERT epoch 1/2:  81%|████████▏ | 1145/1407 [03:01<00:39,  6.59it/s]
BERT epoch 1/2:  81%|████████▏ | 1146/1407 [03:01<00:39,  6.60it/s]
BERT epoch 1/2:  82%|████████▏ | 1147/1407 [03:01<00:39,  6.58it/s]
BERT epoch 1/2:  82%|████████▏ | 1148/1407 [03:01<00:38,  6.70it/s]
BERT epoch 1/2:  82%|████████▏ | 1149/1407 [03:01<00:39,  6.56it/s]
BERT epoch 1/2:  82%|████████▏ | 1150/1407 [03:02<00:39,  6.53it/s]
BERT epoch 1/2:  82%|████████▏ | 1151/1407 [03:02<00:39,  6.40it/s]
BERT epoch 1/2:  82%|████████▏ | 1152/1407 [03:02<00:39,  6.47it/s]
BERT epoch 1/2:  82%|████████▏ | 1153/1407 [03:02<00:39,  6.35it/s]
BERT epoch 1/2:  82%|████████▏ | 1154/1407 [03:02<00:40,  6.28it/s]
BERT epoch 1/2:  82%|████████▏ | 1155/1407 [03:02<00:39,  6.39it/s]
BERT epoch 1/2:  82%|████████▏ | 1156/1407 [03:02<00:39,  6.43it/s]
BERT epoch 1/2:  82%|████████▏ | 1157/1407 [03:03<00:37,  6.59it/s]
BERT epoch 1/2:  82%|████████▏ | 1158/1407 [03:03<00:37,  6.58it/s]
BERT epoch 1/2:  82%|████████▏ | 1159/1407 [03:03<00:38,  6.51it/s]
BERT epoch 1/2:  82%|████████▏ | 1160/1407 [03:03<00:37,  6.60it/s]
BERT epoch 1/2:  83%|████████▎ | 1161/1407 [03:03<00:37,  6.59it/s]
BERT epoch 1/2:  83%|████████▎ | 1162/1407 [03:03<00:37,  6.53it/s]
BERT epoch 1/2:  83%|████████▎ | 1163/1407 [03:04<00:37,  6.48it/s]
BERT epoch 1/2:  83%|████████▎ | 1164/1407 [03:04<00:36,  6.57it/s]
BERT epoch 1/2:  83%|████████▎ | 1165/1407 [03:04<00:36,  6.59it/s]
BERT epoch 1/2:  83%|████████▎ | 1166/1407 [03:04<00:37,  6.47it/s]
BERT epoch 1/2:  83%|████████▎ | 1167/1407 [03:04<00:37,  6.38it/s]
BERT epoch 1/2:  83%|████████▎ | 1168/1407 [03:04<00:38,  6.28it/s]
BERT epoch 1/2:  83%|████████▎ | 1169/1407 [03:04<00:37,  6.41it/s]
BERT epoch 1/2:  83%|████████▎ | 1170/1407 [03:05<00:36,  6.51it/s]
BERT epoch 1/2:  83%|████████▎ | 1171/1407 [03:05<00:36,  6.53it/s]
BERT epoch 1/2:  83%|████████▎ | 1172/1407 [03:05<00:36,  6.42it/s]
BERT epoch 1/2:  83%|████████▎ | 1173/1407 [03:05<00:35,  6.54it/s]
BERT epoch 1/2:  83%|████████▎ | 1174/1407 [03:05<00:36,  6.45it/s]
BERT epoch 1/2:  84%|████████▎ | 1175/1407 [03:05<00:36,  6.38it/s]
BERT epoch 1/2:  84%|████████▎ | 1176/1407 [03:06<00:36,  6.33it/s]
BERT epoch 1/2:  84%|████████▎ | 1177/1407 [03:06<00:35,  6.41it/s]
BERT epoch 1/2:  84%|████████▎ | 1178/1407 [03:06<00:35,  6.46it/s]
BERT epoch 1/2:  84%|████████▍ | 1179/1407 [03:06<00:35,  6.41it/s]
BERT epoch 1/2:  84%|████████▍ | 1180/1407 [03:06<00:35,  6.48it/s]
BERT epoch 1/2:  84%|████████▍ | 1181/1407 [03:06<00:34,  6.61it/s]
BERT epoch 1/2:  84%|████████▍ | 1182/1407 [03:06<00:34,  6.47it/s]
BERT epoch 1/2:  84%|████████▍ | 1183/1407 [03:07<00:34,  6.41it/s]
BERT epoch 1/2:  84%|████████▍ | 1184/1407 [03:07<00:35,  6.33it/s]
BERT epoch 1/2:  84%|████████▍ | 1185/1407 [03:07<00:33,  6.55it/s]
BERT epoch 1/2:  84%|████████▍ | 1186/1407 [03:07<00:33,  6.65it/s]
BERT epoch 1/2:  84%|████████▍ | 1187/1407 [03:07<00:32,  6.81it/s]
BERT epoch 1/2:  84%|████████▍ | 1188/1407 [03:07<00:31,  6.85it/s]
BERT epoch 1/2:  85%|████████▍ | 1189/1407 [03:08<00:32,  6.79it/s]
BERT epoch 1/2:  85%|████████▍ | 1190/1407 [03:08<00:32,  6.76it/s]
BERT epoch 1/2:  85%|████████▍ | 1191/1407 [03:08<00:32,  6.72it/s]
BERT epoch 1/2:  85%|████████▍ | 1192/1407 [03:08<00:31,  6.72it/s]
BERT epoch 1/2:  85%|████████▍ | 1193/1407 [03:08<00:32,  6.68it/s]
BERT epoch 1/2:  85%|████████▍ | 1194/1407 [03:08<00:31,  6.75it/s]
BERT epoch 1/2:  85%|████████▍ | 1195/1407 [03:08<00:31,  6.73it/s]
BERT epoch 1/2:  85%|████████▌ | 1196/1407 [03:09<00:31,  6.78it/s]
BERT epoch 1/2:  85%|████████▌ | 1197/1407 [03:09<00:30,  6.83it/s]
BERT epoch 1/2:  85%|████████▌ | 1198/1407 [03:09<00:31,  6.65it/s]
BERT epoch 1/2:  85%|████████▌ | 1199/1407 [03:09<00:31,  6.71it/s]
BERT epoch 1/2:  85%|████████▌ | 1200/1407 [03:09<00:31,  6.68it/s]
BERT epoch 1/2:  85%|████████▌ | 1201/1407 [03:09<00:30,  6.78it/s]
BERT epoch 1/2:  85%|████████▌ | 1202/1407 [03:09<00:30,  6.81it/s]
BERT epoch 1/2:  86%|████████▌ | 1203/1407 [03:10<00:30,  6.64it/s]
BERT epoch 1/2:  86%|████████▌ | 1204/1407 [03:10<00:30,  6.62it/s]
BERT epoch 1/2:  86%|████████▌ | 1205/1407 [03:10<00:30,  6.63it/s]
BERT epoch 1/2:  86%|████████▌ | 1206/1407 [03:10<00:30,  6.48it/s]
BERT epoch 1/2:  86%|████████▌ | 1207/1407 [03:10<00:30,  6.54it/s]
BERT epoch 1/2:  86%|████████▌ | 1208/1407 [03:10<00:29,  6.73it/s]
BERT epoch 1/2:  86%|████████▌ | 1209/1407 [03:11<00:29,  6.69it/s]
BERT epoch 1/2:  86%|████████▌ | 1210/1407 [03:11<00:30,  6.56it/s]
BERT epoch 1/2:  86%|████████▌ | 1211/1407 [03:11<00:29,  6.54it/s]
BERT epoch 1/2:  86%|████████▌ | 1212/1407 [03:11<00:29,  6.58it/s]
BERT epoch 1/2:  86%|████████▌ | 1213/1407 [03:11<00:30,  6.33it/s]
BERT epoch 1/2:  86%|████████▋ | 1214/1407 [03:11<00:30,  6.27it/s]
BERT epoch 1/2:  86%|████████▋ | 1215/1407 [03:11<00:29,  6.43it/s]
BERT epoch 1/2:  86%|████████▋ | 1216/1407 [03:12<00:29,  6.43it/s]
BERT epoch 1/2:  86%|████████▋ | 1217/1407 [03:12<00:29,  6.49it/s]
BERT epoch 1/2:  87%|████████▋ | 1218/1407 [03:12<00:29,  6.48it/s]
BERT epoch 1/2:  87%|████████▋ | 1219/1407 [03:12<00:28,  6.65it/s]
BERT epoch 1/2:  87%|████████▋ | 1220/1407 [03:12<00:27,  6.74it/s]
BERT epoch 1/2:  87%|████████▋ | 1221/1407 [03:12<00:27,  6.78it/s]
BERT epoch 1/2:  87%|████████▋ | 1222/1407 [03:13<00:27,  6.73it/s]
BERT epoch 1/2:  87%|████████▋ | 1223/1407 [03:13<00:27,  6.73it/s]
BERT epoch 1/2:  87%|████████▋ | 1224/1407 [03:13<00:27,  6.76it/s]
BERT epoch 1/2:  87%|████████▋ | 1225/1407 [03:13<00:26,  6.85it/s]
BERT epoch 1/2:  87%|████████▋ | 1226/1407 [03:13<00:26,  6.86it/s]
BERT epoch 1/2:  87%|████████▋ | 1227/1407 [03:13<00:26,  6.78it/s]
BERT epoch 1/2:  87%|████████▋ | 1228/1407 [03:13<00:27,  6.55it/s]
BERT epoch 1/2:  87%|████████▋ | 1229/1407 [03:14<00:26,  6.65it/s]
BERT epoch 1/2:  87%|████████▋ | 1230/1407 [03:14<00:28,  6.29it/s]
BERT epoch 1/2:  87%|████████▋ | 1231/1407 [03:14<00:26,  6.54it/s]
BERT epoch 1/2:  88%|████████▊ | 1232/1407 [03:14<00:26,  6.58it/s]
BERT epoch 1/2:  88%|████████▊ | 1233/1407 [03:14<00:26,  6.67it/s]
BERT epoch 1/2:  88%|████████▊ | 1234/1407 [03:14<00:26,  6.52it/s]
BERT epoch 1/2:  88%|████████▊ | 1235/1407 [03:14<00:26,  6.56it/s]
BERT epoch 1/2:  88%|████████▊ | 1236/1407 [03:15<00:26,  6.38it/s]
BERT epoch 1/2:  88%|████████▊ | 1237/1407 [03:15<00:26,  6.53it/s]
BERT epoch 1/2:  88%|████████▊ | 1238/1407 [03:15<00:25,  6.55it/s]
BERT epoch 1/2:  88%|████████▊ | 1239/1407 [03:15<00:25,  6.64it/s]
BERT epoch 1/2:  88%|████████▊ | 1240/1407 [03:15<00:24,  6.78it/s]
BERT epoch 1/2:  88%|████████▊ | 1241/1407 [03:15<00:25,  6.57it/s]
BERT epoch 1/2:  88%|████████▊ | 1242/1407 [03:16<00:24,  6.61it/s]
BERT epoch 1/2:  88%|████████▊ | 1243/1407 [03:16<00:24,  6.58it/s]
BERT epoch 1/2:  88%|████████▊ | 1244/1407 [03:16<00:25,  6.38it/s]
BERT epoch 1/2:  88%|████████▊ | 1245/1407 [03:16<00:25,  6.47it/s]
BERT epoch 1/2:  89%|████████▊ | 1246/1407 [03:16<00:24,  6.51it/s]
BERT epoch 1/2:  89%|████████▊ | 1247/1407 [03:16<00:24,  6.57it/s]
BERT epoch 1/2:  89%|████████▊ | 1248/1407 [03:16<00:24,  6.54it/s]
BERT epoch 1/2:  89%|████████▉ | 1249/1407 [03:17<00:24,  6.36it/s]
BERT epoch 1/2:  89%|████████▉ | 1250/1407 [03:17<00:24,  6.48it/s]
BERT epoch 1/2:  89%|████████▉ | 1251/1407 [03:17<00:24,  6.34it/s]
BERT epoch 1/2:  89%|████████▉ | 1252/1407 [03:17<00:23,  6.47it/s]
BERT epoch 1/2:  89%|████████▉ | 1253/1407 [03:17<00:23,  6.47it/s]
BERT epoch 1/2:  89%|████████▉ | 1254/1407 [03:17<00:24,  6.24it/s]
BERT epoch 1/2:  89%|████████▉ | 1255/1407 [03:18<00:24,  6.22it/s]
BERT epoch 1/2:  89%|████████▉ | 1256/1407 [03:18<00:23,  6.33it/s]
BERT epoch 1/2:  89%|████████▉ | 1257/1407 [03:18<00:23,  6.48it/s]
BERT epoch 1/2:  89%|████████▉ | 1258/1407 [03:18<00:22,  6.60it/s]
BERT epoch 1/2:  89%|████████▉ | 1259/1407 [03:18<00:22,  6.45it/s]
BERT epoch 1/2:  90%|████████▉ | 1260/1407 [03:18<00:22,  6.43it/s]
BERT epoch 1/2:  90%|████████▉ | 1261/1407 [03:18<00:22,  6.44it/s]
BERT epoch 1/2:  90%|████████▉ | 1262/1407 [03:19<00:22,  6.45it/s]
BERT epoch 1/2:  90%|████████▉ | 1263/1407 [03:19<00:22,  6.46it/s]
BERT epoch 1/2:  90%|████████▉ | 1264/1407 [03:19<00:22,  6.34it/s]
BERT epoch 1/2:  90%|████████▉ | 1265/1407 [03:19<00:21,  6.47it/s]
BERT epoch 1/2:  90%|████████▉ | 1266/1407 [03:19<00:22,  6.40it/s]
BERT epoch 1/2:  90%|█████████ | 1267/1407 [03:19<00:21,  6.39it/s]
BERT epoch 1/2:  90%|█████████ | 1268/1407 [03:20<00:21,  6.43it/s]
BERT epoch 1/2:  90%|█████████ | 1269/1407 [03:20<00:21,  6.36it/s]
BERT epoch 1/2:  90%|█████████ | 1270/1407 [03:20<00:21,  6.32it/s]
BERT epoch 1/2:  90%|█████████ | 1271/1407 [03:20<00:22,  6.09it/s]
BERT epoch 1/2:  90%|█████████ | 1272/1407 [03:20<00:22,  6.08it/s]
BERT epoch 1/2:  90%|█████████ | 1273/1407 [03:20<00:21,  6.21it/s]
BERT epoch 1/2:  91%|█████████ | 1274/1407 [03:21<00:20,  6.40it/s]
BERT epoch 1/2:  91%|█████████ | 1275/1407 [03:21<00:21,  6.20it/s]
BERT epoch 1/2:  91%|█████████ | 1276/1407 [03:21<00:20,  6.34it/s]
BERT epoch 1/2:  91%|█████████ | 1277/1407 [03:21<00:21,  6.09it/s]
BERT epoch 1/2:  91%|█████████ | 1278/1407 [03:21<00:20,  6.20it/s]
BERT epoch 1/2:  91%|█████████ | 1279/1407 [03:21<00:20,  6.13it/s]
BERT epoch 1/2:  91%|█████████ | 1280/1407 [03:22<00:20,  6.08it/s]
BERT epoch 1/2:  91%|█████████ | 1281/1407 [03:22<00:20,  6.19it/s]
BERT epoch 1/2:  91%|█████████ | 1282/1407 [03:22<00:20,  6.01it/s]
BERT epoch 1/2:  91%|█████████ | 1283/1407 [03:22<00:20,  6.04it/s]
BERT epoch 1/2:  91%|█████████▏| 1284/1407 [03:22<00:20,  6.14it/s]
BERT epoch 1/2:  91%|█████████▏| 1285/1407 [03:22<00:19,  6.13it/s]
BERT epoch 1/2:  91%|█████████▏| 1286/1407 [03:23<00:20,  5.89it/s]
BERT epoch 1/2:  91%|█████████▏| 1287/1407 [03:23<00:19,  6.04it/s]
BERT epoch 1/2:  92%|█████████▏| 1288/1407 [03:23<00:19,  6.22it/s]
BERT epoch 1/2:  92%|█████████▏| 1289/1407 [03:23<00:18,  6.32it/s]
BERT epoch 1/2:  92%|█████████▏| 1290/1407 [03:23<00:18,  6.25it/s]
BERT epoch 1/2:  92%|█████████▏| 1291/1407 [03:23<00:18,  6.20it/s]
BERT epoch 1/2:  92%|█████████▏| 1292/1407 [03:23<00:18,  6.19it/s]
BERT epoch 1/2:  92%|█████████▏| 1293/1407 [03:24<00:18,  6.26it/s]
BERT epoch 1/2:  92%|█████████▏| 1294/1407 [03:24<00:18,  6.21it/s]
BERT epoch 1/2:  92%|█████████▏| 1295/1407 [03:24<00:18,  6.19it/s]
BERT epoch 1/2:  92%|█████████▏| 1296/1407 [03:24<00:18,  6.04it/s]
BERT epoch 1/2:  92%|█████████▏| 1297/1407 [03:24<00:18,  6.03it/s]
BERT epoch 1/2:  92%|█████████▏| 1298/1407 [03:24<00:18,  5.94it/s]
BERT epoch 1/2:  92%|█████████▏| 1299/1407 [03:25<00:17,  6.18it/s]
BERT epoch 1/2:  92%|█████████▏| 1300/1407 [03:25<00:16,  6.34it/s]
BERT epoch 1/2:  92%|█████████▏| 1301/1407 [03:25<00:16,  6.28it/s]
BERT epoch 1/2:  93%|█████████▎| 1302/1407 [03:25<00:16,  6.18it/s]
BERT epoch 1/2:  93%|█████████▎| 1303/1407 [03:25<00:17,  6.10it/s]
BERT epoch 1/2:  93%|█████████▎| 1304/1407 [03:25<00:16,  6.25it/s]
BERT epoch 1/2:  93%|█████████▎| 1305/1407 [03:26<00:16,  6.24it/s]
BERT epoch 1/2:  93%|█████████▎| 1306/1407 [03:26<00:16,  6.02it/s]
BERT epoch 1/2:  93%|█████████▎| 1307/1407 [03:26<00:16,  6.06it/s]
BERT epoch 1/2:  93%|█████████▎| 1308/1407 [03:26<00:15,  6.19it/s]
BERT epoch 1/2:  93%|█████████▎| 1309/1407 [03:26<00:15,  6.32it/s]
BERT epoch 1/2:  93%|█████████▎| 1310/1407 [03:26<00:15,  6.30it/s]
BERT epoch 1/2:  93%|█████████▎| 1311/1407 [03:27<00:15,  6.11it/s]
BERT epoch 1/2:  93%|█████████▎| 1312/1407 [03:27<00:15,  5.97it/s]
BERT epoch 1/2:  93%|█████████▎| 1313/1407 [03:27<00:15,  5.89it/s]
BERT epoch 1/2:  93%|█████████▎| 1314/1407 [03:27<00:15,  5.94it/s]
BERT epoch 1/2:  93%|█████████▎| 1315/1407 [03:27<00:15,  6.11it/s]
BERT epoch 1/2:  94%|█████████▎| 1316/1407 [03:27<00:14,  6.25it/s]
BERT epoch 1/2:  94%|█████████▎| 1317/1407 [03:28<00:14,  6.42it/s]
BERT epoch 1/2:  94%|█████████▎| 1318/1407 [03:28<00:13,  6.46it/s]
BERT epoch 1/2:  94%|█████████▎| 1319/1407 [03:28<00:13,  6.59it/s]
BERT epoch 1/2:  94%|█████████▍| 1320/1407 [03:28<00:13,  6.58it/s]
BERT epoch 1/2:  94%|█████████▍| 1321/1407 [03:28<00:13,  6.58it/s]
BERT epoch 1/2:  94%|█████████▍| 1322/1407 [03:28<00:12,  6.69it/s]
BERT epoch 1/2:  94%|█████████▍| 1323/1407 [03:28<00:12,  6.50it/s]
BERT epoch 1/2:  94%|█████████▍| 1324/1407 [03:29<00:12,  6.54it/s]
BERT epoch 1/2:  94%|█████████▍| 1325/1407 [03:29<00:12,  6.55it/s]
BERT epoch 1/2:  94%|█████████▍| 1326/1407 [03:29<00:12,  6.44it/s]
BERT epoch 1/2:  94%|█████████▍| 1327/1407 [03:29<00:12,  6.50it/s]
BERT epoch 1/2:  94%|█████████▍| 1328/1407 [03:29<00:11,  6.60it/s]
BERT epoch 1/2:  94%|█████████▍| 1329/1407 [03:29<00:11,  6.60it/s]
BERT epoch 1/2:  95%|█████████▍| 1330/1407 [03:30<00:11,  6.51it/s]
BERT epoch 1/2:  95%|█████████▍| 1331/1407 [03:30<00:11,  6.41it/s]
BERT epoch 1/2:  95%|█████████▍| 1332/1407 [03:30<00:11,  6.44it/s]
BERT epoch 1/2:  95%|█████████▍| 1333/1407 [03:30<00:11,  6.41it/s]
BERT epoch 1/2:  95%|█████████▍| 1334/1407 [03:30<00:11,  6.38it/s]
BERT epoch 1/2:  95%|█████████▍| 1335/1407 [03:30<00:11,  6.20it/s]
BERT epoch 1/2:  95%|█████████▍| 1336/1407 [03:30<00:11,  6.14it/s]
BERT epoch 1/2:  95%|█████████▌| 1337/1407 [03:31<00:11,  6.09it/s]
BERT epoch 1/2:  95%|█████████▌| 1338/1407 [03:31<00:11,  6.11it/s]
BERT epoch 1/2:  95%|█████████▌| 1339/1407 [03:31<00:11,  5.95it/s]
BERT epoch 1/2:  95%|█████████▌| 1340/1407 [03:31<00:11,  6.00it/s]
BERT epoch 1/2:  95%|█████████▌| 1341/1407 [03:31<00:11,  5.96it/s]
BERT epoch 1/2:  95%|█████████▌| 1342/1407 [03:31<00:10,  6.10it/s]
BERT epoch 1/2:  95%|█████████▌| 1343/1407 [03:32<00:10,  6.21it/s]
BERT epoch 1/2:  96%|█████████▌| 1344/1407 [03:32<00:10,  6.20it/s]
BERT epoch 1/2:  96%|█████████▌| 1345/1407 [03:32<00:09,  6.38it/s]
BERT epoch 1/2:  96%|█████████▌| 1346/1407 [03:32<00:09,  6.34it/s]
BERT epoch 1/2:  96%|█████████▌| 1347/1407 [03:32<00:09,  6.52it/s]
BERT epoch 1/2:  96%|█████████▌| 1348/1407 [03:32<00:09,  6.44it/s]
BERT epoch 1/2:  96%|█████████▌| 1349/1407 [03:33<00:08,  6.53it/s]
BERT epoch 1/2:  96%|█████████▌| 1350/1407 [03:33<00:08,  6.49it/s]
BERT epoch 1/2:  96%|█████████▌| 1351/1407 [03:33<00:08,  6.40it/s]
BERT epoch 1/2:  96%|█████████▌| 1352/1407 [03:33<00:08,  6.53it/s]
BERT epoch 1/2:  96%|█████████▌| 1353/1407 [03:33<00:08,  6.52it/s]
BERT epoch 1/2:  96%|█████████▌| 1354/1407 [03:33<00:08,  6.39it/s]
BERT epoch 1/2:  96%|█████████▋| 1355/1407 [03:34<00:08,  6.30it/s]
BERT epoch 1/2:  96%|█████████▋| 1356/1407 [03:34<00:08,  6.07it/s]
BERT epoch 1/2:  96%|█████████▋| 1357/1407 [03:34<00:07,  6.32it/s]
BERT epoch 1/2:  97%|█████████▋| 1358/1407 [03:34<00:07,  6.27it/s]
BERT epoch 1/2:  97%|█████████▋| 1359/1407 [03:34<00:07,  6.39it/s]
BERT epoch 1/2:  97%|█████████▋| 1360/1407 [03:34<00:07,  6.29it/s]
BERT epoch 1/2:  97%|█████████▋| 1361/1407 [03:34<00:07,  6.37it/s]
BERT epoch 1/2:  97%|█████████▋| 1362/1407 [03:35<00:07,  6.35it/s]
BERT epoch 1/2:  97%|█████████▋| 1363/1407 [03:35<00:06,  6.53it/s]
BERT epoch 1/2:  97%|█████████▋| 1364/1407 [03:35<00:06,  6.38it/s]
BERT epoch 1/2:  97%|█████████▋| 1365/1407 [03:35<00:06,  6.33it/s]
BERT epoch 1/2:  97%|█████████▋| 1366/1407 [03:35<00:06,  6.41it/s]
BERT epoch 1/2:  97%|█████████▋| 1367/1407 [03:35<00:06,  6.48it/s]
BERT epoch 1/2:  97%|█████████▋| 1368/1407 [03:36<00:06,  6.45it/s]
BERT epoch 1/2:  97%|█████████▋| 1369/1407 [03:36<00:06,  6.09it/s]
BERT epoch 1/2:  97%|█████████▋| 1370/1407 [03:36<00:05,  6.29it/s]
BERT epoch 1/2:  97%|█████████▋| 1371/1407 [03:36<00:05,  6.11it/s]
BERT epoch 1/2:  98%|█████████▊| 1372/1407 [03:36<00:05,  6.15it/s]
BERT epoch 1/2:  98%|█████████▊| 1373/1407 [03:36<00:05,  6.36it/s]
BERT epoch 1/2:  98%|█████████▊| 1374/1407 [03:37<00:05,  6.38it/s]
BERT epoch 1/2:  98%|█████████▊| 1375/1407 [03:37<00:04,  6.44it/s]
BERT epoch 1/2:  98%|█████████▊| 1376/1407 [03:37<00:04,  6.56it/s]
BERT epoch 1/2:  98%|█████████▊| 1377/1407 [03:37<00:04,  6.56it/s]
BERT epoch 1/2:  98%|█████████▊| 1378/1407 [03:37<00:04,  6.45it/s]
BERT epoch 1/2:  98%|█████████▊| 1379/1407 [03:37<00:04,  6.35it/s]
BERT epoch 1/2:  98%|█████████▊| 1380/1407 [03:37<00:04,  6.26it/s]
BERT epoch 1/2:  98%|█████████▊| 1381/1407 [03:38<00:04,  6.04it/s]
BERT epoch 1/2:  98%|█████████▊| 1382/1407 [03:38<00:04,  5.86it/s]
BERT epoch 1/2:  98%|█████████▊| 1383/1407 [03:38<00:04,  5.77it/s]
BERT epoch 1/2:  98%|█████████▊| 1384/1407 [03:38<00:03,  5.82it/s]
BERT epoch 1/2:  98%|█████████▊| 1385/1407 [03:38<00:03,  5.86it/s]
BERT epoch 1/2:  99%|█████████▊| 1386/1407 [03:38<00:03,  6.04it/s]
BERT epoch 1/2:  99%|█████████▊| 1387/1407 [03:39<00:03,  6.32it/s]
BERT epoch 1/2:  99%|█████████▊| 1388/1407 [03:39<00:03,  6.24it/s]
BERT epoch 1/2:  99%|█████████▊| 1389/1407 [03:39<00:02,  6.12it/s]
BERT epoch 1/2:  99%|█████████▉| 1390/1407 [03:39<00:02,  6.27it/s]
BERT epoch 1/2:  99%|█████████▉| 1391/1407 [03:39<00:02,  6.22it/s]
BERT epoch 1/2:  99%|█████████▉| 1392/1407 [03:39<00:02,  6.33it/s]
BERT epoch 1/2:  99%|█████████▉| 1393/1407 [03:40<00:02,  6.25it/s]
BERT epoch 1/2:  99%|█████████▉| 1394/1407 [03:40<00:02,  6.42it/s]
BERT epoch 1/2:  99%|█████████▉| 1395/1407 [03:40<00:01,  6.54it/s]
BERT epoch 1/2:  99%|█████████▉| 1396/1407 [03:40<00:01,  6.62it/s]
BERT epoch 1/2:  99%|█████████▉| 1397/1407 [03:40<00:01,  6.48it/s]
BERT epoch 1/2:  99%|█████████▉| 1398/1407 [03:40<00:01,  6.62it/s]
BERT epoch 1/2:  99%|█████████▉| 1399/1407 [03:40<00:01,  6.71it/s]
BERT epoch 1/2: 100%|█████████▉| 1400/1407 [03:41<00:01,  6.54it/s]
BERT epoch 1/2: 100%|█████████▉| 1401/1407 [03:41<00:00,  6.54it/s]
BERT epoch 1/2: 100%|█████████▉| 1402/1407 [03:41<00:00,  6.54it/s]
BERT epoch 1/2: 100%|█████████▉| 1403/1407 [03:41<00:00,  6.55it/s]
BERT epoch 1/2: 100%|█████████▉| 1404/1407 [03:41<00:00,  6.49it/s]
BERT epoch 1/2: 100%|█████████▉| 1405/1407 [03:41<00:00,  6.60it/s]
BERT epoch 1/2: 100%|█████████▉| 1406/1407 [03:42<00:00,  6.35it/s]
BERT epoch 1/2: 100%|██████████| 1407/1407 [03:42<00:00,  6.33it/s]

Evaluating:   0%|          | 0/79 [00:00<?, ?it/s]
Evaluating:   4%|▍         | 3/79 [00:00<00:09,  7.76it/s]
Evaluating:   8%|▊         | 6/79 [00:00<00:06, 12.11it/s]
Evaluating:  10%|█         | 8/79 [00:00<00:05, 14.04it/s]
Evaluating:  14%|█▍        | 11/79 [00:00<00:04, 16.52it/s]
Evaluating:  18%|█▊        | 14/79 [00:00<00:03, 18.20it/s]
Evaluating:  20%|██        | 16/79 [00:01<00:03, 18.55it/s]
Evaluating:  23%|██▎       | 18/79 [00:01<00:03, 18.87it/s]
Evaluating:  25%|██▌       | 20/79 [00:01<00:03, 18.62it/s]
Evaluating:  28%|██▊       | 22/79 [00:01<00:03, 18.02it/s]
Evaluating:  30%|███       | 24/79 [00:01<00:03, 18.12it/s]
Evaluating:  34%|███▍      | 27/79 [00:01<00:02, 18.73it/s]
Evaluating:  37%|███▋      | 29/79 [00:01<00:02, 18.72it/s]
Evaluating:  39%|███▉      | 31/79 [00:01<00:02, 19.01it/s]
Evaluating:  42%|████▏     | 33/79 [00:01<00:02, 18.60it/s]
Evaluating:  44%|████▍     | 35/79 [00:02<00:02, 18.88it/s]
Evaluating:  47%|████▋     | 37/79 [00:02<00:02, 18.99it/s]
Evaluating:  49%|████▉     | 39/79 [00:02<00:02, 18.62it/s]
Evaluating:  52%|█████▏    | 41/79 [00:02<00:02, 17.11it/s]
Evaluating:  54%|█████▍    | 43/79 [00:02<00:02, 16.70it/s]
Evaluating:  57%|█████▋    | 45/79 [00:02<00:02, 16.68it/s]
Evaluating:  59%|█████▉    | 47/79 [00:02<00:01, 16.98it/s]
Evaluating:  62%|██████▏   | 49/79 [00:02<00:01, 16.48it/s]
Evaluating:  65%|██████▍   | 51/79 [00:02<00:01, 16.62it/s]
Evaluating:  67%|██████▋   | 53/79 [00:03<00:01, 16.92it/s]
Evaluating:  70%|██████▉   | 55/79 [00:03<00:01, 16.94it/s]
Evaluating:  72%|███████▏  | 57/79 [00:03<00:01, 17.33it/s]
Evaluating:  75%|███████▍  | 59/79 [00:03<00:01, 17.80it/s]
Evaluating:  77%|███████▋  | 61/79 [00:03<00:01, 17.89it/s]
Evaluating:  80%|███████▉  | 63/79 [00:03<00:00, 17.96it/s]
Evaluating:  82%|████████▏ | 65/79 [00:03<00:00, 18.23it/s]
Evaluating:  85%|████████▍ | 67/79 [00:03<00:00, 18.09it/s]
Evaluating:  87%|████████▋ | 69/79 [00:03<00:00, 18.41it/s]
Evaluating:  90%|████████▉ | 71/79 [00:04<00:00, 18.64it/s]
Evaluating:  92%|█████████▏| 73/79 [00:04<00:00, 18.52it/s]
Evaluating:  96%|█████████▌| 76/79 [00:04<00:00, 19.12it/s]
Evaluating:  99%|█████████▊| 78/79 [00:04<00:00, 19.02it/s]
Epoch 1: loss=0.2945 train_acc=0.8927 dev_acc=0.8749 dev_f1=0.8885 (222s)
  保存最优模型 (dev_acc=0.8749) -> D:\workspace_AI\workspace_traecode\xiangmu_traecode\Supply Chain NLP\models\checkpoints\bert_best.pt
                                                           

BERT epoch 2/2:   0%|          | 0/1407 [00:00<?, ?it/s]
BERT epoch 2/2:   0%|          | 1/1407 [00:00<03:29,  6.71it/s]
BERT epoch 2/2:   0%|          | 2/1407 [00:00<03:24,  6.86it/s]
BERT epoch 2/2:   0%|          | 3/1407 [00:00<03:29,  6.71it/s]
BERT epoch 2/2:   0%|          | 4/1407 [00:00<03:25,  6.81it/s]
BERT epoch 2/2:   0%|          | 5/1407 [00:00<03:30,  6.67it/s]
BERT epoch 2/2:   0%|          | 6/1407 [00:00<03:31,  6.63it/s]
BERT epoch 2/2:   0%|          | 7/1407 [00:01<03:42,  6.29it/s]
BERT epoch 2/2:   1%|          | 8/1407 [00:01<03:46,  6.17it/s]
BERT epoch 2/2:   1%|          | 9/1407 [00:01<03:42,  6.28it/s]
BERT epoch 2/2:   1%|          | 10/1407 [00:01<03:42,  6.27it/s]
BERT epoch 2/2:   1%|          | 11/1407 [00:01<03:44,  6.23it/s]
BERT epoch 2/2:   1%|          | 12/1407 [00:01<03:40,  6.34it/s]
BERT epoch 2/2:   1%|          | 13/1407 [00:02<03:41,  6.30it/s]
BERT epoch 2/2:   1%|          | 14/1407 [00:02<03:43,  6.24it/s]
BERT epoch 2/2:   1%|          | 15/1407 [00:02<03:36,  6.43it/s]
BERT epoch 2/2:   1%|          | 16/1407 [00:02<03:38,  6.37it/s]
BERT epoch 2/2:   1%|          | 17/1407 [00:02<03:36,  6.43it/s]
BERT epoch 2/2:   1%|▏         | 18/1407 [00:02<03:34,  6.48it/s]
BERT epoch 2/2:   1%|▏         | 19/1407 [00:02<03:36,  6.40it/s]
BERT epoch 2/2:   1%|▏         | 20/1407 [00:03<03:34,  6.45it/s]
BERT epoch 2/2:   1%|▏         | 21/1407 [00:03<03:37,  6.37it/s]
BERT epoch 2/2:   2%|▏         | 22/1407 [00:03<03:36,  6.41it/s]
BERT epoch 2/2:   2%|▏         | 23/1407 [00:03<03:35,  6.42it/s]
BERT epoch 2/2:   2%|▏         | 24/1407 [00:03<03:43,  6.19it/s]
BERT epoch 2/2:   2%|▏         | 25/1407 [00:03<03:35,  6.42it/s]
BERT epoch 2/2:   2%|▏         | 26/1407 [00:04<03:29,  6.59it/s]
BERT epoch 2/2:   2%|▏         | 27/1407 [00:04<03:30,  6.56it/s]
BERT epoch 2/2:   2%|▏         | 28/1407 [00:04<03:36,  6.36it/s]
BERT epoch 2/2:   2%|▏         | 29/1407 [00:04<03:47,  6.06it/s]
BERT epoch 2/2:   2%|▏         | 30/1407 [00:04<03:55,  5.85it/s]
BERT epoch 2/2:   2%|▏         | 31/1407 [00:04<04:01,  5.70it/s]
BERT epoch 2/2:   2%|▏         | 32/1407 [00:05<03:50,  5.98it/s]
BERT epoch 2/2:   2%|▏         | 33/1407 [00:05<03:44,  6.13it/s]
BERT epoch 2/2:   2%|▏         | 34/1407 [00:05<03:40,  6.24it/s]
BERT epoch 2/2:   2%|▏         | 35/1407 [00:05<03:34,  6.39it/s]
BERT epoch 2/2:   3%|▎         | 36/1407 [00:05<03:31,  6.49it/s]
BERT epoch 2/2:   3%|▎         | 37/1407 [00:05<03:36,  6.34it/s]
BERT epoch 2/2:   3%|▎         | 38/1407 [00:05<03:36,  6.33it/s]
BERT epoch 2/2:   3%|▎         | 39/1407 [00:06<03:32,  6.44it/s]
BERT epoch 2/2:   3%|▎         | 40/1407 [00:06<03:28,  6.55it/s]
BERT epoch 2/2:   3%|▎         | 41/1407 [00:06<03:26,  6.61it/s]
BERT epoch 2/2:   3%|▎         | 42/1407 [00:06<03:28,  6.55it/s]
BERT epoch 2/2:   3%|▎         | 43/1407 [00:06<03:27,  6.56it/s]
BERT epoch 2/2:   3%|▎         | 44/1407 [00:06<03:28,  6.55it/s]
BERT epoch 2/2:   3%|▎         | 45/1407 [00:07<03:25,  6.62it/s]
BERT epoch 2/2:   3%|▎         | 46/1407 [00:07<03:38,  6.23it/s]
BERT epoch 2/2:   3%|▎         | 47/1407 [00:07<03:47,  5.98it/s]
BERT epoch 2/2:   3%|▎         | 48/1407 [00:07<03:46,  6.01it/s]
BERT epoch 2/2:   3%|▎         | 49/1407 [00:07<03:44,  6.05it/s]
BERT epoch 2/2:   4%|▎         | 50/1407 [00:07<03:54,  5.79it/s]
BERT epoch 2/2:   4%|▎         | 51/1407 [00:08<03:51,  5.87it/s]
BERT epoch 2/2:   4%|▎         | 52/1407 [00:08<03:43,  6.05it/s]
BERT epoch 2/2:   4%|▍         | 53/1407 [00:08<03:49,  5.89it/s]
BERT epoch 2/2:   4%|▍         | 54/1407 [00:08<03:38,  6.19it/s]
BERT epoch 2/2:   4%|▍         | 55/1407 [00:08<03:31,  6.38it/s]
BERT epoch 2/2:   4%|▍         | 56/1407 [00:08<03:24,  6.60it/s]
BERT epoch 2/2:   4%|▍         | 57/1407 [00:09<03:23,  6.64it/s]
BERT epoch 2/2:   4%|▍         | 58/1407 [00:09<03:27,  6.49it/s]
BERT epoch 2/2:   4%|▍         | 59/1407 [00:09<03:31,  6.37it/s]
BERT epoch 2/2:   4%|▍         | 60/1407 [00:09<03:23,  6.61it/s]
BERT epoch 2/2:   4%|▍         | 61/1407 [00:09<03:27,  6.48it/s]
BERT epoch 2/2:   4%|▍         | 62/1407 [00:09<03:40,  6.10it/s]
BERT epoch 2/2:   4%|▍         | 63/1407 [00:09<03:40,  6.09it/s]
BERT epoch 2/2:   5%|▍         | 64/1407 [00:10<03:40,  6.08it/s]
BERT epoch 2/2:   5%|▍         | 65/1407 [00:10<03:36,  6.21it/s]
BERT epoch 2/2:   5%|▍         | 66/1407 [00:10<03:36,  6.20it/s]
BERT epoch 2/2:   5%|▍         | 67/1407 [00:10<03:40,  6.08it/s]
BERT epoch 2/2:   5%|▍         | 68/1407 [00:10<03:43,  6.00it/s]
BERT epoch 2/2:   5%|▍         | 69/1407 [00:10<03:39,  6.10it/s]
BERT epoch 2/2:   5%|▍         | 70/1407 [00:11<03:33,  6.27it/s]
BERT epoch 2/2:   5%|▌         | 71/1407 [00:11<03:29,  6.37it/s]
BERT epoch 2/2:   5%|▌         | 72/1407 [00:11<03:23,  6.55it/s]
BERT epoch 2/2:   5%|▌         | 73/1407 [00:11<03:19,  6.70it/s]
BERT epoch 2/2:   5%|▌         | 74/1407 [00:11<03:18,  6.73it/s]
BERT epoch 2/2:   5%|▌         | 75/1407 [00:11<03:15,  6.80it/s]
BERT epoch 2/2:   5%|▌         | 76/1407 [00:11<03:20,  6.64it/s]
BERT epoch 2/2:   5%|▌         | 77/1407 [00:12<03:18,  6.69it/s]
BERT epoch 2/2:   6%|▌         | 78/1407 [00:12<03:21,  6.59it/s]
BERT epoch 2/2:   6%|▌         | 79/1407 [00:12<03:19,  6.67it/s]
BERT epoch 2/2:   6%|▌         | 80/1407 [00:12<03:15,  6.80it/s]
BERT epoch 2/2:   6%|▌         | 81/1407 [00:12<03:12,  6.88it/s]
BERT epoch 2/2:   6%|▌         | 82/1407 [00:12<03:14,  6.82it/s]
BERT epoch 2/2:   6%|▌         | 83/1407 [00:13<03:21,  6.56it/s]
BERT epoch 2/2:   6%|▌         | 84/1407 [00:13<03:19,  6.63it/s]
BERT epoch 2/2:   6%|▌         | 85/1407 [00:13<03:15,  6.77it/s]
BERT epoch 2/2:   6%|▌         | 86/1407 [00:13<03:12,  6.87it/s]
BERT epoch 2/2:   6%|▌         | 87/1407 [00:13<03:16,  6.72it/s]
BERT epoch 2/2:   6%|▋         | 88/1407 [00:13<03:18,  6.63it/s]
BERT epoch 2/2:   6%|▋         | 89/1407 [00:13<03:23,  6.49it/s]
BERT epoch 2/2:   6%|▋         | 90/1407 [00:14<03:21,  6.55it/s]
BERT epoch 2/2:   6%|▋         | 91/1407 [00:14<03:24,  6.44it/s]
BERT epoch 2/2:   7%|▋         | 92/1407 [00:14<03:25,  6.41it/s]
BERT epoch 2/2:   7%|▋         | 93/1407 [00:14<03:22,  6.49it/s]
BERT epoch 2/2:   7%|▋         | 94/1407 [00:14<03:19,  6.57it/s]
BERT epoch 2/2:   7%|▋         | 95/1407 [00:14<03:21,  6.51it/s]
BERT epoch 2/2:   7%|▋         | 96/1407 [00:15<03:23,  6.44it/s]
BERT epoch 2/2:   7%|▋         | 97/1407 [00:15<03:24,  6.40it/s]
BERT epoch 2/2:   7%|▋         | 98/1407 [00:15<03:20,  6.52it/s]
BERT epoch 2/2:   7%|▋         | 99/1407 [00:15<03:15,  6.68it/s]
BERT epoch 2/2:   7%|▋         | 100/1407 [00:15<03:18,  6.60it/s]
BERT epoch 2/2:   7%|▋         | 101/1407 [00:15<03:13,  6.75it/s]
BERT epoch 2/2:   7%|▋         | 102/1407 [00:15<03:10,  6.85it/s]
BERT epoch 2/2:   7%|▋         | 103/1407 [00:16<03:18,  6.55it/s]
BERT epoch 2/2:   7%|▋         | 104/1407 [00:16<03:17,  6.59it/s]
BERT epoch 2/2:   7%|▋         | 105/1407 [00:16<03:15,  6.65it/s]
BERT epoch 2/2:   8%|▊         | 106/1407 [00:16<03:11,  6.80it/s]
BERT epoch 2/2:   8%|▊         | 107/1407 [00:16<03:11,  6.80it/s]
BERT epoch 2/2:   8%|▊         | 108/1407 [00:16<03:11,  6.78it/s]
BERT epoch 2/2:   8%|▊         | 109/1407 [00:16<03:12,  6.76it/s]
BERT epoch 2/2:   8%|▊         | 110/1407 [00:17<03:15,  6.64it/s]
BERT epoch 2/2:   8%|▊         | 111/1407 [00:17<03:16,  6.58it/s]
BERT epoch 2/2:   8%|▊         | 112/1407 [00:17<03:19,  6.50it/s]
BERT epoch 2/2:   8%|▊         | 113/1407 [00:17<03:24,  6.34it/s]
BERT epoch 2/2:   8%|▊         | 114/1407 [00:17<03:17,  6.56it/s]
BERT epoch 2/2:   8%|▊         | 115/1407 [00:17<03:26,  6.26it/s]
BERT epoch 2/2:   8%|▊         | 116/1407 [00:18<03:22,  6.38it/s]
BERT epoch 2/2:   8%|▊         | 117/1407 [00:18<03:21,  6.40it/s]
BERT epoch 2/2:   8%|▊         | 118/1407 [00:18<03:15,  6.61it/s]
BERT epoch 2/2:   8%|▊         | 119/1407 [00:18<03:15,  6.59it/s]
BERT epoch 2/2:   9%|▊         | 120/1407 [00:18<03:17,  6.53it/s]
BERT epoch 2/2:   9%|▊         | 121/1407 [00:18<03:27,  6.19it/s]
BERT epoch 2/2:   9%|▊         | 122/1407 [00:18<03:23,  6.32it/s]
BERT epoch 2/2:   9%|▊         | 123/1407 [00:19<03:17,  6.49it/s]
BERT epoch 2/2:   9%|▉         | 124/1407 [00:19<03:15,  6.57it/s]
BERT epoch 2/2:   9%|▉         | 125/1407 [00:19<03:10,  6.72it/s]
BERT epoch 2/2:   9%|▉         | 126/1407 [00:19<03:17,  6.50it/s]
BERT epoch 2/2:   9%|▉         | 127/1407 [00:19<03:18,  6.43it/s]
BERT epoch 2/2:   9%|▉         | 128/1407 [00:19<03:15,  6.56it/s]
BERT epoch 2/2:   9%|▉         | 129/1407 [00:20<03:13,  6.61it/s]
BERT epoch 2/2:   9%|▉         | 130/1407 [00:20<03:13,  6.59it/s]
BERT epoch 2/2:   9%|▉         | 131/1407 [00:20<03:17,  6.45it/s]
BERT epoch 2/2:   9%|▉         | 132/1407 [00:20<03:14,  6.55it/s]
BERT epoch 2/2:   9%|▉         | 133/1407 [00:20<03:12,  6.63it/s]
BERT epoch 2/2:  10%|▉         | 134/1407 [00:20<03:10,  6.67it/s]
BERT epoch 2/2:  10%|▉         | 135/1407 [00:20<03:09,  6.70it/s]
BERT epoch 2/2:  10%|▉         | 136/1407 [00:21<03:04,  6.90it/s]
BERT epoch 2/2:  10%|▉         | 137/1407 [00:21<03:04,  6.87it/s]
BERT epoch 2/2:  10%|▉         | 138/1407 [00:21<03:02,  6.95it/s]
BERT epoch 2/2:  10%|▉         | 139/1407 [00:21<03:04,  6.87it/s]
BERT epoch 2/2:  10%|▉         | 140/1407 [00:21<03:05,  6.81it/s]
BERT epoch 2/2:  10%|█         | 141/1407 [00:21<03:09,  6.67it/s]
BERT epoch 2/2:  10%|█         | 142/1407 [00:21<03:09,  6.67it/s]
BERT epoch 2/2:  10%|█         | 143/1407 [00:22<03:13,  6.54it/s]
BERT epoch 2/2:  10%|█         | 144/1407 [00:22<03:11,  6.60it/s]
BERT epoch 2/2:  10%|█         | 145/1407 [00:22<03:14,  6.48it/s]
BERT epoch 2/2:  10%|█         | 146/1407 [00:22<03:18,  6.35it/s]
BERT epoch 2/2:  10%|█         | 147/1407 [00:22<03:14,  6.48it/s]
BERT epoch 2/2:  11%|█         | 148/1407 [00:22<03:11,  6.58it/s]
BERT epoch 2/2:  11%|█         | 149/1407 [00:23<03:12,  6.53it/s]
BERT epoch 2/2:  11%|█         | 150/1407 [00:23<03:14,  6.46it/s]
BERT epoch 2/2:  11%|█         | 151/1407 [00:23<03:13,  6.50it/s]
BERT epoch 2/2:  11%|█         | 152/1407 [00:23<03:10,  6.60it/s]
BERT epoch 2/2:  11%|█         | 153/1407 [00:23<03:07,  6.67it/s]
BERT epoch 2/2:  11%|█         | 154/1407 [00:23<03:06,  6.72it/s]
BERT epoch 2/2:  11%|█         | 155/1407 [00:23<03:09,  6.62it/s]
BERT epoch 2/2:  11%|█         | 156/1407 [00:24<03:04,  6.77it/s]
BERT epoch 2/2:  11%|█         | 157/1407 [00:24<03:04,  6.76it/s]
BERT epoch 2/2:  11%|█         | 158/1407 [00:24<03:02,  6.85it/s]
BERT epoch 2/2:  11%|█▏        | 159/1407 [00:24<03:10,  6.56it/s]
BERT epoch 2/2:  11%|█▏        | 160/1407 [00:24<03:05,  6.72it/s]
BERT epoch 2/2:  11%|█▏        | 161/1407 [00:24<03:06,  6.68it/s]
BERT epoch 2/2:  12%|█▏        | 162/1407 [00:25<03:07,  6.64it/s]
BERT epoch 2/2:  12%|█▏        | 163/1407 [00:25<03:10,  6.54it/s]
BERT epoch 2/2:  12%|█▏        | 164/1407 [00:25<03:09,  6.57it/s]
BERT epoch 2/2:  12%|█▏        | 165/1407 [00:25<03:10,  6.51it/s]
BERT epoch 2/2:  12%|█▏        | 166/1407 [00:25<03:08,  6.60it/s]
BERT epoch 2/2:  12%|█▏        | 167/1407 [00:25<03:16,  6.30it/s]
BERT epoch 2/2:  12%|█▏        | 168/1407 [00:25<03:12,  6.43it/s]
BERT epoch 2/2:  12%|█▏        | 169/1407 [00:26<03:12,  6.43it/s]
BERT epoch 2/2:  12%|█▏        | 170/1407 [00:26<03:08,  6.55it/s]
BERT epoch 2/2:  12%|█▏        | 171/1407 [00:26<03:03,  6.74it/s]
BERT epoch 2/2:  12%|█▏        | 172/1407 [00:26<03:01,  6.81it/s]
BERT epoch 2/2:  12%|█▏        | 173/1407 [00:26<03:04,  6.68it/s]
BERT epoch 2/2:  12%|█▏        | 174/1407 [00:26<03:10,  6.48it/s]
BERT epoch 2/2:  12%|█▏        | 175/1407 [00:27<03:11,  6.44it/s]
BERT epoch 2/2:  13%|█▎        | 176/1407 [00:27<03:07,  6.56it/s]
BERT epoch 2/2:  13%|█▎        | 177/1407 [00:27<03:09,  6.50it/s]
BERT epoch 2/2:  13%|█▎        | 178/1407 [00:27<03:10,  6.46it/s]
BERT epoch 2/2:  13%|█▎        | 179/1407 [00:27<03:06,  6.58it/s]
BERT epoch 2/2:  13%|█▎        | 180/1407 [00:27<03:05,  6.63it/s]
BERT epoch 2/2:  13%|█▎        | 181/1407 [00:27<03:00,  6.78it/s]
BERT epoch 2/2:  13%|█▎        | 182/1407 [00:28<02:58,  6.87it/s]
BERT epoch 2/2:  13%|█▎        | 183/1407 [00:28<02:58,  6.84it/s]
BERT epoch 2/2:  13%|█▎        | 184/1407 [00:28<03:02,  6.69it/s]
BERT epoch 2/2:  13%|█▎        | 185/1407 [00:28<02:59,  6.79it/s]
BERT epoch 2/2:  13%|█▎        | 186/1407 [00:28<02:57,  6.89it/s]
BERT epoch 2/2:  13%|█▎        | 187/1407 [00:28<03:01,  6.71it/s]
BERT epoch 2/2:  13%|█▎        | 188/1407 [00:28<02:58,  6.83it/s]
BERT epoch 2/2:  13%|█▎        | 189/1407 [00:29<02:57,  6.85it/s]
BERT epoch 2/2:  14%|█▎        | 190/1407 [00:29<02:58,  6.83it/s]
BERT epoch 2/2:  14%|█▎        | 191/1407 [00:29<03:01,  6.68it/s]
BERT epoch 2/2:  14%|█▎        | 192/1407 [00:29<03:01,  6.70it/s]
BERT epoch 2/2:  14%|█▎        | 193/1407 [00:29<03:00,  6.73it/s]
BERT epoch 2/2:  14%|█▍        | 194/1407 [00:29<03:00,  6.72it/s]
BERT epoch 2/2:  14%|█▍        | 195/1407 [00:29<03:00,  6.73it/s]
BERT epoch 2/2:  14%|█▍        | 196/1407 [00:30<03:04,  6.56it/s]
BERT epoch 2/2:  14%|█▍        | 197/1407 [00:30<03:00,  6.69it/s]
BERT epoch 2/2:  14%|█▍        | 198/1407 [00:30<02:58,  6.78it/s]
BERT epoch 2/2:  14%|█▍        | 199/1407 [00:30<02:57,  6.80it/s]
BERT epoch 2/2:  14%|█▍        | 200/1407 [00:30<02:57,  6.81it/s]
BERT epoch 2/2:  14%|█▍        | 201/1407 [00:30<02:57,  6.81it/s]
BERT epoch 2/2:  14%|█▍        | 202/1407 [00:31<02:56,  6.82it/s]
BERT epoch 2/2:  14%|█▍        | 203/1407 [00:31<03:00,  6.66it/s]
BERT epoch 2/2:  14%|█▍        | 204/1407 [00:31<02:59,  6.70it/s]
BERT epoch 2/2:  15%|█▍        | 205/1407 [00:31<03:01,  6.61it/s]
BERT epoch 2/2:  15%|█▍        | 206/1407 [00:31<03:00,  6.64it/s]
BERT epoch 2/2:  15%|█▍        | 207/1407 [00:31<02:59,  6.69it/s]
BERT epoch 2/2:  15%|█▍        | 208/1407 [00:31<03:01,  6.60it/s]
BERT epoch 2/2:  15%|█▍        | 209/1407 [00:32<02:58,  6.71it/s]
BERT epoch 2/2:  15%|█▍        | 210/1407 [00:32<02:56,  6.79it/s]
BERT epoch 2/2:  15%|█▍        | 211/1407 [00:32<03:00,  6.61it/s]
BERT epoch 2/2:  15%|█▌        | 212/1407 [00:32<03:02,  6.55it/s]
BERT epoch 2/2:  15%|█▌        | 213/1407 [00:32<03:00,  6.62it/s]
BERT epoch 2/2:  15%|█▌        | 214/1407 [00:32<03:08,  6.32it/s]
BERT epoch 2/2:  15%|█▌        | 215/1407 [00:33<03:07,  6.36it/s]
BERT epoch 2/2:  15%|█▌        | 216/1407 [00:33<03:01,  6.56it/s]
BERT epoch 2/2:  15%|█▌        | 217/1407 [00:33<02:59,  6.63it/s]
BERT epoch 2/2:  15%|█▌        | 218/1407 [00:33<03:04,  6.45it/s]
BERT epoch 2/2:  16%|█▌        | 219/1407 [00:33<02:59,  6.63it/s]
BERT epoch 2/2:  16%|█▌        | 220/1407 [00:33<02:58,  6.66it/s]
BERT epoch 2/2:  16%|█▌        | 221/1407 [00:33<02:55,  6.76it/s]
BERT epoch 2/2:  16%|█▌        | 222/1407 [00:34<02:56,  6.73it/s]
BERT epoch 2/2:  16%|█▌        | 223/1407 [00:34<03:00,  6.55it/s]
BERT epoch 2/2:  16%|█▌        | 224/1407 [00:34<02:56,  6.69it/s]
BERT epoch 2/2:  16%|█▌        | 225/1407 [00:34<02:53,  6.79it/s]
BERT epoch 2/2:  16%|█▌        | 226/1407 [00:34<02:57,  6.64it/s]
BERT epoch 2/2:  16%|█▌        | 227/1407 [00:34<02:54,  6.78it/s]
BERT epoch 2/2:  16%|█▌        | 228/1407 [00:34<02:51,  6.87it/s]
BERT epoch 2/2:  16%|█▋        | 229/1407 [00:35<02:54,  6.74it/s]
BERT epoch 2/2:  16%|█▋        | 230/1407 [00:35<02:53,  6.80it/s]
BERT epoch 2/2:  16%|█▋        | 231/1407 [00:35<02:56,  6.66it/s]
BERT epoch 2/2:  16%|█▋        | 232/1407 [00:35<02:53,  6.78it/s]
BERT epoch 2/2:  17%|█▋        | 233/1407 [00:35<02:56,  6.66it/s]
BERT epoch 2/2:  17%|█▋        | 234/1407 [00:35<02:52,  6.80it/s]
BERT epoch 2/2:  17%|█▋        | 235/1407 [00:35<02:57,  6.61it/s]
BERT epoch 2/2:  17%|█▋        | 236/1407 [00:36<02:53,  6.75it/s]
BERT epoch 2/2:  17%|█▋        | 237/1407 [00:36<02:55,  6.65it/s]
BERT epoch 2/2:  17%|█▋        | 238/1407 [00:36<02:58,  6.56it/s]
BERT epoch 2/2:  17%|█▋        | 239/1407 [00:36<02:59,  6.50it/s]
BERT epoch 2/2:  17%|█▋        | 240/1407 [00:36<02:57,  6.58it/s]
BERT epoch 2/2:  17%|█▋        | 241/1407 [00:36<02:55,  6.64it/s]
BERT epoch 2/2:  17%|█▋        | 242/1407 [00:37<02:50,  6.85it/s]
BERT epoch 2/2:  17%|█▋        | 243/1407 [00:37<02:50,  6.82it/s]
BERT epoch 2/2:  17%|█▋        | 244/1407 [00:37<02:53,  6.70it/s]
BERT epoch 2/2:  17%|█▋        | 245/1407 [00:37<02:48,  6.89it/s]
BERT epoch 2/2:  17%|█▋        | 246/1407 [00:37<02:53,  6.69it/s]
BERT epoch 2/2:  18%|█▊        | 247/1407 [00:37<02:55,  6.60it/s]
BERT epoch 2/2:  18%|█▊        | 248/1407 [00:37<02:55,  6.62it/s]
BERT epoch 2/2:  18%|█▊        | 249/1407 [00:38<02:51,  6.74it/s]
BERT epoch 2/2:  18%|█▊        | 250/1407 [00:38<02:54,  6.63it/s]
BERT epoch 2/2:  18%|█▊        | 251/1407 [00:38<02:56,  6.53it/s]
BERT epoch 2/2:  18%|█▊        | 252/1407 [00:38<02:58,  6.47it/s]
BERT epoch 2/2:  18%|█▊        | 253/1407 [00:38<02:59,  6.42it/s]
BERT epoch 2/2:  18%|█▊        | 254/1407 [00:38<02:54,  6.61it/s]
BERT epoch 2/2:  18%|█▊        | 255/1407 [00:38<02:56,  6.54it/s]
BERT epoch 2/2:  18%|█▊        | 256/1407 [00:39<02:53,  6.62it/s]
BERT epoch 2/2:  18%|█▊        | 257/1407 [00:39<02:53,  6.64it/s]
BERT epoch 2/2:  18%|█▊        | 258/1407 [00:39<02:51,  6.68it/s]
BERT epoch 2/2:  18%|█▊        | 259/1407 [00:39<02:54,  6.60it/s]
BERT epoch 2/2:  18%|█▊        | 260/1407 [00:39<02:52,  6.66it/s]
BERT epoch 2/2:  19%|█▊        | 261/1407 [00:39<02:58,  6.40it/s]
BERT epoch 2/2:  19%|█▊        | 262/1407 [00:40<02:58,  6.40it/s]
BERT epoch 2/2:  19%|█▊        | 263/1407 [00:40<02:53,  6.60it/s]
BERT epoch 2/2:  19%|█▉        | 264/1407 [00:40<02:52,  6.64it/s]
BERT epoch 2/2:  19%|█▉        | 265/1407 [00:40<02:53,  6.57it/s]
BERT epoch 2/2:  19%|█▉        | 266/1407 [00:40<02:50,  6.69it/s]
BERT epoch 2/2:  19%|█▉        | 267/1407 [00:40<02:53,  6.56it/s]
BERT epoch 2/2:  19%|█▉        | 268/1407 [00:40<02:55,  6.49it/s]
BERT epoch 2/2:  19%|█▉        | 269/1407 [00:41<02:52,  6.59it/s]
BERT epoch 2/2:  19%|█▉        | 270/1407 [00:41<02:53,  6.54it/s]
BERT epoch 2/2:  19%|█▉        | 271/1407 [00:41<02:51,  6.61it/s]
BERT epoch 2/2:  19%|█▉        | 272/1407 [00:41<02:50,  6.65it/s]
BERT epoch 2/2:  19%|█▉        | 273/1407 [00:41<02:49,  6.69it/s]
BERT epoch 2/2:  19%|█▉        | 274/1407 [00:41<02:56,  6.41it/s]
BERT epoch 2/2:  20%|█▉        | 275/1407 [00:42<02:54,  6.50it/s]
BERT epoch 2/2:  20%|█▉        | 276/1407 [00:42<02:53,  6.52it/s]
BERT epoch 2/2:  20%|█▉        | 277/1407 [00:42<02:48,  6.70it/s]
BERT epoch 2/2:  20%|█▉        | 278/1407 [00:42<02:51,  6.60it/s]
BERT epoch 2/2:  20%|█▉        | 279/1407 [00:42<02:52,  6.53it/s]
BERT epoch 2/2:  20%|█▉        | 280/1407 [00:42<02:48,  6.68it/s]
BERT epoch 2/2:  20%|█▉        | 281/1407 [00:42<02:48,  6.69it/s]
BERT epoch 2/2:  20%|██        | 282/1407 [00:43<02:46,  6.74it/s]
BERT epoch 2/2:  20%|██        | 283/1407 [00:43<02:46,  6.76it/s]
BERT epoch 2/2:  20%|██        | 284/1407 [00:43<02:52,  6.52it/s]
BERT epoch 2/2:  20%|██        | 285/1407 [00:43<02:50,  6.58it/s]
BERT epoch 2/2:  20%|██        | 286/1407 [00:43<02:46,  6.74it/s]
BERT epoch 2/2:  20%|██        | 287/1407 [00:43<02:48,  6.65it/s]
BERT epoch 2/2:  20%|██        | 288/1407 [00:43<02:47,  6.67it/s]
BERT epoch 2/2:  21%|██        | 289/1407 [00:44<02:49,  6.61it/s]
BERT epoch 2/2:  21%|██        | 290/1407 [00:44<02:45,  6.73it/s]
BERT epoch 2/2:  21%|██        | 291/1407 [00:44<02:46,  6.69it/s]
BERT epoch 2/2:  21%|██        | 292/1407 [00:44<02:49,  6.58it/s]
BERT epoch 2/2:  21%|██        | 293/1407 [00:44<02:47,  6.65it/s]
BERT epoch 2/2:  21%|██        | 294/1407 [00:44<02:52,  6.44it/s]
BERT epoch 2/2:  21%|██        | 295/1407 [00:45<02:52,  6.43it/s]
BERT epoch 2/2:  21%|██        | 296/1407 [00:45<02:47,  6.62it/s]
BERT epoch 2/2:  21%|██        | 297/1407 [00:45<02:49,  6.56it/s]
BERT epoch 2/2:  21%|██        | 298/1407 [00:45<02:44,  6.74it/s]
BERT epoch 2/2:  21%|██▏       | 299/1407 [00:45<02:46,  6.64it/s]
BERT epoch 2/2:  21%|██▏       | 300/1407 [00:45<02:45,  6.68it/s]
BERT epoch 2/2:  21%|██▏       | 301/1407 [00:45<02:48,  6.58it/s]
BERT epoch 2/2:  21%|██▏       | 302/1407 [00:46<02:46,  6.65it/s]
BERT epoch 2/2:  22%|██▏       | 303/1407 [00:46<02:52,  6.39it/s]
BERT epoch 2/2:  22%|██▏       | 304/1407 [00:46<02:53,  6.37it/s]
BERT epoch 2/2:  22%|██▏       | 305/1407 [00:46<02:52,  6.40it/s]
BERT epoch 2/2:  22%|██▏       | 306/1407 [00:46<02:47,  6.59it/s]
BERT epoch 2/2:  22%|██▏       | 307/1407 [00:46<02:48,  6.54it/s]
BERT epoch 2/2:  22%|██▏       | 308/1407 [00:47<02:44,  6.69it/s]
BERT epoch 2/2:  22%|██▏       | 309/1407 [00:47<02:43,  6.72it/s]
BERT epoch 2/2:  22%|██▏       | 310/1407 [00:47<02:43,  6.73it/s]
BERT epoch 2/2:  22%|██▏       | 311/1407 [00:47<02:42,  6.76it/s]
BERT epoch 2/2:  22%|██▏       | 312/1407 [00:47<02:41,  6.76it/s]
BERT epoch 2/2:  22%|██▏       | 313/1407 [00:47<02:39,  6.85it/s]
BERT epoch 2/2:  22%|██▏       | 314/1407 [00:47<02:43,  6.70it/s]
BERT epoch 2/2:  22%|██▏       | 315/1407 [00:48<02:40,  6.82it/s]
BERT epoch 2/2:  22%|██▏       | 316/1407 [00:48<02:36,  6.96it/s]
BERT epoch 2/2:  23%|██▎       | 317/1407 [00:48<02:35,  6.99it/s]
BERT epoch 2/2:  23%|██▎       | 318/1407 [00:48<02:36,  6.97it/s]
BERT epoch 2/2:  23%|██▎       | 319/1407 [00:48<02:36,  6.94it/s]
BERT epoch 2/2:  23%|██▎       | 320/1407 [00:48<02:40,  6.76it/s]
BERT epoch 2/2:  23%|██▎       | 321/1407 [00:48<02:44,  6.62it/s]
BERT epoch 2/2:  23%|██▎       | 322/1407 [00:49<02:43,  6.64it/s]
BERT epoch 2/2:  23%|██▎       | 323/1407 [00:49<02:45,  6.54it/s]
BERT epoch 2/2:  23%|██▎       | 324/1407 [00:49<02:50,  6.37it/s]
BERT epoch 2/2:  23%|██▎       | 325/1407 [00:49<02:49,  6.38it/s]
BERT epoch 2/2:  23%|██▎       | 326/1407 [00:49<02:48,  6.42it/s]
BERT epoch 2/2:  23%|██▎       | 327/1407 [00:49<02:45,  6.52it/s]
BERT epoch 2/2:  23%|██▎       | 328/1407 [00:50<02:43,  6.62it/s]
BERT epoch 2/2:  23%|██▎       | 329/1407 [00:50<02:44,  6.56it/s]
BERT epoch 2/2:  23%|██▎       | 330/1407 [00:50<02:40,  6.70it/s]
BERT epoch 2/2:  24%|██▎       | 331/1407 [00:50<02:41,  6.66it/s]
BERT epoch 2/2:  24%|██▎       | 332/1407 [00:50<02:37,  6.80it/s]
BERT epoch 2/2:  24%|██▎       | 333/1407 [00:50<02:38,  6.78it/s]
BERT epoch 2/2:  24%|██▎       | 334/1407 [00:50<02:38,  6.76it/s]
BERT epoch 2/2:  24%|██▍       | 335/1407 [00:51<02:47,  6.42it/s]
BERT epoch 2/2:  24%|██▍       | 336/1407 [00:51<02:44,  6.52it/s]
BERT epoch 2/2:  24%|██▍       | 337/1407 [00:51<02:40,  6.66it/s]
BERT epoch 2/2:  24%|██▍       | 338/1407 [00:51<02:40,  6.66it/s]
BERT epoch 2/2:  24%|██▍       | 339/1407 [00:51<02:37,  6.76it/s]
BERT epoch 2/2:  24%|██▍       | 340/1407 [00:51<02:34,  6.91it/s]
BERT epoch 2/2:  24%|██▍       | 341/1407 [00:51<02:38,  6.71it/s]
BERT epoch 2/2:  24%|██▍       | 342/1407 [00:52<02:38,  6.72it/s]
BERT epoch 2/2:  24%|██▍       | 343/1407 [00:52<02:36,  6.81it/s]
BERT epoch 2/2:  24%|██▍       | 344/1407 [00:52<02:40,  6.64it/s]
BERT epoch 2/2:  25%|██▍       | 345/1407 [00:52<02:41,  6.57it/s]
BERT epoch 2/2:  25%|██▍       | 346/1407 [00:52<02:46,  6.37it/s]
BERT epoch 2/2:  25%|██▍       | 347/1407 [00:52<02:42,  6.52it/s]
BERT epoch 2/2:  25%|██▍       | 348/1407 [00:53<02:41,  6.56it/s]
BERT epoch 2/2:  25%|██▍       | 349/1407 [00:53<02:39,  6.62it/s]
BERT epoch 2/2:  25%|██▍       | 350/1407 [00:53<02:36,  6.74it/s]
BERT epoch 2/2:  25%|██▍       | 351/1407 [00:53<02:40,  6.60it/s]
BERT epoch 2/2:  25%|██▌       | 352/1407 [00:53<02:42,  6.49it/s]
BERT epoch 2/2:  25%|██▌       | 353/1407 [00:53<02:39,  6.59it/s]
BERT epoch 2/2:  25%|██▌       | 354/1407 [00:53<02:35,  6.76it/s]
BERT epoch 2/2:  25%|██▌       | 355/1407 [00:54<02:35,  6.77it/s]
BERT epoch 2/2:  25%|██▌       | 356/1407 [00:54<02:35,  6.76it/s]
BERT epoch 2/2:  25%|██▌       | 357/1407 [00:54<02:35,  6.75it/s]
BERT epoch 2/2:  25%|██▌       | 358/1407 [00:54<02:35,  6.74it/s]
BERT epoch 2/2:  26%|██▌       | 359/1407 [00:54<02:33,  6.83it/s]
BERT epoch 2/2:  26%|██▌       | 360/1407 [00:54<02:33,  6.82it/s]
BERT epoch 2/2:  26%|██▌       | 361/1407 [00:54<02:33,  6.81it/s]
BERT epoch 2/2:  26%|██▌       | 362/1407 [00:55<02:37,  6.65it/s]
BERT epoch 2/2:  26%|██▌       | 363/1407 [00:55<02:35,  6.70it/s]
BERT epoch 2/2:  26%|██▌       | 364/1407 [00:55<02:38,  6.59it/s]
BERT epoch 2/2:  26%|██▌       | 365/1407 [00:55<02:40,  6.51it/s]
BERT epoch 2/2:  26%|██▌       | 366/1407 [00:55<02:33,  6.77it/s]
BERT epoch 2/2:  26%|██▌       | 367/1407 [00:55<02:33,  6.77it/s]
BERT epoch 2/2:  26%|██▌       | 368/1407 [00:55<02:33,  6.77it/s]
BERT epoch 2/2:  26%|██▌       | 369/1407 [00:56<02:33,  6.77it/s]
BERT epoch 2/2:  26%|██▋       | 370/1407 [00:56<02:37,  6.57it/s]
BERT epoch 2/2:  26%|██▋       | 371/1407 [00:56<02:40,  6.44it/s]
BERT epoch 2/2:  26%|██▋       | 372/1407 [00:56<02:42,  6.37it/s]
BERT epoch 2/2:  27%|██▋       | 373/1407 [00:56<02:39,  6.47it/s]
BERT epoch 2/2:  27%|██▋       | 374/1407 [00:56<02:35,  6.66it/s]
BERT epoch 2/2:  27%|██▋       | 375/1407 [00:57<02:34,  6.68it/s]
BERT epoch 2/2:  27%|██▋       | 376/1407 [00:57<02:32,  6.74it/s]
BERT epoch 2/2:  27%|██▋       | 377/1407 [00:57<02:36,  6.58it/s]
BERT epoch 2/2:  27%|██▋       | 378/1407 [00:57<02:37,  6.54it/s]
BERT epoch 2/2:  27%|██▋       | 379/1407 [00:57<02:35,  6.61it/s]
BERT epoch 2/2:  27%|██▋       | 380/1407 [00:57<02:42,  6.33it/s]
BERT epoch 2/2:  27%|██▋       | 381/1407 [00:57<02:38,  6.47it/s]
BERT epoch 2/2:  27%|██▋       | 382/1407 [00:58<02:39,  6.45it/s]
BERT epoch 2/2:  27%|██▋       | 383/1407 [00:58<02:36,  6.54it/s]
BERT epoch 2/2:  27%|██▋       | 384/1407 [00:58<02:35,  6.59it/s]
BERT epoch 2/2:  27%|██▋       | 385/1407 [00:58<02:34,  6.62it/s]
BERT epoch 2/2:  27%|██▋       | 386/1407 [00:58<02:33,  6.67it/s]
BERT epoch 2/2:  28%|██▊       | 387/1407 [00:58<02:35,  6.56it/s]
BERT epoch 2/2:  28%|██▊       | 388/1407 [00:59<02:31,  6.71it/s]
BERT epoch 2/2:  28%|██▊       | 389/1407 [00:59<02:31,  6.73it/s]
BERT epoch 2/2:  28%|██▊       | 390/1407 [00:59<02:30,  6.76it/s]
BERT epoch 2/2:  28%|██▊       | 391/1407 [00:59<02:32,  6.66it/s]
BERT epoch 2/2:  28%|██▊       | 392/1407 [00:59<02:31,  6.69it/s]
BERT epoch 2/2:  28%|██▊       | 393/1407 [00:59<02:28,  6.82it/s]
BERT epoch 2/2:  28%|██▊       | 394/1407 [00:59<02:28,  6.81it/s]
BERT epoch 2/2:  28%|██▊       | 395/1407 [01:00<02:32,  6.64it/s]
BERT epoch 2/2:  28%|██▊       | 396/1407 [01:00<02:30,  6.70it/s]
BERT epoch 2/2:  28%|██▊       | 397/1407 [01:00<02:28,  6.82it/s]
BERT epoch 2/2:  28%|██▊       | 398/1407 [01:00<02:26,  6.89it/s]
BERT epoch 2/2:  28%|██▊       | 399/1407 [01:00<02:26,  6.86it/s]
BERT epoch 2/2:  28%|██▊       | 400/1407 [01:00<02:24,  6.99it/s]
BERT epoch 2/2:  29%|██▊       | 401/1407 [01:00<02:25,  6.93it/s]
BERT epoch 2/2:  29%|██▊       | 402/1407 [01:01<02:25,  6.89it/s]
BERT epoch 2/2:  29%|██▊       | 403/1407 [01:01<02:27,  6.83it/s]
BERT epoch 2/2:  29%|██▊       | 404/1407 [01:01<02:25,  6.92it/s]
BERT epoch 2/2:  29%|██▉       | 405/1407 [01:01<02:32,  6.57it/s]
BERT epoch 2/2:  29%|██▉       | 406/1407 [01:01<02:34,  6.49it/s]
BERT epoch 2/2:  29%|██▉       | 407/1407 [01:01<02:41,  6.21it/s]
BERT epoch 2/2:  29%|██▉       | 408/1407 [01:02<02:36,  6.37it/s]
BERT epoch 2/2:  29%|██▉       | 409/1407 [01:02<02:33,  6.48it/s]
BERT epoch 2/2:  29%|██▉       | 410/1407 [01:02<02:31,  6.56it/s]
BERT epoch 2/2:  29%|██▉       | 411/1407 [01:02<02:29,  6.67it/s]
BERT epoch 2/2:  29%|██▉       | 412/1407 [01:02<02:31,  6.57it/s]
BERT epoch 2/2:  29%|██▉       | 413/1407 [01:02<02:27,  6.75it/s]
BERT epoch 2/2:  29%|██▉       | 414/1407 [01:02<02:24,  6.86it/s]
BERT epoch 2/2:  29%|██▉       | 415/1407 [01:03<02:25,  6.82it/s]
BERT epoch 2/2:  30%|██▉       | 416/1407 [01:03<02:25,  6.81it/s]
BERT epoch 2/2:  30%|██▉       | 417/1407 [01:03<02:25,  6.79it/s]
BERT epoch 2/2:  30%|██▉       | 418/1407 [01:03<02:26,  6.75it/s]
BERT epoch 2/2:  30%|██▉       | 419/1407 [01:03<02:26,  6.74it/s]
BERT epoch 2/2:  30%|██▉       | 420/1407 [01:03<02:25,  6.77it/s]
BERT epoch 2/2:  30%|██▉       | 421/1407 [01:03<02:24,  6.84it/s]
BERT epoch 2/2:  30%|██▉       | 422/1407 [01:04<02:22,  6.93it/s]
BERT epoch 2/2:  30%|███       | 423/1407 [01:04<02:20,  6.98it/s]
BERT epoch 2/2:  30%|███       | 424/1407 [01:04<02:24,  6.82it/s]
BERT epoch 2/2:  30%|███       | 425/1407 [01:04<02:25,  6.77it/s]
BERT epoch 2/2:  30%|███       | 426/1407 [01:04<02:23,  6.84it/s]
BERT epoch 2/2:  30%|███       | 427/1407 [01:04<02:26,  6.70it/s]
BERT epoch 2/2:  30%|███       | 428/1407 [01:04<02:25,  6.73it/s]
BERT epoch 2/2:  30%|███       | 429/1407 [01:05<02:25,  6.74it/s]
BERT epoch 2/2:  31%|███       | 430/1407 [01:05<02:24,  6.77it/s]
BERT epoch 2/2:  31%|███       | 431/1407 [01:05<02:24,  6.76it/s]
BERT epoch 2/2:  31%|███       | 432/1407 [01:05<02:24,  6.76it/s]
BERT epoch 2/2:  31%|███       | 433/1407 [01:05<02:23,  6.77it/s]
BERT epoch 2/2:  31%|███       | 434/1407 [01:05<02:24,  6.72it/s]
BERT epoch 2/2:  31%|███       | 435/1407 [01:06<02:27,  6.60it/s]
BERT epoch 2/2:  31%|███       | 436/1407 [01:06<02:29,  6.49it/s]
BERT epoch 2/2:  31%|███       | 437/1407 [01:06<02:27,  6.56it/s]
BERT epoch 2/2:  31%|███       | 438/1407 [01:06<02:25,  6.65it/s]
BERT epoch 2/2:  31%|███       | 439/1407 [01:06<02:24,  6.69it/s]
BERT epoch 2/2:  31%|███▏      | 440/1407 [01:06<02:24,  6.71it/s]
BERT epoch 2/2:  31%|███▏      | 441/1407 [01:06<02:26,  6.59it/s]
BERT epoch 2/2:  31%|███▏      | 442/1407 [01:07<02:27,  6.54it/s]
BERT epoch 2/2:  31%|███▏      | 443/1407 [01:07<02:28,  6.47it/s]
BERT epoch 2/2:  32%|███▏      | 444/1407 [01:07<02:27,  6.55it/s]
BERT epoch 2/2:  32%|███▏      | 445/1407 [01:07<02:23,  6.69it/s]
BERT epoch 2/2:  32%|███▏      | 446/1407 [01:07<02:23,  6.71it/s]
BERT epoch 2/2:  32%|███▏      | 447/1407 [01:07<02:23,  6.71it/s]
BERT epoch 2/2:  32%|███▏      | 448/1407 [01:07<02:22,  6.75it/s]
BERT epoch 2/2:  32%|███▏      | 449/1407 [01:08<02:21,  6.77it/s]
BERT epoch 2/2:  32%|███▏      | 450/1407 [01:08<02:24,  6.63it/s]
BERT epoch 2/2:  32%|███▏      | 451/1407 [01:08<02:22,  6.73it/s]
BERT epoch 2/2:  32%|███▏      | 452/1407 [01:08<02:24,  6.61it/s]
BERT epoch 2/2:  32%|███▏      | 453/1407 [01:08<02:26,  6.52it/s]
BERT epoch 2/2:  32%|███▏      | 454/1407 [01:08<02:24,  6.60it/s]
BERT epoch 2/2:  32%|███▏      | 455/1407 [01:09<02:21,  6.71it/s]
BERT epoch 2/2:  32%|███▏      | 456/1407 [01:09<02:25,  6.56it/s]
BERT epoch 2/2:  32%|███▏      | 457/1407 [01:09<02:21,  6.73it/s]
BERT epoch 2/2:  33%|███▎      | 458/1407 [01:09<02:24,  6.58it/s]
BERT epoch 2/2:  33%|███▎      | 459/1407 [01:09<02:21,  6.68it/s]
BERT epoch 2/2:  33%|███▎      | 460/1407 [01:09<02:23,  6.60it/s]
BERT epoch 2/2:  33%|███▎      | 461/1407 [01:09<02:25,  6.50it/s]
BERT epoch 2/2:  33%|███▎      | 462/1407 [01:10<02:24,  6.56it/s]
BERT epoch 2/2:  33%|███▎      | 463/1407 [01:10<02:25,  6.50it/s]
BERT epoch 2/2:  33%|███▎      | 464/1407 [01:10<02:31,  6.21it/s]
BERT epoch 2/2:  33%|███▎      | 465/1407 [01:10<02:28,  6.32it/s]
BERT epoch 2/2:  33%|███▎      | 466/1407 [01:10<02:26,  6.42it/s]
BERT epoch 2/2:  33%|███▎      | 467/1407 [01:10<02:29,  6.29it/s]
BERT epoch 2/2:  33%|███▎      | 468/1407 [01:11<02:31,  6.21it/s]
BERT epoch 2/2:  33%|███▎      | 469/1407 [01:11<02:27,  6.35it/s]
BERT epoch 2/2:  33%|███▎      | 470/1407 [01:11<02:26,  6.40it/s]
BERT epoch 2/2:  33%|███▎      | 471/1407 [01:11<02:27,  6.36it/s]
BERT epoch 2/2:  34%|███▎      | 472/1407 [01:11<02:22,  6.55it/s]
BERT epoch 2/2:  34%|███▎      | 473/1407 [01:11<02:22,  6.56it/s]
BERT epoch 2/2:  34%|███▎      | 474/1407 [01:11<02:20,  6.64it/s]
BERT epoch 2/2:  34%|███▍      | 475/1407 [01:12<02:23,  6.48it/s]
BERT epoch 2/2:  34%|███▍      | 476/1407 [01:12<02:23,  6.47it/s]
BERT epoch 2/2:  34%|███▍      | 477/1407 [01:12<02:25,  6.37it/s]
BERT epoch 2/2:  34%|███▍      | 478/1407 [01:12<02:22,  6.52it/s]
BERT epoch 2/2:  34%|███▍      | 479/1407 [01:12<02:21,  6.56it/s]
BERT epoch 2/2:  34%|███▍      | 480/1407 [01:12<02:18,  6.71it/s]
BERT epoch 2/2:  34%|███▍      | 481/1407 [01:13<02:17,  6.74it/s]
BERT epoch 2/2:  34%|███▍      | 482/1407 [01:13<02:15,  6.83it/s]
BERT epoch 2/2:  34%|███▍      | 483/1407 [01:13<02:13,  6.90it/s]
BERT epoch 2/2:  34%|███▍      | 484/1407 [01:13<02:12,  6.97it/s]
BERT epoch 2/2:  34%|███▍      | 485/1407 [01:13<02:11,  7.00it/s]
BERT epoch 2/2:  35%|███▍      | 486/1407 [01:13<02:12,  6.93it/s]
BERT epoch 2/2:  35%|███▍      | 487/1407 [01:13<02:12,  6.96it/s]
BERT epoch 2/2:  35%|███▍      | 488/1407 [01:14<02:11,  6.98it/s]
BERT epoch 2/2:  35%|███▍      | 489/1407 [01:14<02:12,  6.91it/s]
BERT epoch 2/2:  35%|███▍      | 490/1407 [01:14<02:19,  6.58it/s]
BERT epoch 2/2:  35%|███▍      | 491/1407 [01:14<02:21,  6.47it/s]
BERT epoch 2/2:  35%|███▍      | 492/1407 [01:14<02:16,  6.71it/s]
BERT epoch 2/2:  35%|███▌      | 493/1407 [01:14<02:13,  6.85it/s]
BERT epoch 2/2:  35%|███▌      | 494/1407 [01:14<02:16,  6.68it/s]
BERT epoch 2/2:  35%|███▌      | 495/1407 [01:15<02:18,  6.60it/s]
BERT epoch 2/2:  35%|███▌      | 496/1407 [01:15<02:16,  6.66it/s]
BERT epoch 2/2:  35%|███▌      | 497/1407 [01:15<02:14,  6.78it/s]
BERT epoch 2/2:  35%|███▌      | 498/1407 [01:15<02:17,  6.62it/s]
BERT epoch 2/2:  35%|███▌      | 499/1407 [01:15<02:14,  6.76it/s]
BERT epoch 2/2:  36%|███▌      | 500/1407 [01:15<02:19,  6.49it/s]
BERT epoch 2/2:  36%|███▌      | 501/1407 [01:16<02:23,  6.33it/s]
BERT epoch 2/2:  36%|███▌      | 502/1407 [01:16<02:18,  6.55it/s]
BERT epoch 2/2:  36%|███▌      | 503/1407 [01:16<02:19,  6.50it/s]
BERT epoch 2/2:  36%|███▌      | 504/1407 [01:16<02:18,  6.54it/s]
BERT epoch 2/2:  36%|███▌      | 505/1407 [01:16<02:19,  6.47it/s]
BERT epoch 2/2:  36%|███▌      | 506/1407 [01:16<02:23,  6.28it/s]
BERT epoch 2/2:  36%|███▌      | 507/1407 [01:16<02:16,  6.58it/s]
BERT epoch 2/2:  36%|███▌      | 508/1407 [01:17<02:16,  6.61it/s]
BERT epoch 2/2:  36%|███▌      | 509/1407 [01:17<02:17,  6.54it/s]
BERT epoch 2/2:  36%|███▌      | 510/1407 [01:17<02:18,  6.47it/s]
BERT epoch 2/2:  36%|███▋      | 511/1407 [01:17<02:15,  6.63it/s]
BERT epoch 2/2:  36%|███▋      | 512/1407 [01:17<02:11,  6.81it/s]
BERT epoch 2/2:  36%|███▋      | 513/1407 [01:17<02:12,  6.77it/s]
BERT epoch 2/2:  37%|███▋      | 514/1407 [01:18<02:22,  6.26it/s]
BERT epoch 2/2:  37%|███▋      | 515/1407 [01:18<02:21,  6.31it/s]
BERT epoch 2/2:  37%|███▋      | 516/1407 [01:18<02:18,  6.42it/s]
BERT epoch 2/2:  37%|███▋      | 517/1407 [01:18<02:16,  6.52it/s]
BERT epoch 2/2:  37%|███▋      | 518/1407 [01:18<02:15,  6.56it/s]
BERT epoch 2/2:  37%|███▋      | 519/1407 [01:18<02:17,  6.48it/s]
BERT epoch 2/2:  37%|███▋      | 520/1407 [01:18<02:14,  6.57it/s]
BERT epoch 2/2:  37%|███▋      | 521/1407 [01:19<02:15,  6.54it/s]
BERT epoch 2/2:  37%|███▋      | 522/1407 [01:19<02:12,  6.70it/s]
BERT epoch 2/2:  37%|███▋      | 523/1407 [01:19<02:11,  6.74it/s]
BERT epoch 2/2:  37%|███▋      | 524/1407 [01:19<02:13,  6.63it/s]
BERT epoch 2/2:  37%|███▋      | 525/1407 [01:19<02:12,  6.65it/s]
BERT epoch 2/2:  37%|███▋      | 526/1407 [01:19<02:09,  6.78it/s]
BERT epoch 2/2:  37%|███▋      | 527/1407 [01:19<02:12,  6.63it/s]
BERT epoch 2/2:  38%|███▊      | 528/1407 [01:20<02:14,  6.55it/s]
BERT epoch 2/2:  38%|███▊      | 529/1407 [01:20<02:11,  6.69it/s]
BERT epoch 2/2:  38%|███▊      | 530/1407 [01:20<02:10,  6.73it/s]
BERT epoch 2/2:  38%|███▊      | 531/1407 [01:20<02:12,  6.62it/s]
BERT epoch 2/2:  38%|███▊      | 532/1407 [01:20<02:11,  6.65it/s]
BERT epoch 2/2:  38%|███▊      | 533/1407 [01:20<02:10,  6.69it/s]
BERT epoch 2/2:  38%|███▊      | 534/1407 [01:21<02:10,  6.67it/s]
BERT epoch 2/2:  38%|███▊      | 535/1407 [01:21<02:08,  6.78it/s]
BERT epoch 2/2:  38%|███▊      | 536/1407 [01:21<02:15,  6.45it/s]
BERT epoch 2/2:  38%|███▊      | 537/1407 [01:21<02:12,  6.54it/s]
BERT epoch 2/2:  38%|███▊      | 538/1407 [01:21<02:16,  6.37it/s]
BERT epoch 2/2:  38%|███▊      | 539/1407 [01:21<02:18,  6.25it/s]
BERT epoch 2/2:  38%|███▊      | 540/1407 [01:21<02:15,  6.38it/s]
BERT epoch 2/2:  38%|███▊      | 541/1407 [01:22<02:11,  6.58it/s]
BERT epoch 2/2:  39%|███▊      | 542/1407 [01:22<02:14,  6.42it/s]
BERT epoch 2/2:  39%|███▊      | 543/1407 [01:22<02:12,  6.51it/s]
BERT epoch 2/2:  39%|███▊      | 544/1407 [01:22<02:11,  6.57it/s]
BERT epoch 2/2:  39%|███▊      | 545/1407 [01:22<02:08,  6.71it/s]
BERT epoch 2/2:  39%|███▉      | 546/1407 [01:22<02:11,  6.55it/s]
BERT epoch 2/2:  39%|███▉      | 547/1407 [01:23<02:09,  6.62it/s]
BERT epoch 2/2:  39%|███▉      | 548/1407 [01:23<02:08,  6.69it/s]
BERT epoch 2/2:  39%|███▉      | 549/1407 [01:23<02:06,  6.79it/s]
BERT epoch 2/2:  39%|███▉      | 550/1407 [01:23<02:03,  6.93it/s]
BERT epoch 2/2:  39%|███▉      | 551/1407 [01:23<02:06,  6.77it/s]
BERT epoch 2/2:  39%|███▉      | 552/1407 [01:23<02:06,  6.76it/s]
BERT epoch 2/2:  39%|███▉      | 553/1407 [01:23<02:05,  6.83it/s]
BERT epoch 2/2:  39%|███▉      | 554/1407 [01:24<02:08,  6.65it/s]
BERT epoch 2/2:  39%|███▉      | 555/1407 [01:24<02:07,  6.69it/s]
BERT epoch 2/2:  40%|███▉      | 556/1407 [01:24<02:04,  6.81it/s]
BERT epoch 2/2:  40%|███▉      | 557/1407 [01:24<02:03,  6.89it/s]
BERT epoch 2/2:  40%|███▉      | 558/1407 [01:24<02:04,  6.85it/s]
BERT epoch 2/2:  40%|███▉      | 559/1407 [01:24<02:06,  6.68it/s]
BERT epoch 2/2:  40%|███▉      | 560/1407 [01:24<02:04,  6.80it/s]
BERT epoch 2/2:  40%|███▉      | 561/1407 [01:25<02:04,  6.80it/s]
BERT epoch 2/2:  40%|███▉      | 562/1407 [01:25<02:02,  6.89it/s]
BERT epoch 2/2:  40%|████      | 563/1407 [01:25<02:07,  6.61it/s]
BERT epoch 2/2:  40%|████      | 564/1407 [01:25<02:06,  6.66it/s]
BERT epoch 2/2:  40%|████      | 565/1407 [01:25<02:04,  6.79it/s]
BERT epoch 2/2:  40%|████      | 566/1407 [01:25<02:02,  6.87it/s]
BERT epoch 2/2:  40%|████      | 567/1407 [01:25<02:05,  6.71it/s]
BERT epoch 2/2:  40%|████      | 568/1407 [01:26<02:06,  6.62it/s]
BERT epoch 2/2:  40%|████      | 569/1407 [01:26<02:05,  6.67it/s]
BERT epoch 2/2:  41%|████      | 570/1407 [01:26<02:05,  6.66it/s]
BERT epoch 2/2:  41%|████      | 571/1407 [01:26<02:07,  6.54it/s]
BERT epoch 2/2:  41%|████      | 572/1407 [01:26<02:09,  6.42it/s]
BERT epoch 2/2:  41%|████      | 573/1407 [01:26<02:05,  6.63it/s]
BERT epoch 2/2:  41%|████      | 574/1407 [01:27<02:07,  6.53it/s]
BERT epoch 2/2:  41%|████      | 575/1407 [01:27<02:06,  6.60it/s]
BERT epoch 2/2:  41%|████      | 576/1407 [01:27<02:07,  6.51it/s]
BERT epoch 2/2:  41%|████      | 577/1407 [01:27<02:04,  6.68it/s]
BERT epoch 2/2:  41%|████      | 578/1407 [01:27<02:06,  6.55it/s]
BERT epoch 2/2:  41%|████      | 579/1407 [01:27<02:07,  6.48it/s]
BERT epoch 2/2:  41%|████      | 580/1407 [01:27<02:08,  6.45it/s]
BERT epoch 2/2:  41%|████▏     | 581/1407 [01:28<02:08,  6.44it/s]
BERT epoch 2/2:  41%|████▏     | 582/1407 [01:28<02:04,  6.61it/s]
BERT epoch 2/2:  41%|████▏     | 583/1407 [01:28<02:06,  6.53it/s]
BERT epoch 2/2:  42%|████▏     | 584/1407 [01:28<02:06,  6.48it/s]
BERT epoch 2/2:  42%|████▏     | 585/1407 [01:28<02:08,  6.41it/s]
BERT epoch 2/2:  42%|████▏     | 586/1407 [01:28<02:05,  6.53it/s]
BERT epoch 2/2:  42%|████▏     | 587/1407 [01:29<02:06,  6.46it/s]
BERT epoch 2/2:  42%|████▏     | 588/1407 [01:29<02:05,  6.54it/s]
BERT epoch 2/2:  42%|████▏     | 589/1407 [01:29<02:05,  6.50it/s]
BERT epoch 2/2:  42%|████▏     | 590/1407 [01:29<02:02,  6.68it/s]
BERT epoch 2/2:  42%|████▏     | 591/1407 [01:29<02:02,  6.65it/s]
BERT epoch 2/2:  42%|████▏     | 592/1407 [01:29<02:00,  6.74it/s]
BERT epoch 2/2:  42%|████▏     | 593/1407 [01:29<02:03,  6.59it/s]
BERT epoch 2/2:  42%|████▏     | 594/1407 [01:30<02:01,  6.70it/s]
BERT epoch 2/2:  42%|████▏     | 595/1407 [01:30<02:03,  6.59it/s]
BERT epoch 2/2:  42%|████▏     | 596/1407 [01:30<02:09,  6.25it/s]
BERT epoch 2/2:  42%|████▏     | 597/1407 [01:30<02:08,  6.31it/s]
BERT epoch 2/2:  43%|████▎     | 598/1407 [01:30<02:06,  6.38it/s]
BERT epoch 2/2:  43%|████▎     | 599/1407 [01:30<02:02,  6.58it/s]
BERT epoch 2/2:  43%|████▎     | 600/1407 [01:31<02:05,  6.41it/s]
BERT epoch 2/2:  43%|████▎     | 601/1407 [01:31<02:01,  6.65it/s]
BERT epoch 2/2:  43%|████▎     | 602/1407 [01:31<02:00,  6.67it/s]
BERT epoch 2/2:  43%|████▎     | 603/1407 [01:31<02:03,  6.52it/s]
BERT epoch 2/2:  43%|████▎     | 604/1407 [01:31<02:03,  6.50it/s]
BERT epoch 2/2:  43%|████▎     | 605/1407 [01:31<02:05,  6.40it/s]
BERT epoch 2/2:  43%|████▎     | 606/1407 [01:31<02:02,  6.53it/s]
BERT epoch 2/2:  43%|████▎     | 607/1407 [01:32<01:59,  6.67it/s]
BERT epoch 2/2:  43%|████▎     | 608/1407 [01:32<02:01,  6.58it/s]
BERT epoch 2/2:  43%|████▎     | 609/1407 [01:32<02:02,  6.53it/s]
BERT epoch 2/2:  43%|████▎     | 610/1407 [01:32<02:02,  6.50it/s]
BERT epoch 2/2:  43%|████▎     | 611/1407 [01:32<02:02,  6.48it/s]
BERT epoch 2/2:  43%|████▎     | 612/1407 [01:32<02:03,  6.42it/s]
BERT epoch 2/2:  44%|████▎     | 613/1407 [01:33<01:59,  6.62it/s]
BERT epoch 2/2:  44%|████▎     | 614/1407 [01:33<01:57,  6.74it/s]
BERT epoch 2/2:  44%|████▎     | 615/1407 [01:33<01:55,  6.86it/s]
BERT epoch 2/2:  44%|████▍     | 616/1407 [01:33<01:55,  6.83it/s]
BERT epoch 2/2:  44%|████▍     | 617/1407 [01:33<02:02,  6.46it/s]
BERT epoch 2/2:  44%|████▍     | 618/1407 [01:33<02:03,  6.40it/s]
BERT epoch 2/2:  44%|████▍     | 619/1407 [01:33<02:01,  6.49it/s]
BERT epoch 2/2:  44%|████▍     | 620/1407 [01:34<02:02,  6.43it/s]
BERT epoch 2/2:  44%|████▍     | 621/1407 [01:34<02:08,  6.13it/s]
BERT epoch 2/2:  44%|████▍     | 622/1407 [01:34<02:08,  6.11it/s]
BERT epoch 2/2:  44%|████▍     | 623/1407 [01:34<02:07,  6.17it/s]
BERT epoch 2/2:  44%|████▍     | 624/1407 [01:34<02:04,  6.29it/s]
BERT epoch 2/2:  44%|████▍     | 625/1407 [01:34<02:02,  6.40it/s]
BERT epoch 2/2:  44%|████▍     | 626/1407 [01:35<02:09,  6.04it/s]
BERT epoch 2/2:  45%|████▍     | 627/1407 [01:35<02:12,  5.91it/s]
BERT epoch 2/2:  45%|████▍     | 628/1407 [01:35<02:10,  5.95it/s]
BERT epoch 2/2:  45%|████▍     | 629/1407 [01:35<02:09,  6.02it/s]
BERT epoch 2/2:  45%|████▍     | 630/1407 [01:35<02:06,  6.12it/s]
BERT epoch 2/2:  45%|████▍     | 631/1407 [01:35<02:07,  6.11it/s]
BERT epoch 2/2:  45%|████▍     | 632/1407 [01:36<02:10,  5.93it/s]
BERT epoch 2/2:  45%|████▍     | 633/1407 [01:36<02:10,  5.92it/s]
BERT epoch 2/2:  45%|████▌     | 634/1407 [01:36<02:12,  5.82it/s]
BERT epoch 2/2:  45%|████▌     | 635/1407 [01:36<02:17,  5.60it/s]
BERT epoch 2/2:  45%|████▌     | 636/1407 [01:36<02:20,  5.49it/s]
BERT epoch 2/2:  45%|████▌     | 637/1407 [01:36<02:16,  5.63it/s]
BERT epoch 2/2:  45%|████▌     | 638/1407 [01:37<02:18,  5.56it/s]
BERT epoch 2/2:  45%|████▌     | 639/1407 [01:37<02:15,  5.68it/s]
BERT epoch 2/2:  45%|████▌     | 640/1407 [01:37<02:11,  5.82it/s]
BERT epoch 2/2:  46%|████▌     | 641/1407 [01:37<02:08,  5.95it/s]
BERT epoch 2/2:  46%|████▌     | 642/1407 [01:37<02:08,  5.96it/s]
BERT epoch 2/2:  46%|████▌     | 643/1407 [01:37<02:08,  5.96it/s]
BERT epoch 2/2:  46%|████▌     | 644/1407 [01:38<02:09,  5.88it/s]
BERT epoch 2/2:  46%|████▌     | 645/1407 [01:38<02:08,  5.95it/s]
BERT epoch 2/2:  46%|████▌     | 646/1407 [01:38<02:12,  5.73it/s]
BERT epoch 2/2:  46%|████▌     | 647/1407 [01:38<02:12,  5.73it/s]
BERT epoch 2/2:  46%|████▌     | 648/1407 [01:38<02:08,  5.92it/s]
BERT epoch 2/2:  46%|████▌     | 649/1407 [01:39<02:10,  5.79it/s]
BERT epoch 2/2:  46%|████▌     | 650/1407 [01:39<02:06,  5.97it/s]
BERT epoch 2/2:  46%|████▋     | 651/1407 [01:39<02:08,  5.88it/s]
BERT epoch 2/2:  46%|████▋     | 652/1407 [01:39<02:02,  6.14it/s]
BERT epoch 2/2:  46%|████▋     | 653/1407 [01:39<02:06,  5.97it/s]
BERT epoch 2/2:  46%|████▋     | 654/1407 [01:39<02:07,  5.89it/s]
BERT epoch 2/2:  47%|████▋     | 655/1407 [01:40<02:09,  5.83it/s]
BERT epoch 2/2:  47%|████▋     | 656/1407 [01:40<02:06,  5.94it/s]
BERT epoch 2/2:  47%|████▋     | 657/1407 [01:40<02:03,  6.08it/s]
BERT epoch 2/2:  47%|████▋     | 658/1407 [01:40<02:03,  6.07it/s]
BERT epoch 2/2:  47%|████▋     | 659/1407 [01:40<02:02,  6.13it/s]
BERT epoch 2/2:  47%|████▋     | 660/1407 [01:40<02:00,  6.18it/s]
BERT epoch 2/2:  47%|████▋     | 661/1407 [01:40<01:59,  6.23it/s]
BERT epoch 2/2:  47%|████▋     | 662/1407 [01:41<02:01,  6.15it/s]
BERT epoch 2/2:  47%|████▋     | 663/1407 [01:41<01:59,  6.24it/s]
BERT epoch 2/2:  47%|████▋     | 664/1407 [01:41<02:03,  5.99it/s]
BERT epoch 2/2:  47%|████▋     | 665/1407 [01:41<02:01,  6.10it/s]
BERT epoch 2/2:  47%|████▋     | 666/1407 [01:41<02:03,  6.01it/s]
BERT epoch 2/2:  47%|████▋     | 667/1407 [01:41<02:02,  6.04it/s]
BERT epoch 2/2:  47%|████▋     | 668/1407 [01:42<02:02,  6.01it/s]
BERT epoch 2/2:  48%|████▊     | 669/1407 [01:42<02:03,  5.95it/s]
BERT epoch 2/2:  48%|████▊     | 670/1407 [01:42<02:02,  6.03it/s]
BERT epoch 2/2:  48%|████▊     | 671/1407 [01:42<02:01,  6.05it/s]
BERT epoch 2/2:  48%|████▊     | 672/1407 [01:42<02:02,  6.00it/s]
BERT epoch 2/2:  48%|████▊     | 673/1407 [01:43<02:02,  5.97it/s]
BERT epoch 2/2:  48%|████▊     | 674/1407 [01:43<02:05,  5.85it/s]
BERT epoch 2/2:  48%|████▊     | 675/1407 [01:43<02:05,  5.85it/s]
BERT epoch 2/2:  48%|████▊     | 676/1407 [01:43<02:02,  5.97it/s]
BERT epoch 2/2:  48%|████▊     | 677/1407 [01:43<02:04,  5.88it/s]
BERT epoch 2/2:  48%|████▊     | 678/1407 [01:43<02:03,  5.90it/s]
BERT epoch 2/2:  48%|████▊     | 679/1407 [01:44<02:09,  5.62it/s]
BERT epoch 2/2:  48%|████▊     | 680/1407 [01:44<02:05,  5.80it/s]
BERT epoch 2/2:  48%|████▊     | 681/1407 [01:44<02:06,  5.72it/s]
BERT epoch 2/2:  48%|████▊     | 682/1407 [01:44<02:10,  5.57it/s]
BERT epoch 2/2:  49%|████▊     | 683/1407 [01:44<02:10,  5.53it/s]
BERT epoch 2/2:  49%|████▊     | 684/1407 [01:44<02:06,  5.73it/s]
BERT epoch 2/2:  49%|████▊     | 685/1407 [01:45<02:05,  5.77it/s]
BERT epoch 2/2:  49%|████▉     | 686/1407 [01:45<02:06,  5.71it/s]
BERT epoch 2/2:  49%|████▉     | 687/1407 [01:45<02:04,  5.77it/s]
BERT epoch 2/2:  49%|████▉     | 688/1407 [01:45<02:03,  5.81it/s]
BERT epoch 2/2:  49%|████▉     | 689/1407 [01:45<01:59,  6.02it/s]
BERT epoch 2/2:  49%|████▉     | 690/1407 [01:45<02:01,  5.89it/s]
BERT epoch 2/2:  49%|████▉     | 691/1407 [01:46<02:01,  5.87it/s]
BERT epoch 2/2:  49%|████▉     | 692/1407 [01:46<02:03,  5.79it/s]
BERT epoch 2/2:  49%|████▉     | 693/1407 [01:46<02:01,  5.89it/s]
BERT epoch 2/2:  49%|████▉     | 694/1407 [01:46<01:57,  6.08it/s]
BERT epoch 2/2:  49%|████▉     | 695/1407 [01:46<01:56,  6.14it/s]
BERT epoch 2/2:  49%|████▉     | 696/1407 [01:46<01:58,  6.02it/s]
BERT epoch 2/2:  50%|████▉     | 697/1407 [01:47<01:55,  6.16it/s]
BERT epoch 2/2:  50%|████▉     | 698/1407 [01:47<01:51,  6.39it/s]
BERT epoch 2/2:  50%|████▉     | 699/1407 [01:47<01:53,  6.26it/s]
BERT epoch 2/2:  50%|████▉     | 700/1407 [01:47<01:49,  6.48it/s]
BERT epoch 2/2:  50%|████▉     | 701/1407 [01:47<01:48,  6.49it/s]
BERT epoch 2/2:  50%|████▉     | 702/1407 [01:47<01:52,  6.29it/s]
BERT epoch 2/2:  50%|████▉     | 703/1407 [01:48<01:52,  6.25it/s]
BERT epoch 2/2:  50%|█████     | 704/1407 [01:48<01:53,  6.20it/s]
BERT epoch 2/2:  50%|█████     | 705/1407 [01:48<01:53,  6.21it/s]
BERT epoch 2/2:  50%|█████     | 706/1407 [01:48<01:54,  6.10it/s]
BERT epoch 2/2:  50%|█████     | 707/1407 [01:48<01:54,  6.10it/s]
BERT epoch 2/2:  50%|█████     | 708/1407 [01:48<01:55,  6.06it/s]
BERT epoch 2/2:  50%|█████     | 709/1407 [01:49<01:52,  6.23it/s]
BERT epoch 2/2:  50%|█████     | 710/1407 [01:49<01:53,  6.15it/s]
BERT epoch 2/2:  51%|█████     | 711/1407 [01:49<01:51,  6.24it/s]
BERT epoch 2/2:  51%|█████     | 712/1407 [01:49<01:57,  5.92it/s]
BERT epoch 2/2:  51%|█████     | 713/1407 [01:49<01:57,  5.89it/s]
BERT epoch 2/2:  51%|█████     | 714/1407 [01:49<01:55,  6.01it/s]
BERT epoch 2/2:  51%|█████     | 715/1407 [01:50<01:57,  5.91it/s]
BERT epoch 2/2:  51%|█████     | 716/1407 [01:50<01:56,  5.95it/s]
BERT epoch 2/2:  51%|█████     | 717/1407 [01:50<01:54,  6.01it/s]
BERT epoch 2/2:  51%|█████     | 718/1407 [01:50<01:54,  6.02it/s]
BERT epoch 2/2:  51%|█████     | 719/1407 [01:50<01:53,  6.05it/s]
BERT epoch 2/2:  51%|█████     | 720/1407 [01:50<01:55,  5.92it/s]
BERT epoch 2/2:  51%|█████     | 721/1407 [01:51<01:53,  6.05it/s]
BERT epoch 2/2:  51%|█████▏    | 722/1407 [01:51<01:53,  6.06it/s]
BERT epoch 2/2:  51%|█████▏    | 723/1407 [01:51<01:51,  6.15it/s]
BERT epoch 2/2:  51%|█████▏    | 724/1407 [01:51<01:57,  5.82it/s]
BERT epoch 2/2:  52%|█████▏    | 725/1407 [01:51<01:54,  5.93it/s]
BERT epoch 2/2:  52%|█████▏    | 726/1407 [01:51<01:51,  6.09it/s]
BERT epoch 2/2:  52%|█████▏    | 727/1407 [01:52<01:50,  6.13it/s]
BERT epoch 2/2:  52%|█████▏    | 728/1407 [01:52<01:47,  6.29it/s]
BERT epoch 2/2:  52%|█████▏    | 729/1407 [01:52<01:51,  6.06it/s]
BERT epoch 2/2:  52%|█████▏    | 730/1407 [01:52<01:49,  6.18it/s]
BERT epoch 2/2:  52%|█████▏    | 731/1407 [01:52<01:47,  6.26it/s]
BERT epoch 2/2:  52%|█████▏    | 732/1407 [01:52<01:48,  6.23it/s]
BERT epoch 2/2:  52%|█████▏    | 733/1407 [01:52<01:48,  6.20it/s]
BERT epoch 2/2:  52%|█████▏    | 734/1407 [01:53<01:45,  6.39it/s]
BERT epoch 2/2:  52%|█████▏    | 735/1407 [01:53<01:44,  6.46it/s]
BERT epoch 2/2:  52%|█████▏    | 736/1407 [01:53<01:43,  6.47it/s]
BERT epoch 2/2:  52%|█████▏    | 737/1407 [01:53<01:41,  6.60it/s]
BERT epoch 2/2:  52%|█████▏    | 738/1407 [01:53<01:41,  6.58it/s]
BERT epoch 2/2:  53%|█████▎    | 739/1407 [01:53<01:39,  6.68it/s]
BERT epoch 2/2:  53%|█████▎    | 740/1407 [01:54<01:40,  6.65it/s]
BERT epoch 2/2:  53%|█████▎    | 741/1407 [01:54<01:42,  6.53it/s]
BERT epoch 2/2:  53%|█████▎    | 742/1407 [01:54<01:41,  6.55it/s]
BERT epoch 2/2:  53%|█████▎    | 743/1407 [01:54<01:46,  6.22it/s]
BERT epoch 2/2:  53%|█████▎    | 744/1407 [01:54<01:46,  6.22it/s]
BERT epoch 2/2:  53%|█████▎    | 745/1407 [01:54<01:43,  6.42it/s]
BERT epoch 2/2:  53%|█████▎    | 746/1407 [01:54<01:44,  6.34it/s]
BERT epoch 2/2:  53%|█████▎    | 747/1407 [01:55<01:41,  6.51it/s]
BERT epoch 2/2:  53%|█████▎    | 748/1407 [01:55<01:41,  6.52it/s]
BERT epoch 2/2:  53%|█████▎    | 749/1407 [01:55<01:42,  6.43it/s]
BERT epoch 2/2:  53%|█████▎    | 750/1407 [01:55<01:38,  6.65it/s]
BERT epoch 2/2:  53%|█████▎    | 751/1407 [01:55<01:38,  6.63it/s]
BERT epoch 2/2:  53%|█████▎    | 752/1407 [01:55<01:38,  6.64it/s]
BERT epoch 2/2:  54%|█████▎    | 753/1407 [01:56<01:38,  6.65it/s]
BERT epoch 2/2:  54%|█████▎    | 754/1407 [01:56<01:38,  6.63it/s]
BERT epoch 2/2:  54%|█████▎    | 755/1407 [01:56<01:38,  6.63it/s]
BERT epoch 2/2:  54%|█████▎    | 756/1407 [01:56<01:40,  6.50it/s]
BERT epoch 2/2:  54%|█████▍    | 757/1407 [01:56<01:40,  6.44it/s]
BERT epoch 2/2:  54%|█████▍    | 758/1407 [01:56<01:38,  6.57it/s]
BERT epoch 2/2:  54%|█████▍    | 759/1407 [01:56<01:36,  6.70it/s]
BERT epoch 2/2:  54%|█████▍    | 760/1407 [01:57<01:38,  6.56it/s]
BERT epoch 2/2:  54%|█████▍    | 761/1407 [01:57<01:37,  6.65it/s]
BERT epoch 2/2:  54%|█████▍    | 762/1407 [01:57<01:36,  6.67it/s]
BERT epoch 2/2:  54%|█████▍    | 763/1407 [01:57<01:38,  6.52it/s]
BERT epoch 2/2:  54%|█████▍    | 764/1407 [01:57<01:39,  6.44it/s]
BERT epoch 2/2:  54%|█████▍    | 765/1407 [01:57<01:40,  6.37it/s]
BERT epoch 2/2:  54%|█████▍    | 766/1407 [01:58<01:42,  6.28it/s]
BERT epoch 2/2:  55%|█████▍    | 767/1407 [01:58<01:40,  6.34it/s]
BERT epoch 2/2:  55%|█████▍    | 768/1407 [01:58<01:39,  6.43it/s]
BERT epoch 2/2:  55%|█████▍    | 769/1407 [01:58<01:37,  6.56it/s]
BERT epoch 2/2:  55%|█████▍    | 770/1407 [01:58<01:36,  6.57it/s]
BERT epoch 2/2:  55%|█████▍    | 771/1407 [01:58<01:36,  6.58it/s]
BERT epoch 2/2:  55%|█████▍    | 772/1407 [01:58<01:35,  6.62it/s]
BERT epoch 2/2:  55%|█████▍    | 773/1407 [01:59<01:37,  6.48it/s]
BERT epoch 2/2:  55%|█████▌    | 774/1407 [01:59<01:36,  6.54it/s]
BERT epoch 2/2:  55%|█████▌    | 775/1407 [01:59<01:33,  6.73it/s]
BERT epoch 2/2:  55%|█████▌    | 776/1407 [01:59<01:33,  6.72it/s]
BERT epoch 2/2:  55%|█████▌    | 777/1407 [01:59<01:32,  6.79it/s]
BERT epoch 2/2:  55%|█████▌    | 778/1407 [01:59<01:32,  6.76it/s]
BERT epoch 2/2:  55%|█████▌    | 779/1407 [01:59<01:33,  6.73it/s]
BERT epoch 2/2:  55%|█████▌    | 780/1407 [02:00<01:33,  6.69it/s]
BERT epoch 2/2:  56%|█████▌    | 781/1407 [02:00<01:33,  6.66it/s]
BERT epoch 2/2:  56%|█████▌    | 782/1407 [02:00<01:32,  6.74it/s]
BERT epoch 2/2:  56%|█████▌    | 783/1407 [02:00<01:33,  6.71it/s]
BERT epoch 2/2:  56%|█████▌    | 784/1407 [02:00<01:35,  6.55it/s]
BERT epoch 2/2:  56%|█████▌    | 785/1407 [02:00<01:36,  6.43it/s]
BERT epoch 2/2:  56%|█████▌    | 786/1407 [02:01<01:35,  6.53it/s]
BERT epoch 2/2:  56%|█████▌    | 787/1407 [02:01<01:37,  6.38it/s]
BERT epoch 2/2:  56%|█████▌    | 788/1407 [02:01<01:38,  6.28it/s]
BERT epoch 2/2:  56%|█████▌    | 789/1407 [02:01<01:35,  6.45it/s]
BERT epoch 2/2:  56%|█████▌    | 790/1407 [02:01<01:33,  6.58it/s]
BERT epoch 2/2:  56%|█████▌    | 791/1407 [02:01<01:33,  6.59it/s]
BERT epoch 2/2:  56%|█████▋    | 792/1407 [02:01<01:35,  6.47it/s]
BERT epoch 2/2:  56%|█████▋    | 793/1407 [02:02<01:33,  6.56it/s]
BERT epoch 2/2:  56%|█████▋    | 794/1407 [02:02<01:33,  6.59it/s]
BERT epoch 2/2:  57%|█████▋    | 795/1407 [02:02<01:33,  6.58it/s]
BERT epoch 2/2:  57%|█████▋    | 796/1407 [02:02<01:35,  6.42it/s]
BERT epoch 2/2:  57%|█████▋    | 797/1407 [02:02<01:33,  6.55it/s]
BERT epoch 2/2:  57%|█████▋    | 798/1407 [02:02<01:35,  6.40it/s]
BERT epoch 2/2:  57%|█████▋    | 799/1407 [02:03<01:34,  6.45it/s]
BERT epoch 2/2:  57%|█████▋    | 800/1407 [02:03<01:34,  6.40it/s]
BERT epoch 2/2:  57%|█████▋    | 801/1407 [02:03<01:32,  6.54it/s]
BERT epoch 2/2:  57%|█████▋    | 802/1407 [02:03<01:34,  6.39it/s]
BERT epoch 2/2:  57%|█████▋    | 803/1407 [02:03<01:33,  6.45it/s]
BERT epoch 2/2:  57%|█████▋    | 804/1407 [02:03<01:34,  6.35it/s]
BERT epoch 2/2:  57%|█████▋    | 805/1407 [02:04<01:35,  6.29it/s]
BERT epoch 2/2:  57%|█████▋    | 806/1407 [02:04<01:33,  6.42it/s]
BERT epoch 2/2:  57%|█████▋    | 807/1407 [02:04<01:33,  6.41it/s]
BERT epoch 2/2:  57%|█████▋    | 808/1407 [02:04<01:35,  6.25it/s]
BERT epoch 2/2:  57%|█████▋    | 809/1407 [02:04<01:33,  6.41it/s]
BERT epoch 2/2:  58%|█████▊    | 810/1407 [02:04<01:31,  6.50it/s]
BERT epoch 2/2:  58%|█████▊    | 811/1407 [02:04<01:32,  6.47it/s]
BERT epoch 2/2:  58%|█████▊    | 812/1407 [02:05<01:33,  6.33it/s]
BERT epoch 2/2:  58%|█████▊    | 813/1407 [02:05<01:38,  6.03it/s]
BERT epoch 2/2:  58%|█████▊    | 814/1407 [02:05<01:34,  6.28it/s]
BERT epoch 2/2:  58%|█████▊    | 815/1407 [02:05<01:35,  6.19it/s]
BERT epoch 2/2:  58%|█████▊    | 816/1407 [02:05<01:33,  6.35it/s]
BERT epoch 2/2:  58%|█████▊    | 817/1407 [02:05<01:31,  6.44it/s]
BERT epoch 2/2:  58%|█████▊    | 818/1407 [02:06<01:33,  6.33it/s]
BERT epoch 2/2:  58%|█████▊    | 819/1407 [02:06<01:33,  6.27it/s]
BERT epoch 2/2:  58%|█████▊    | 820/1407 [02:06<01:32,  6.33it/s]
BERT epoch 2/2:  58%|█████▊    | 821/1407 [02:06<01:30,  6.48it/s]
BERT epoch 2/2:  58%|█████▊    | 822/1407 [02:06<01:30,  6.48it/s]
BERT epoch 2/2:  58%|█████▊    | 823/1407 [02:06<01:29,  6.51it/s]
BERT epoch 2/2:  59%|█████▊    | 824/1407 [02:06<01:27,  6.65it/s]
BERT epoch 2/2:  59%|█████▊    | 825/1407 [02:07<01:28,  6.59it/s]
BERT epoch 2/2:  59%|█████▊    | 826/1407 [02:07<01:29,  6.47it/s]
BERT epoch 2/2:  59%|█████▉    | 827/1407 [02:07<01:28,  6.54it/s]
BERT epoch 2/2:  59%|█████▉    | 828/1407 [02:07<01:26,  6.67it/s]
BERT epoch 2/2:  59%|█████▉    | 829/1407 [02:07<01:26,  6.69it/s]
BERT epoch 2/2:  59%|█████▉    | 830/1407 [02:07<01:25,  6.78it/s]
BERT epoch 2/2:  59%|█████▉    | 831/1407 [02:08<01:25,  6.73it/s]
BERT epoch 2/2:  59%|█████▉    | 832/1407 [02:08<01:27,  6.59it/s]
BERT epoch 2/2:  59%|█████▉    | 833/1407 [02:08<01:28,  6.51it/s]
BERT epoch 2/2:  59%|█████▉    | 834/1407 [02:08<01:29,  6.41it/s]
BERT epoch 2/2:  59%|█████▉    | 835/1407 [02:08<01:27,  6.56it/s]
BERT epoch 2/2:  59%|█████▉    | 836/1407 [02:08<01:26,  6.57it/s]
BERT epoch 2/2:  59%|█████▉    | 837/1407 [02:08<01:28,  6.44it/s]
BERT epoch 2/2:  60%|█████▉    | 838/1407 [02:09<01:26,  6.58it/s]
BERT epoch 2/2:  60%|█████▉    | 839/1407 [02:09<01:26,  6.59it/s]
BERT epoch 2/2:  60%|█████▉    | 840/1407 [02:09<01:28,  6.42it/s]
BERT epoch 2/2:  60%|█████▉    | 841/1407 [02:09<01:27,  6.49it/s]
BERT epoch 2/2:  60%|█████▉    | 842/1407 [02:09<01:26,  6.53it/s]
BERT epoch 2/2:  60%|█████▉    | 843/1407 [02:09<01:24,  6.65it/s]
BERT epoch 2/2:  60%|█████▉    | 844/1407 [02:10<01:26,  6.51it/s]
BERT epoch 2/2:  60%|██████    | 845/1407 [02:10<01:24,  6.63it/s]
BERT epoch 2/2:  60%|██████    | 846/1407 [02:10<01:24,  6.63it/s]
BERT epoch 2/2:  60%|██████    | 847/1407 [02:10<01:23,  6.72it/s]
BERT epoch 2/2:  60%|██████    | 848/1407 [02:10<01:23,  6.69it/s]
BERT epoch 2/2:  60%|██████    | 849/1407 [02:10<01:23,  6.65it/s]
BERT epoch 2/2:  60%|██████    | 850/1407 [02:10<01:22,  6.75it/s]
BERT epoch 2/2:  60%|██████    | 851/1407 [02:11<01:23,  6.68it/s]
BERT epoch 2/2:  61%|██████    | 852/1407 [02:11<01:22,  6.76it/s]
BERT epoch 2/2:  61%|██████    | 853/1407 [02:11<01:22,  6.73it/s]
BERT epoch 2/2:  61%|██████    | 854/1407 [02:11<01:22,  6.72it/s]
BERT epoch 2/2:  61%|██████    | 855/1407 [02:11<01:22,  6.69it/s]
BERT epoch 2/2:  61%|██████    | 856/1407 [02:11<01:24,  6.55it/s]
BERT epoch 2/2:  61%|██████    | 857/1407 [02:11<01:23,  6.60it/s]
BERT epoch 2/2:  61%|██████    | 858/1407 [02:12<01:23,  6.61it/s]
BERT epoch 2/2:  61%|██████    | 859/1407 [02:12<01:24,  6.50it/s]
BERT epoch 2/2:  61%|██████    | 860/1407 [02:12<01:25,  6.41it/s]
BERT epoch 2/2:  61%|██████    | 861/1407 [02:12<01:24,  6.47it/s]
BERT epoch 2/2:  61%|██████▏   | 862/1407 [02:12<01:21,  6.67it/s]
BERT epoch 2/2:  61%|██████▏   | 863/1407 [02:12<01:21,  6.67it/s]
BERT epoch 2/2:  61%|██████▏   | 864/1407 [02:13<01:22,  6.55it/s]
BERT epoch 2/2:  61%|██████▏   | 865/1407 [02:13<01:22,  6.59it/s]
BERT epoch 2/2:  62%|██████▏   | 866/1407 [02:13<01:21,  6.60it/s]
BERT epoch 2/2:  62%|██████▏   | 867/1407 [02:13<01:23,  6.47it/s]
BERT epoch 2/2:  62%|██████▏   | 868/1407 [02:13<01:20,  6.67it/s]
BERT epoch 2/2:  62%|██████▏   | 869/1407 [02:13<01:19,  6.80it/s]
BERT epoch 2/2:  62%|██████▏   | 870/1407 [02:13<01:19,  6.74it/s]
BERT epoch 2/2:  62%|██████▏   | 871/1407 [02:14<01:21,  6.55it/s]
BERT epoch 2/2:  62%|██████▏   | 872/1407 [02:14<01:21,  6.56it/s]
BERT epoch 2/2:  62%|██████▏   | 873/1407 [02:14<01:20,  6.64it/s]
BERT epoch 2/2:  62%|██████▏   | 874/1407 [02:14<01:20,  6.64it/s]
BERT epoch 2/2:  62%|██████▏   | 875/1407 [02:14<01:19,  6.71it/s]
BERT epoch 2/2:  62%|██████▏   | 876/1407 [02:14<01:20,  6.58it/s]
BERT epoch 2/2:  62%|██████▏   | 877/1407 [02:15<01:21,  6.47it/s]
BERT epoch 2/2:  62%|██████▏   | 878/1407 [02:15<01:24,  6.26it/s]
BERT epoch 2/2:  62%|██████▏   | 879/1407 [02:15<01:22,  6.37it/s]
BERT epoch 2/2:  63%|██████▎   | 880/1407 [02:15<01:21,  6.47it/s]
BERT epoch 2/2:  63%|██████▎   | 881/1407 [02:15<01:20,  6.53it/s]
BERT epoch 2/2:  63%|██████▎   | 882/1407 [02:15<01:21,  6.44it/s]
BERT epoch 2/2:  63%|██████▎   | 883/1407 [02:15<01:22,  6.38it/s]
BERT epoch 2/2:  63%|██████▎   | 884/1407 [02:16<01:22,  6.34it/s]
BERT epoch 2/2:  63%|██████▎   | 885/1407 [02:16<01:21,  6.42it/s]
BERT epoch 2/2:  63%|██████▎   | 886/1407 [02:16<01:22,  6.34it/s]
BERT epoch 2/2:  63%|██████▎   | 887/1407 [02:16<01:19,  6.50it/s]
BERT epoch 2/2:  63%|██████▎   | 888/1407 [02:16<01:19,  6.54it/s]
BERT epoch 2/2:  63%|██████▎   | 889/1407 [02:16<01:18,  6.56it/s]
BERT epoch 2/2:  63%|██████▎   | 890/1407 [02:17<01:20,  6.45it/s]
BERT epoch 2/2:  63%|██████▎   | 891/1407 [02:17<01:19,  6.48it/s]
BERT epoch 2/2:  63%|██████▎   | 892/1407 [02:17<01:19,  6.49it/s]
BERT epoch 2/2:  63%|██████▎   | 893/1407 [02:17<01:18,  6.58it/s]
BERT epoch 2/2:  64%|██████▎   | 894/1407 [02:17<01:19,  6.46it/s]
BERT epoch 2/2:  64%|██████▎   | 895/1407 [02:17<01:17,  6.64it/s]
BERT epoch 2/2:  64%|██████▎   | 896/1407 [02:17<01:16,  6.66it/s]
BERT epoch 2/2:  64%|██████▍   | 897/1407 [02:18<01:18,  6.50it/s]
BERT epoch 2/2:  64%|██████▍   | 898/1407 [02:18<01:16,  6.63it/s]
BERT epoch 2/2:  64%|██████▍   | 899/1407 [02:18<01:16,  6.64it/s]
BERT epoch 2/2:  64%|██████▍   | 900/1407 [02:18<01:16,  6.66it/s]
BERT epoch 2/2:  64%|██████▍   | 901/1407 [02:18<01:15,  6.67it/s]
BERT epoch 2/2:  64%|██████▍   | 902/1407 [02:18<01:15,  6.68it/s]
BERT epoch 2/2:  64%|██████▍   | 903/1407 [02:18<01:15,  6.67it/s]
BERT epoch 2/2:  64%|██████▍   | 904/1407 [02:19<01:16,  6.55it/s]
BERT epoch 2/2:  64%|██████▍   | 905/1407 [02:19<01:18,  6.43it/s]
BERT epoch 2/2:  64%|██████▍   | 906/1407 [02:19<01:19,  6.34it/s]
BERT epoch 2/2:  64%|██████▍   | 907/1407 [02:19<01:18,  6.40it/s]
BERT epoch 2/2:  65%|██████▍   | 908/1407 [02:19<01:16,  6.49it/s]
BERT epoch 2/2:  65%|██████▍   | 909/1407 [02:19<01:17,  6.41it/s]
BERT epoch 2/2:  65%|██████▍   | 910/1407 [02:20<01:16,  6.52it/s]
BERT epoch 2/2:  65%|██████▍   | 911/1407 [02:20<01:15,  6.55it/s]
BERT epoch 2/2:  65%|██████▍   | 912/1407 [02:20<01:13,  6.73it/s]
BERT epoch 2/2:  65%|██████▍   | 913/1407 [02:20<01:12,  6.79it/s]
BERT epoch 2/2:  65%|██████▍   | 914/1407 [02:20<01:13,  6.75it/s]
BERT epoch 2/2:  65%|██████▌   | 915/1407 [02:20<01:14,  6.60it/s]
BERT epoch 2/2:  65%|██████▌   | 916/1407 [02:20<01:14,  6.58it/s]
BERT epoch 2/2:  65%|██████▌   | 917/1407 [02:21<01:14,  6.60it/s]
BERT epoch 2/2:  65%|██████▌   | 918/1407 [02:21<01:14,  6.60it/s]
BERT epoch 2/2:  65%|██████▌   | 919/1407 [02:21<01:14,  6.53it/s]
BERT epoch 2/2:  65%|██████▌   | 920/1407 [02:21<01:14,  6.57it/s]
BERT epoch 2/2:  65%|██████▌   | 921/1407 [02:21<01:13,  6.63it/s]
BERT epoch 2/2:  66%|██████▌   | 922/1407 [02:21<01:11,  6.80it/s]
BERT epoch 2/2:  66%|██████▌   | 923/1407 [02:22<01:12,  6.64it/s]
BERT epoch 2/2:  66%|██████▌   | 924/1407 [02:22<01:14,  6.50it/s]
BERT epoch 2/2:  66%|██████▌   | 925/1407 [02:22<01:13,  6.53it/s]
BERT epoch 2/2:  66%|██████▌   | 926/1407 [02:22<01:14,  6.45it/s]
BERT epoch 2/2:  66%|██████▌   | 927/1407 [02:22<01:13,  6.56it/s]
BERT epoch 2/2:  66%|██████▌   | 928/1407 [02:22<01:11,  6.70it/s]
BERT epoch 2/2:  66%|██████▌   | 929/1407 [02:22<01:12,  6.56it/s]
BERT epoch 2/2:  66%|██████▌   | 930/1407 [02:23<01:13,  6.52it/s]
BERT epoch 2/2:  66%|██████▌   | 931/1407 [02:23<01:12,  6.56it/s]
BERT epoch 2/2:  66%|██████▌   | 932/1407 [02:23<01:10,  6.73it/s]
BERT epoch 2/2:  66%|██████▋   | 933/1407 [02:23<01:10,  6.70it/s]
BERT epoch 2/2:  66%|██████▋   | 934/1407 [02:23<01:12,  6.52it/s]
BERT epoch 2/2:  66%|██████▋   | 935/1407 [02:23<01:11,  6.62it/s]
BERT epoch 2/2:  67%|██████▋   | 936/1407 [02:23<01:10,  6.69it/s]
BERT epoch 2/2:  67%|██████▋   | 937/1407 [02:24<01:10,  6.71it/s]
BERT epoch 2/2:  67%|██████▋   | 938/1407 [02:24<01:10,  6.69it/s]
BERT epoch 2/2:  67%|██████▋   | 939/1407 [02:24<01:11,  6.55it/s]
BERT epoch 2/2:  67%|██████▋   | 940/1407 [02:24<01:11,  6.54it/s]
BERT epoch 2/2:  67%|██████▋   | 941/1407 [02:24<01:10,  6.64it/s]
BERT epoch 2/2:  67%|██████▋   | 942/1407 [02:24<01:10,  6.61it/s]
BERT epoch 2/2:  67%|██████▋   | 943/1407 [02:25<01:11,  6.46it/s]
BERT epoch 2/2:  67%|██████▋   | 944/1407 [02:25<01:11,  6.46it/s]
BERT epoch 2/2:  67%|██████▋   | 945/1407 [02:25<01:11,  6.44it/s]
BERT epoch 2/2:  67%|██████▋   | 946/1407 [02:25<01:12,  6.32it/s]
BERT epoch 2/2:  67%|██████▋   | 947/1407 [02:25<01:14,  6.18it/s]
BERT epoch 2/2:  67%|██████▋   | 948/1407 [02:25<01:12,  6.29it/s]
BERT epoch 2/2:  67%|██████▋   | 949/1407 [02:26<01:11,  6.38it/s]
BERT epoch 2/2:  68%|██████▊   | 950/1407 [02:26<01:10,  6.52it/s]
BERT epoch 2/2:  68%|██████▊   | 951/1407 [02:26<01:10,  6.42it/s]
BERT epoch 2/2:  68%|██████▊   | 952/1407 [02:26<01:10,  6.48it/s]
BERT epoch 2/2:  68%|██████▊   | 953/1407 [02:26<01:09,  6.50it/s]
BERT epoch 2/2:  68%|██████▊   | 954/1407 [02:26<01:11,  6.36it/s]
BERT epoch 2/2:  68%|██████▊   | 955/1407 [02:26<01:09,  6.46it/s]
BERT epoch 2/2:  68%|██████▊   | 956/1407 [02:27<01:09,  6.48it/s]
BERT epoch 2/2:  68%|██████▊   | 957/1407 [02:27<01:10,  6.41it/s]
BERT epoch 2/2:  68%|██████▊   | 958/1407 [02:27<01:13,  6.10it/s]
BERT epoch 2/2:  68%|██████▊   | 959/1407 [02:27<01:10,  6.32it/s]
BERT epoch 2/2:  68%|██████▊   | 960/1407 [02:27<01:08,  6.50it/s]
BERT epoch 2/2:  68%|██████▊   | 961/1407 [02:27<01:10,  6.29it/s]
BERT epoch 2/2:  68%|██████▊   | 962/1407 [02:28<01:08,  6.46it/s]
BERT epoch 2/2:  68%|██████▊   | 963/1407 [02:28<01:07,  6.57it/s]
BERT epoch 2/2:  69%|██████▊   | 964/1407 [02:28<01:05,  6.74it/s]
BERT epoch 2/2:  69%|██████▊   | 965/1407 [02:28<01:06,  6.68it/s]
BERT epoch 2/2:  69%|██████▊   | 966/1407 [02:28<01:06,  6.68it/s]
BERT epoch 2/2:  69%|██████▊   | 967/1407 [02:28<01:07,  6.51it/s]
BERT epoch 2/2:  69%|██████▉   | 968/1407 [02:28<01:06,  6.61it/s]
BERT epoch 2/2:  69%|██████▉   | 969/1407 [02:29<01:06,  6.62it/s]
BERT epoch 2/2:  69%|██████▉   | 970/1407 [02:29<01:07,  6.47it/s]
BERT epoch 2/2:  69%|██████▉   | 971/1407 [02:29<01:07,  6.49it/s]
BERT epoch 2/2:  69%|██████▉   | 972/1407 [02:29<01:05,  6.66it/s]
BERT epoch 2/2:  69%|██████▉   | 973/1407 [02:29<01:03,  6.81it/s]
BERT epoch 2/2:  69%|██████▉   | 974/1407 [02:29<01:04,  6.76it/s]
BERT epoch 2/2:  69%|██████▉   | 975/1407 [02:29<01:04,  6.74it/s]
BERT epoch 2/2:  69%|██████▉   | 976/1407 [02:30<01:04,  6.69it/s]
BERT epoch 2/2:  69%|██████▉   | 977/1407 [02:30<01:06,  6.50it/s]
BERT epoch 2/2:  70%|██████▉   | 978/1407 [02:30<01:06,  6.49it/s]
BERT epoch 2/2:  70%|██████▉   | 979/1407 [02:30<01:05,  6.54it/s]
BERT epoch 2/2:  70%|██████▉   | 980/1407 [02:30<01:06,  6.40it/s]
BERT epoch 2/2:  70%|██████▉   | 981/1407 [02:30<01:05,  6.55it/s]
BERT epoch 2/2:  70%|██████▉   | 982/1407 [02:31<01:06,  6.43it/s]
BERT epoch 2/2:  70%|██████▉   | 983/1407 [02:31<01:05,  6.45it/s]
BERT epoch 2/2:  70%|██████▉   | 984/1407 [02:31<01:06,  6.38it/s]
BERT epoch 2/2:  70%|███████   | 985/1407 [02:31<01:06,  6.33it/s]
BERT epoch 2/2:  70%|███████   | 986/1407 [02:31<01:04,  6.49it/s]
BERT epoch 2/2:  70%|███████   | 987/1407 [02:31<01:03,  6.60it/s]
BERT epoch 2/2:  70%|███████   | 988/1407 [02:31<01:03,  6.60it/s]
BERT epoch 2/2:  70%|███████   | 989/1407 [02:32<01:03,  6.58it/s]
BERT epoch 2/2:  70%|███████   | 990/1407 [02:32<01:04,  6.44it/s]
BERT epoch 2/2:  70%|███████   | 991/1407 [02:32<01:03,  6.54it/s]
BERT epoch 2/2:  71%|███████   | 992/1407 [02:32<01:03,  6.58it/s]
BERT epoch 2/2:  71%|███████   | 993/1407 [02:32<01:02,  6.62it/s]
BERT epoch 2/2:  71%|███████   | 994/1407 [02:32<01:02,  6.58it/s]
BERT epoch 2/2:  71%|███████   | 995/1407 [02:33<01:04,  6.41it/s]
BERT epoch 2/2:  71%|███████   | 996/1407 [02:33<01:02,  6.52it/s]
BERT epoch 2/2:  71%|███████   | 997/1407 [02:33<01:02,  6.53it/s]
BERT epoch 2/2:  71%|███████   | 998/1407 [02:33<01:02,  6.53it/s]
BERT epoch 2/2:  71%|███████   | 999/1407 [02:33<01:02,  6.51it/s]
BERT epoch 2/2:  71%|███████   | 1000/1407 [02:33<01:02,  6.53it/s]
BERT epoch 2/2:  71%|███████   | 1001/1407 [02:33<01:02,  6.54it/s]
BERT epoch 2/2:  71%|███████   | 1002/1407 [02:34<01:03,  6.36it/s]
BERT epoch 2/2:  71%|███████▏  | 1003/1407 [02:34<01:04,  6.29it/s]
BERT epoch 2/2:  71%|███████▏  | 1004/1407 [02:34<01:02,  6.41it/s]
BERT epoch 2/2:  71%|███████▏  | 1005/1407 [02:34<01:02,  6.45it/s]
BERT epoch 2/2:  71%|███████▏  | 1006/1407 [02:34<01:05,  6.14it/s]
BERT epoch 2/2:  72%|███████▏  | 1007/1407 [02:34<01:05,  6.15it/s]
BERT epoch 2/2:  72%|███████▏  | 1008/1407 [02:35<01:02,  6.36it/s]
BERT epoch 2/2:  72%|███████▏  | 1009/1407 [02:35<01:03,  6.29it/s]
BERT epoch 2/2:  72%|███████▏  | 1010/1407 [02:35<01:01,  6.45it/s]
BERT epoch 2/2:  72%|███████▏  | 1011/1407 [02:35<01:00,  6.55it/s]
BERT epoch 2/2:  72%|███████▏  | 1012/1407 [02:35<01:01,  6.44it/s]
BERT epoch 2/2:  72%|███████▏  | 1013/1407 [02:35<01:01,  6.38it/s]
BERT epoch 2/2:  72%|███████▏  | 1014/1407 [02:36<01:01,  6.43it/s]
BERT epoch 2/2:  72%|███████▏  | 1015/1407 [02:36<00:59,  6.58it/s]
BERT epoch 2/2:  72%|███████▏  | 1016/1407 [02:36<00:59,  6.58it/s]
BERT epoch 2/2:  72%|███████▏  | 1017/1407 [02:36<01:00,  6.45it/s]
BERT epoch 2/2:  72%|███████▏  | 1018/1407 [02:36<01:00,  6.38it/s]
BERT epoch 2/2:  72%|███████▏  | 1019/1407 [02:36<01:00,  6.43it/s]
BERT epoch 2/2:  72%|███████▏  | 1020/1407 [02:36<00:59,  6.53it/s]
BERT epoch 2/2:  73%|███████▎  | 1021/1407 [02:37<00:57,  6.68it/s]
BERT epoch 2/2:  73%|███████▎  | 1022/1407 [02:37<00:56,  6.78it/s]
BERT epoch 2/2:  73%|███████▎  | 1023/1407 [02:37<00:56,  6.85it/s]
BERT epoch 2/2:  73%|███████▎  | 1024/1407 [02:37<00:56,  6.79it/s]
BERT epoch 2/2:  73%|███████▎  | 1025/1407 [02:37<00:56,  6.75it/s]
BERT epoch 2/2:  73%|███████▎  | 1026/1407 [02:37<00:55,  6.84it/s]
BERT epoch 2/2:  73%|███████▎  | 1027/1407 [02:37<00:56,  6.76it/s]
BERT epoch 2/2:  73%|███████▎  | 1028/1407 [02:38<00:57,  6.61it/s]
BERT epoch 2/2:  73%|███████▎  | 1029/1407 [02:38<00:58,  6.51it/s]
BERT epoch 2/2:  73%|███████▎  | 1030/1407 [02:38<00:58,  6.42it/s]
BERT epoch 2/2:  73%|███████▎  | 1031/1407 [02:38<00:57,  6.52it/s]
BERT epoch 2/2:  73%|███████▎  | 1032/1407 [02:38<00:57,  6.53it/s]
BERT epoch 2/2:  73%|███████▎  | 1033/1407 [02:38<00:57,  6.46it/s]
BERT epoch 2/2:  73%|███████▎  | 1034/1407 [02:39<00:56,  6.65it/s]
BERT epoch 2/2:  74%|███████▎  | 1035/1407 [02:39<00:55,  6.64it/s]
BERT epoch 2/2:  74%|███████▎  | 1036/1407 [02:39<00:55,  6.70it/s]
BERT epoch 2/2:  74%|███████▎  | 1037/1407 [02:39<00:56,  6.56it/s]
BERT epoch 2/2:  74%|███████▍  | 1038/1407 [02:39<00:56,  6.57it/s]
BERT epoch 2/2:  74%|███████▍  | 1039/1407 [02:39<00:55,  6.65it/s]
BERT epoch 2/2:  74%|███████▍  | 1040/1407 [02:39<00:54,  6.73it/s]
BERT epoch 2/2:  74%|███████▍  | 1041/1407 [02:40<00:54,  6.67it/s]
BERT epoch 2/2:  74%|███████▍  | 1042/1407 [02:40<00:55,  6.52it/s]
BERT epoch 2/2:  74%|███████▍  | 1043/1407 [02:40<00:54,  6.62it/s]
BERT epoch 2/2:  74%|███████▍  | 1044/1407 [02:40<00:56,  6.38it/s]
BERT epoch 2/2:  74%|███████▍  | 1045/1407 [02:40<00:55,  6.54it/s]
BERT epoch 2/2:  74%|███████▍  | 1046/1407 [02:40<00:54,  6.67it/s]
BERT epoch 2/2:  74%|███████▍  | 1047/1407 [02:41<00:54,  6.64it/s]
BERT epoch 2/2:  74%|███████▍  | 1048/1407 [02:41<00:53,  6.70it/s]
BERT epoch 2/2:  75%|███████▍  | 1049/1407 [02:41<00:53,  6.65it/s]
BERT epoch 2/2:  75%|███████▍  | 1050/1407 [02:41<00:53,  6.65it/s]
BERT epoch 2/2:  75%|███████▍  | 1051/1407 [02:41<01:19,  4.45it/s]
BERT epoch 2/2:  75%|███████▍  | 1052/1407 [02:42<01:11,  4.93it/s]
BERT epoch 2/2:  75%|███████▍  | 1053/1407 [02:42<01:06,  5.34it/s]
BERT epoch 2/2:  75%|███████▍  | 1054/1407 [02:42<01:02,  5.67it/s]
BERT epoch 2/2:  75%|███████▍  | 1055/1407 [02:42<00:58,  5.97it/s]
BERT epoch 2/2:  75%|███████▌  | 1056/1407 [02:42<00:56,  6.20it/s]
BERT epoch 2/2:  75%|███████▌  | 1057/1407 [02:42<00:56,  6.23it/s]
BERT epoch 2/2:  75%|███████▌  | 1058/1407 [02:42<00:54,  6.37it/s]
BERT epoch 2/2:  75%|███████▌  | 1059/1407 [02:43<00:55,  6.29it/s]
BERT epoch 2/2:  75%|███████▌  | 1060/1407 [02:43<00:53,  6.45it/s]
BERT epoch 2/2:  75%|███████▌  | 1061/1407 [02:43<00:52,  6.60it/s]
BERT epoch 2/2:  75%|███████▌  | 1062/1407 [02:43<00:53,  6.48it/s]
BERT epoch 2/2:  76%|███████▌  | 1063/1407 [02:43<00:52,  6.59it/s]
BERT epoch 2/2:  76%|███████▌  | 1064/1407 [02:43<00:52,  6.58it/s]
BERT epoch 2/2:  76%|███████▌  | 1065/1407 [02:43<00:52,  6.56it/s]
BERT epoch 2/2:  76%|███████▌  | 1066/1407 [02:44<00:53,  6.33it/s]
BERT epoch 2/2:  76%|███████▌  | 1067/1407 [02:44<00:53,  6.41it/s]
BERT epoch 2/2:  76%|███████▌  | 1068/1407 [02:44<00:52,  6.42it/s]
BERT epoch 2/2:  76%|███████▌  | 1069/1407 [02:44<00:53,  6.32it/s]
BERT epoch 2/2:  76%|███████▌  | 1070/1407 [02:44<00:52,  6.47it/s]
BERT epoch 2/2:  76%|███████▌  | 1071/1407 [02:44<00:51,  6.58it/s]
BERT epoch 2/2:  76%|███████▌  | 1072/1407 [02:45<00:50,  6.59it/s]
BERT epoch 2/2:  76%|███████▋  | 1073/1407 [02:45<00:51,  6.47it/s]
BERT epoch 2/2:  76%|███████▋  | 1074/1407 [02:45<00:51,  6.47it/s]
BERT epoch 2/2:  76%|███████▋  | 1075/1407 [02:45<00:50,  6.52it/s]
BERT epoch 2/2:  76%|███████▋  | 1076/1407 [02:45<00:50,  6.52it/s]
BERT epoch 2/2:  77%|███████▋  | 1077/1407 [02:45<00:51,  6.35it/s]
BERT epoch 2/2:  77%|███████▋  | 1078/1407 [02:46<00:51,  6.40it/s]
BERT epoch 2/2:  77%|███████▋  | 1079/1407 [02:46<00:51,  6.43it/s]
BERT epoch 2/2:  77%|███████▋  | 1080/1407 [02:46<00:49,  6.56it/s]
BERT epoch 2/2:  77%|███████▋  | 1081/1407 [02:46<00:49,  6.58it/s]
BERT epoch 2/2:  77%|███████▋  | 1082/1407 [02:46<00:49,  6.57it/s]
BERT epoch 2/2:  77%|███████▋  | 1083/1407 [02:46<00:50,  6.40it/s]
BERT epoch 2/2:  77%|███████▋  | 1084/1407 [02:46<00:49,  6.54it/s]
BERT epoch 2/2:  77%|███████▋  | 1085/1407 [02:47<00:49,  6.56it/s]
BERT epoch 2/2:  77%|███████▋  | 1086/1407 [02:47<00:49,  6.42it/s]
BERT epoch 2/2:  77%|███████▋  | 1087/1407 [02:47<00:49,  6.43it/s]
BERT epoch 2/2:  77%|███████▋  | 1088/1407 [02:47<00:50,  6.34it/s]
BERT epoch 2/2:  77%|███████▋  | 1089/1407 [02:47<00:49,  6.40it/s]
BERT epoch 2/2:  77%|███████▋  | 1090/1407 [02:47<00:49,  6.45it/s]
BERT epoch 2/2:  78%|███████▊  | 1091/1407 [02:48<00:49,  6.38it/s]
BERT epoch 2/2:  78%|███████▊  | 1092/1407 [02:48<00:48,  6.51it/s]
BERT epoch 2/2:  78%|███████▊  | 1093/1407 [02:48<00:50,  6.25it/s]
BERT epoch 2/2:  78%|███████▊  | 1094/1407 [02:48<00:51,  6.02it/s]
BERT epoch 2/2:  78%|███████▊  | 1095/1407 [02:48<00:50,  6.18it/s]
BERT epoch 2/2:  78%|███████▊  | 1096/1407 [02:48<00:49,  6.28it/s]
BERT epoch 2/2:  78%|███████▊  | 1097/1407 [02:49<00:49,  6.25it/s]
BERT epoch 2/2:  78%|███████▊  | 1098/1407 [02:49<00:48,  6.31it/s]
BERT epoch 2/2:  78%|███████▊  | 1099/1407 [02:49<00:47,  6.54it/s]
BERT epoch 2/2:  78%|███████▊  | 1100/1407 [02:49<00:46,  6.55it/s]
BERT epoch 2/2:  78%|███████▊  | 1101/1407 [02:49<00:46,  6.53it/s]
BERT epoch 2/2:  78%|███████▊  | 1102/1407 [02:49<00:46,  6.62it/s]
BERT epoch 2/2:  78%|███████▊  | 1103/1407 [02:49<00:46,  6.59it/s]
BERT epoch 2/2:  78%|███████▊  | 1104/1407 [02:50<00:46,  6.59it/s]
BERT epoch 2/2:  79%|███████▊  | 1105/1407 [02:50<00:46,  6.46it/s]
BERT epoch 2/2:  79%|███████▊  | 1106/1407 [02:50<00:47,  6.36it/s]
BERT epoch 2/2:  79%|███████▊  | 1107/1407 [02:50<00:46,  6.49it/s]
BERT epoch 2/2:  79%|███████▊  | 1108/1407 [02:50<00:45,  6.63it/s]
BERT epoch 2/2:  79%|███████▉  | 1109/1407 [02:50<00:45,  6.51it/s]
BERT epoch 2/2:  79%|███████▉  | 1110/1407 [02:50<00:45,  6.55it/s]
BERT epoch 2/2:  79%|███████▉  | 1111/1407 [02:51<00:45,  6.45it/s]
BERT epoch 2/2:  79%|███████▉  | 1112/1407 [02:51<00:45,  6.48it/s]
BERT epoch 2/2:  79%|███████▉  | 1113/1407 [02:51<01:25,  3.45it/s]
BERT epoch 2/2:  79%|███████▉  | 1114/1407 [02:52<01:13,  3.97it/s]
BERT epoch 2/2:  79%|███████▉  | 1115/1407 [02:52<01:04,  4.55it/s]
BERT epoch 2/2:  79%|███████▉  | 1116/1407 [02:52<00:58,  5.02it/s]
BERT epoch 2/2:  79%|███████▉  | 1117/1407 [02:52<00:54,  5.32it/s]
BERT epoch 2/2:  79%|███████▉  | 1118/1407 [02:52<00:50,  5.72it/s]
BERT epoch 2/2:  80%|███████▉  | 1119/1407 [02:52<00:49,  5.83it/s]
BERT epoch 2/2:  80%|███████▉  | 1120/1407 [02:52<00:46,  6.12it/s]
BERT epoch 2/2:  80%|███████▉  | 1121/1407 [02:53<00:45,  6.26it/s]
BERT epoch 2/2:  80%|███████▉  | 1122/1407 [02:53<00:44,  6.43it/s]
BERT epoch 2/2:  80%|███████▉  | 1123/1407 [02:53<01:23,  3.41it/s]
BERT epoch 2/2:  80%|███████▉  | 1124/1407 [02:54<01:11,  3.94it/s]
BERT epoch 2/2:  80%|███████▉  | 1125/1407 [02:54<01:02,  4.54it/s]
BERT epoch 2/2:  80%|████████  | 1126/1407 [02:54<00:55,  5.05it/s]
BERT epoch 2/2:  80%|████████  | 1127/1407 [02:54<00:51,  5.48it/s]
BERT epoch 2/2:  80%|████████  | 1128/1407 [02:54<00:46,  5.97it/s]
BERT epoch 2/2:  80%|████████  | 1129/1407 [02:55<01:04,  4.28it/s]
BERT epoch 2/2:  80%|████████  | 1130/1407 [02:55<00:58,  4.77it/s]
BERT epoch 2/2:  80%|████████  | 1131/1407 [02:55<00:53,  5.18it/s]
BERT epoch 2/2:  80%|████████  | 1132/1407 [02:55<00:49,  5.52it/s]
BERT epoch 2/2:  81%|████████  | 1133/1407 [02:55<00:49,  5.59it/s]
BERT epoch 2/2:  81%|████████  | 1134/1407 [02:55<00:46,  5.85it/s]
BERT epoch 2/2:  81%|████████  | 1135/1407 [02:55<00:44,  6.05it/s]
BERT epoch 2/2:  81%|████████  | 1136/1407 [02:56<00:45,  5.98it/s]
BERT epoch 2/2:  81%|████████  | 1137/1407 [02:56<00:42,  6.30it/s]
BERT epoch 2/2:  81%|████████  | 1138/1407 [02:56<00:42,  6.39it/s]
BERT epoch 2/2:  81%|████████  | 1139/1407 [02:56<00:41,  6.52it/s]
BERT epoch 2/2:  81%|████████  | 1140/1407 [02:56<00:40,  6.63it/s]
BERT epoch 2/2:  81%|████████  | 1141/1407 [02:56<00:40,  6.53it/s]
BERT epoch 2/2:  81%|████████  | 1142/1407 [02:57<00:54,  4.83it/s]
BERT epoch 2/2:  81%|████████  | 1143/1407 [02:57<00:50,  5.20it/s]
BERT epoch 2/2:  81%|████████▏ | 1144/1407 [02:57<00:46,  5.61it/s]
BERT epoch 2/2:  81%|████████▏ | 1145/1407 [02:57<00:44,  5.86it/s]
BERT epoch 2/2:  81%|████████▏ | 1146/1407 [02:57<00:43,  6.05it/s]
BERT epoch 2/2:  82%|████████▏ | 1147/1407 [02:57<00:42,  6.18it/s]
BERT epoch 2/2:  82%|████████▏ | 1148/1407 [02:58<00:41,  6.29it/s]
BERT epoch 2/2:  82%|████████▏ | 1149/1407 [02:58<00:39,  6.46it/s]
BERT epoch 2/2:  82%|████████▏ | 1150/1407 [02:58<00:39,  6.47it/s]
BERT epoch 2/2:  82%|████████▏ | 1151/1407 [02:58<00:40,  6.38it/s]
BERT epoch 2/2:  82%|████████▏ | 1152/1407 [02:58<00:39,  6.49it/s]
BERT epoch 2/2:  82%|████████▏ | 1153/1407 [02:58<00:38,  6.53it/s]
BERT epoch 2/2:  82%|████████▏ | 1154/1407 [02:59<00:39,  6.42it/s]
BERT epoch 2/2:  82%|████████▏ | 1155/1407 [02:59<00:38,  6.54it/s]
BERT epoch 2/2:  82%|████████▏ | 1156/1407 [02:59<00:38,  6.52it/s]
BERT epoch 2/2:  82%|████████▏ | 1157/1407 [02:59<00:40,  6.19it/s]
BERT epoch 2/2:  82%|████████▏ | 1158/1407 [02:59<00:39,  6.35it/s]
BERT epoch 2/2:  82%|████████▏ | 1159/1407 [02:59<00:39,  6.35it/s]
BERT epoch 2/2:  82%|████████▏ | 1160/1407 [02:59<00:37,  6.51it/s]
BERT epoch 2/2:  83%|████████▎ | 1161/1407 [03:00<00:37,  6.53it/s]
BERT epoch 2/2:  83%|████████▎ | 1162/1407 [03:00<00:37,  6.53it/s]
BERT epoch 2/2:  83%|████████▎ | 1163/1407 [03:00<00:37,  6.46it/s]
BERT epoch 2/2:  83%|████████▎ | 1164/1407 [03:00<00:38,  6.26it/s]
BERT epoch 2/2:  83%|████████▎ | 1165/1407 [03:00<00:38,  6.26it/s]
BERT epoch 2/2:  83%|████████▎ | 1166/1407 [03:00<00:37,  6.44it/s]
BERT epoch 2/2:  83%|████████▎ | 1167/1407 [03:01<00:36,  6.56it/s]
BERT epoch 2/2:  83%|████████▎ | 1168/1407 [03:01<00:35,  6.68it/s]
BERT epoch 2/2:  83%|████████▎ | 1169/1407 [03:01<00:35,  6.66it/s]
BERT epoch 2/2:  83%|████████▎ | 1170/1407 [03:01<00:36,  6.55it/s]
BERT epoch 2/2:  83%|████████▎ | 1171/1407 [03:01<00:36,  6.55it/s]
BERT epoch 2/2:  83%|████████▎ | 1172/1407 [03:01<00:35,  6.59it/s]
BERT epoch 2/2:  83%|████████▎ | 1173/1407 [03:01<00:36,  6.44it/s]
BERT epoch 2/2:  83%|████████▎ | 1174/1407 [03:02<00:35,  6.48it/s]
BERT epoch 2/2:  84%|████████▎ | 1175/1407 [03:02<00:35,  6.52it/s]
BERT epoch 2/2:  84%|████████▎ | 1176/1407 [03:02<00:35,  6.56it/s]
BERT epoch 2/2:  84%|████████▎ | 1177/1407 [03:02<00:35,  6.44it/s]
BERT epoch 2/2:  84%|████████▎ | 1178/1407 [03:02<00:35,  6.37it/s]
BERT epoch 2/2:  84%|████████▍ | 1179/1407 [03:02<00:36,  6.31it/s]
BERT epoch 2/2:  84%|████████▍ | 1180/1407 [03:03<00:35,  6.40it/s]
BERT epoch 2/2:  84%|████████▍ | 1181/1407 [03:03<00:35,  6.30it/s]
BERT epoch 2/2:  84%|████████▍ | 1182/1407 [03:03<00:35,  6.40it/s]
BERT epoch 2/2:  84%|████████▍ | 1183/1407 [03:03<00:35,  6.36it/s]
BERT epoch 2/2:  84%|████████▍ | 1184/1407 [03:03<00:34,  6.44it/s]
BERT epoch 2/2:  84%|████████▍ | 1185/1407 [03:03<00:33,  6.55it/s]
BERT epoch 2/2:  84%|████████▍ | 1186/1407 [03:03<00:33,  6.66it/s]
BERT epoch 2/2:  84%|████████▍ | 1187/1407 [03:04<00:33,  6.62it/s]
BERT epoch 2/2:  84%|████████▍ | 1188/1407 [03:04<00:32,  6.72it/s]
BERT epoch 2/2:  85%|████████▍ | 1189/1407 [03:04<00:33,  6.52it/s]
BERT epoch 2/2:  85%|████████▍ | 1190/1407 [03:04<00:33,  6.52it/s]
BERT epoch 2/2:  85%|████████▍ | 1191/1407 [03:04<00:34,  6.19it/s]
BERT epoch 2/2:  85%|████████▍ | 1192/1407 [03:04<00:33,  6.39it/s]
BERT epoch 2/2:  85%|████████▍ | 1193/1407 [03:05<00:33,  6.43it/s]
BERT epoch 2/2:  85%|████████▍ | 1194/1407 [03:05<00:32,  6.57it/s]
BERT epoch 2/2:  85%|████████▍ | 1195/1407 [03:05<00:31,  6.67it/s]
BERT epoch 2/2:  85%|████████▌ | 1196/1407 [03:05<00:31,  6.65it/s]
BERT epoch 2/2:  85%|████████▌ | 1197/1407 [03:05<00:31,  6.70it/s]
BERT epoch 2/2:  85%|████████▌ | 1198/1407 [03:05<00:30,  6.79it/s]
BERT epoch 2/2:  85%|████████▌ | 1199/1407 [03:05<00:30,  6.79it/s]
BERT epoch 2/2:  85%|████████▌ | 1200/1407 [03:06<00:31,  6.61it/s]
BERT epoch 2/2:  85%|████████▌ | 1201/1407 [03:06<00:32,  6.41it/s]
BERT epoch 2/2:  85%|████████▌ | 1202/1407 [03:06<00:32,  6.35it/s]
BERT epoch 2/2:  86%|████████▌ | 1203/1407 [03:06<00:31,  6.49it/s]
BERT epoch 2/2:  86%|████████▌ | 1204/1407 [03:06<00:44,  4.56it/s]
BERT epoch 2/2:  86%|████████▌ | 1205/1407 [03:07<00:39,  5.10it/s]
BERT epoch 2/2:  86%|████████▌ | 1206/1407 [03:07<00:37,  5.37it/s]
BERT epoch 2/2:  86%|████████▌ | 1207/1407 [03:07<00:34,  5.77it/s]
BERT epoch 2/2:  86%|████████▌ | 1208/1407 [03:07<00:33,  6.00it/s]
BERT epoch 2/2:  86%|████████▌ | 1209/1407 [03:07<00:31,  6.25it/s]
BERT epoch 2/2:  86%|████████▌ | 1210/1407 [03:07<00:30,  6.46it/s]
BERT epoch 2/2:  86%|████████▌ | 1211/1407 [03:07<00:30,  6.49it/s]
BERT epoch 2/2:  86%|████████▌ | 1212/1407 [03:08<00:29,  6.63it/s]
BERT epoch 2/2:  86%|████████▌ | 1213/1407 [03:08<00:30,  6.44it/s]
BERT epoch 2/2:  86%|████████▋ | 1214/1407 [03:08<00:29,  6.49it/s]
BERT epoch 2/2:  86%|████████▋ | 1215/1407 [03:08<00:30,  6.39it/s]
BERT epoch 2/2:  86%|████████▋ | 1216/1407 [03:08<00:29,  6.44it/s]
BERT epoch 2/2:  86%|████████▋ | 1217/1407 [03:09<00:51,  3.66it/s]
BERT epoch 2/2:  87%|████████▋ | 1218/1407 [03:09<00:44,  4.23it/s]
BERT epoch 2/2:  87%|████████▋ | 1219/1407 [03:09<00:39,  4.70it/s]
BERT epoch 2/2:  87%|████████▋ | 1220/1407 [03:09<00:36,  5.17it/s]
BERT epoch 2/2:  87%|████████▋ | 1221/1407 [03:09<00:33,  5.54it/s]
BERT epoch 2/2:  87%|████████▋ | 1222/1407 [03:10<00:30,  5.97it/s]
BERT epoch 2/2:  87%|████████▋ | 1223/1407 [03:10<00:29,  6.24it/s]
BERT epoch 2/2:  87%|████████▋ | 1224/1407 [03:10<00:28,  6.41it/s]
BERT epoch 2/2:  87%|████████▋ | 1225/1407 [03:10<00:29,  6.20it/s]
BERT epoch 2/2:  87%|████████▋ | 1226/1407 [03:10<00:29,  6.15it/s]
BERT epoch 2/2:  87%|████████▋ | 1227/1407 [03:10<00:28,  6.28it/s]
BERT epoch 2/2:  87%|████████▋ | 1228/1407 [03:10<00:28,  6.26it/s]
BERT epoch 2/2:  87%|████████▋ | 1229/1407 [03:11<00:28,  6.35it/s]
BERT epoch 2/2:  87%|████████▋ | 1230/1407 [03:11<00:27,  6.44it/s]
BERT epoch 2/2:  87%|████████▋ | 1231/1407 [03:11<00:27,  6.48it/s]
BERT epoch 2/2:  88%|████████▊ | 1232/1407 [03:11<00:26,  6.52it/s]
BERT epoch 2/2:  88%|████████▊ | 1233/1407 [03:11<00:27,  6.42it/s]
BERT epoch 2/2:  88%|████████▊ | 1234/1407 [03:11<00:27,  6.24it/s]
BERT epoch 2/2:  88%|████████▊ | 1235/1407 [03:12<00:26,  6.44it/s]
BERT epoch 2/2:  88%|████████▊ | 1236/1407 [03:12<00:26,  6.48it/s]
BERT epoch 2/2:  88%|████████▊ | 1237/1407 [03:12<00:25,  6.59it/s]
BERT epoch 2/2:  88%|████████▊ | 1238/1407 [03:12<00:25,  6.67it/s]
BERT epoch 2/2:  88%|████████▊ | 1239/1407 [03:12<00:25,  6.49it/s]
BERT epoch 2/2:  88%|████████▊ | 1240/1407 [03:12<00:25,  6.59it/s]
BERT epoch 2/2:  88%|████████▊ | 1241/1407 [03:12<00:25,  6.58it/s]
BERT epoch 2/2:  88%|████████▊ | 1242/1407 [03:13<00:24,  6.71it/s]
BERT epoch 2/2:  88%|████████▊ | 1243/1407 [03:13<00:25,  6.55it/s]
BERT epoch 2/2:  88%|████████▊ | 1244/1407 [03:13<00:24,  6.53it/s]
BERT epoch 2/2:  88%|████████▊ | 1245/1407 [03:13<00:25,  6.46it/s]
BERT epoch 2/2:  89%|████████▊ | 1246/1407 [03:13<00:25,  6.37it/s]
BERT epoch 2/2:  89%|████████▊ | 1247/1407 [03:13<00:24,  6.42it/s]
BERT epoch 2/2:  89%|████████▊ | 1248/1407 [03:14<00:25,  6.34it/s]
BERT epoch 2/2:  89%|████████▉ | 1249/1407 [03:14<00:24,  6.43it/s]
BERT epoch 2/2:  89%|████████▉ | 1250/1407 [03:14<00:24,  6.33it/s]
BERT epoch 2/2:  89%|████████▉ | 1251/1407 [03:14<00:24,  6.47it/s]
BERT epoch 2/2:  89%|████████▉ | 1252/1407 [03:14<00:23,  6.50it/s]
BERT epoch 2/2:  89%|████████▉ | 1253/1407 [03:14<00:23,  6.52it/s]
BERT epoch 2/2:  89%|████████▉ | 1254/1407 [03:14<00:23,  6.38it/s]
BERT epoch 2/2:  89%|████████▉ | 1255/1407 [03:15<00:23,  6.58it/s]
BERT epoch 2/2:  89%|████████▉ | 1256/1407 [03:15<00:22,  6.59it/s]
BERT epoch 2/2:  89%|████████▉ | 1257/1407 [03:15<00:22,  6.68it/s]
BERT epoch 2/2:  89%|████████▉ | 1258/1407 [03:15<00:22,  6.54it/s]
BERT epoch 2/2:  89%|████████▉ | 1259/1407 [03:15<00:23,  6.31it/s]
BERT epoch 2/2:  90%|████████▉ | 1260/1407 [03:15<00:23,  6.38it/s]
BERT epoch 2/2:  90%|████████▉ | 1261/1407 [03:16<00:22,  6.42it/s]
BERT epoch 2/2:  90%|████████▉ | 1262/1407 [03:16<00:22,  6.36it/s]
BERT epoch 2/2:  90%|████████▉ | 1263/1407 [03:16<00:22,  6.50it/s]
BERT epoch 2/2:  90%|████████▉ | 1264/1407 [03:16<00:21,  6.51it/s]
BERT epoch 2/2:  90%|████████▉ | 1265/1407 [03:16<00:21,  6.62it/s]
BERT epoch 2/2:  90%|████████▉ | 1266/1407 [03:16<00:21,  6.66it/s]
BERT epoch 2/2:  90%|█████████ | 1267/1407 [03:16<00:21,  6.66it/s]
BERT epoch 2/2:  90%|█████████ | 1268/1407 [03:17<00:21,  6.51it/s]
BERT epoch 2/2:  90%|█████████ | 1269/1407 [03:17<00:21,  6.42it/s]
BERT epoch 2/2:  90%|█████████ | 1270/1407 [03:17<00:21,  6.35it/s]
BERT epoch 2/2:  90%|█████████ | 1271/1407 [03:17<00:20,  6.52it/s]
BERT epoch 2/2:  90%|█████████ | 1272/1407 [03:17<00:21,  6.41it/s]
BERT epoch 2/2:  90%|█████████ | 1273/1407 [03:17<00:20,  6.58it/s]
BERT epoch 2/2:  91%|█████████ | 1274/1407 [03:18<00:20,  6.59it/s]
BERT epoch 2/2:  91%|█████████ | 1275/1407 [03:18<00:20,  6.49it/s]
BERT epoch 2/2:  91%|█████████ | 1276/1407 [03:18<00:20,  6.54it/s]
BERT epoch 2/2:  91%|█████████ | 1277/1407 [03:18<00:19,  6.69it/s]
BERT epoch 2/2:  91%|█████████ | 1278/1407 [03:18<00:19,  6.67it/s]
BERT epoch 2/2:  91%|█████████ | 1279/1407 [03:18<00:19,  6.66it/s]
BERT epoch 2/2:  91%|█████████ | 1280/1407 [03:18<00:18,  6.78it/s]
BERT epoch 2/2:  91%|█████████ | 1281/1407 [03:19<00:19,  6.55it/s]
BERT epoch 2/2:  91%|█████████ | 1282/1407 [03:19<00:18,  6.71it/s]
BERT epoch 2/2:  91%|█████████ | 1283/1407 [03:19<00:18,  6.66it/s]
BERT epoch 2/2:  91%|█████████▏| 1284/1407 [03:19<00:18,  6.63it/s]
BERT epoch 2/2:  91%|█████████▏| 1285/1407 [03:19<00:18,  6.72it/s]
BERT epoch 2/2:  91%|█████████▏| 1286/1407 [03:19<00:18,  6.50it/s]
BERT epoch 2/2:  91%|█████████▏| 1287/1407 [03:20<00:18,  6.59it/s]
BERT epoch 2/2:  92%|█████████▏| 1288/1407 [03:20<00:18,  6.42it/s]
BERT epoch 2/2:  92%|█████████▏| 1289/1407 [03:20<00:18,  6.49it/s]
BERT epoch 2/2:  92%|█████████▏| 1290/1407 [03:20<00:17,  6.52it/s]
BERT epoch 2/2:  92%|█████████▏| 1291/1407 [03:20<00:18,  6.44it/s]
BERT epoch 2/2:  92%|█████████▏| 1292/1407 [03:20<00:18,  6.34it/s]
BERT epoch 2/2:  92%|█████████▏| 1293/1407 [03:20<00:18,  6.33it/s]
BERT epoch 2/2:  92%|█████████▏| 1294/1407 [03:21<00:17,  6.28it/s]
BERT epoch 2/2:  92%|█████████▏| 1295/1407 [03:21<00:18,  6.08it/s]
BERT epoch 2/2:  92%|█████████▏| 1296/1407 [03:21<00:17,  6.26it/s]
BERT epoch 2/2:  92%|█████████▏| 1297/1407 [03:21<00:17,  6.25it/s]
BERT epoch 2/2:  92%|█████████▏| 1298/1407 [03:21<00:16,  6.45it/s]
BERT epoch 2/2:  92%|█████████▏| 1299/1407 [03:21<00:16,  6.51it/s]
BERT epoch 2/2:  92%|█████████▏| 1300/1407 [03:22<00:16,  6.61it/s]
BERT epoch 2/2:  92%|█████████▏| 1301/1407 [03:22<00:16,  6.38it/s]
BERT epoch 2/2:  93%|█████████▎| 1302/1407 [03:22<00:16,  6.46it/s]
BERT epoch 2/2:  93%|█████████▎| 1303/1407 [03:22<00:15,  6.50it/s]
BERT epoch 2/2:  93%|█████████▎| 1304/1407 [03:23<00:26,  3.87it/s]
BERT epoch 2/2:  93%|█████████▎| 1305/1407 [03:23<00:23,  4.39it/s]
BERT epoch 2/2:  93%|█████████▎| 1306/1407 [03:23<00:20,  4.94it/s]
BERT epoch 2/2:  93%|█████████▎| 1307/1407 [03:23<00:18,  5.31it/s]
BERT epoch 2/2:  93%|█████████▎| 1308/1407 [03:23<00:17,  5.70it/s]
BERT epoch 2/2:  93%|█████████▎| 1309/1407 [03:23<00:16,  5.93it/s]
BERT epoch 2/2:  93%|█████████▎| 1310/1407 [03:23<00:15,  6.13it/s]
BERT epoch 2/2:  93%|█████████▎| 1311/1407 [03:24<00:15,  6.23it/s]
BERT epoch 2/2:  93%|█████████▎| 1312/1407 [03:24<00:15,  6.32it/s]
BERT epoch 2/2:  93%|█████████▎| 1313/1407 [03:24<00:14,  6.39it/s]
BERT epoch 2/2:  93%|█████████▎| 1314/1407 [03:24<00:14,  6.52it/s]
BERT epoch 2/2:  93%|█████████▎| 1315/1407 [03:24<00:14,  6.43it/s]
BERT epoch 2/2:  94%|█████████▎| 1316/1407 [03:24<00:13,  6.54it/s]
BERT epoch 2/2:  94%|█████████▎| 1317/1407 [03:25<00:20,  4.46it/s]
BERT epoch 2/2:  94%|█████████▎| 1318/1407 [03:25<00:17,  5.00it/s]
BERT epoch 2/2:  94%|█████████▎| 1319/1407 [03:25<00:16,  5.45it/s]
BERT epoch 2/2:  94%|█████████▍| 1320/1407 [03:25<00:20,  4.16it/s]
BERT epoch 2/2:  94%|█████████▍| 1321/1407 [03:26<00:18,  4.65it/s]
BERT epoch 2/2:  94%|█████████▍| 1322/1407 [03:26<00:16,  5.13it/s]
BERT epoch 2/2:  94%|█████████▍| 1323/1407 [03:26<00:15,  5.39it/s]
BERT epoch 2/2:  94%|█████████▍| 1324/1407 [03:26<00:14,  5.76it/s]
BERT epoch 2/2:  94%|█████████▍| 1325/1407 [03:26<00:13,  6.01it/s]
BERT epoch 2/2:  94%|█████████▍| 1326/1407 [03:27<00:21,  3.84it/s]
BERT epoch 2/2:  94%|█████████▍| 1327/1407 [03:27<00:18,  4.39it/s]
BERT epoch 2/2:  94%|█████████▍| 1328/1407 [03:27<00:15,  4.94it/s]
BERT epoch 2/2:  94%|█████████▍| 1329/1407 [03:27<00:23,  3.36it/s]
BERT epoch 2/2:  95%|█████████▍| 1330/1407 [03:28<00:19,  4.00it/s]
BERT epoch 2/2:  95%|█████████▍| 1331/1407 [03:28<00:16,  4.57it/s]
BERT epoch 2/2:  95%|█████████▍| 1332/1407 [03:28<00:14,  5.06it/s]
BERT epoch 2/2:  95%|█████████▍| 1333/1407 [03:28<00:13,  5.47it/s]
BERT epoch 2/2:  95%|█████████▍| 1334/1407 [03:28<00:12,  5.70it/s]
BERT epoch 2/2:  95%|█████████▍| 1335/1407 [03:28<00:12,  5.83it/s]
BERT epoch 2/2:  95%|█████████▍| 1336/1407 [03:29<00:11,  5.95it/s]
BERT epoch 2/2:  95%|█████████▌| 1337/1407 [03:29<00:11,  6.00it/s]
BERT epoch 2/2:  95%|█████████▌| 1338/1407 [03:29<00:24,  2.86it/s]
BERT epoch 2/2:  95%|█████████▌| 1339/1407 [03:30<00:19,  3.42it/s]
BERT epoch 2/2:  95%|█████████▌| 1340/1407 [03:30<00:16,  4.01it/s]
BERT epoch 2/2:  95%|█████████▌| 1341/1407 [03:30<00:14,  4.62it/s]
BERT epoch 2/2:  95%|█████████▌| 1342/1407 [03:30<00:12,  5.10it/s]
BERT epoch 2/2:  95%|█████████▌| 1343/1407 [03:30<00:11,  5.50it/s]
BERT epoch 2/2:  96%|█████████▌| 1344/1407 [03:30<00:10,  5.75it/s]
BERT epoch 2/2:  96%|█████████▌| 1345/1407 [03:31<00:10,  5.92it/s]
BERT epoch 2/2:  96%|█████████▌| 1346/1407 [03:31<00:09,  6.32it/s]
BERT epoch 2/2:  96%|█████████▌| 1347/1407 [03:31<00:11,  5.10it/s]
BERT epoch 2/2:  96%|█████████▌| 1348/1407 [03:31<00:10,  5.53it/s]
BERT epoch 2/2:  96%|█████████▌| 1349/1407 [03:31<00:10,  5.73it/s]
BERT epoch 2/2:  96%|█████████▌| 1350/1407 [03:31<00:09,  6.04it/s]
BERT epoch 2/2:  96%|█████████▌| 1351/1407 [03:32<00:09,  6.10it/s]
BERT epoch 2/2:  96%|█████████▌| 1352/1407 [03:32<00:08,  6.11it/s]
BERT epoch 2/2:  96%|█████████▌| 1353/1407 [03:32<00:08,  6.23it/s]
BERT epoch 2/2:  96%|█████████▌| 1354/1407 [03:32<00:08,  6.24it/s]
BERT epoch 2/2:  96%|█████████▋| 1355/1407 [03:32<00:08,  6.35it/s]
BERT epoch 2/2:  96%|█████████▋| 1356/1407 [03:32<00:08,  6.30it/s]
BERT epoch 2/2:  96%|█████████▋| 1357/1407 [03:32<00:07,  6.51it/s]
BERT epoch 2/2:  97%|█████████▋| 1358/1407 [03:33<00:07,  6.69it/s]
BERT epoch 2/2:  97%|█████████▋| 1359/1407 [03:33<00:07,  6.70it/s]
BERT epoch 2/2:  97%|█████████▋| 1360/1407 [03:33<00:07,  6.68it/s]
BERT epoch 2/2:  97%|█████████▋| 1361/1407 [03:33<00:06,  6.76it/s]
BERT epoch 2/2:  97%|█████████▋| 1362/1407 [03:33<00:06,  6.73it/s]
BERT epoch 2/2:  97%|█████████▋| 1363/1407 [03:33<00:06,  6.68it/s]
BERT epoch 2/2:  97%|█████████▋| 1364/1407 [03:33<00:06,  6.81it/s]
BERT epoch 2/2:  97%|█████████▋| 1365/1407 [03:34<00:06,  6.83it/s]
BERT epoch 2/2:  97%|█████████▋| 1366/1407 [03:34<00:05,  6.85it/s]
BERT epoch 2/2:  97%|█████████▋| 1367/1407 [03:34<00:06,  6.59it/s]
BERT epoch 2/2:  97%|█████████▋| 1368/1407 [03:34<00:05,  6.60it/s]
BERT epoch 2/2:  97%|█████████▋| 1369/1407 [03:34<00:05,  6.50it/s]
BERT epoch 2/2:  97%|█████████▋| 1370/1407 [03:34<00:05,  6.39it/s]
BERT epoch 2/2:  97%|█████████▋| 1371/1407 [03:35<00:05,  6.44it/s]
BERT epoch 2/2:  98%|█████████▊| 1372/1407 [03:35<00:05,  6.34it/s]
BERT epoch 2/2:  98%|█████████▊| 1373/1407 [03:35<00:05,  6.27it/s]
BERT epoch 2/2:  98%|█████████▊| 1374/1407 [03:35<00:05,  6.45it/s]
BERT epoch 2/2:  98%|█████████▊| 1375/1407 [03:35<00:05,  6.40it/s]
BERT epoch 2/2:  98%|█████████▊| 1376/1407 [03:35<00:04,  6.34it/s]
BERT epoch 2/2:  98%|█████████▊| 1377/1407 [03:36<00:04,  6.31it/s]
BERT epoch 2/2:  98%|█████████▊| 1378/1407 [03:36<00:04,  6.23it/s]
BERT epoch 2/2:  98%|█████████▊| 1379/1407 [03:36<00:04,  6.34it/s]
BERT epoch 2/2:  98%|█████████▊| 1380/1407 [03:36<00:04,  6.43it/s]
BERT epoch 2/2:  98%|█████████▊| 1381/1407 [03:36<00:04,  6.44it/s]
BERT epoch 2/2:  98%|█████████▊| 1382/1407 [03:36<00:03,  6.37it/s]
BERT epoch 2/2:  98%|█████████▊| 1383/1407 [03:36<00:03,  6.28it/s]
BERT epoch 2/2:  98%|█████████▊| 1384/1407 [03:37<00:03,  6.23it/s]
BERT epoch 2/2:  98%|█████████▊| 1385/1407 [03:37<00:03,  6.44it/s]
BERT epoch 2/2:  99%|█████████▊| 1386/1407 [03:37<00:03,  6.47it/s]
BERT epoch 2/2:  99%|█████████▊| 1387/1407 [03:37<00:03,  6.56it/s]
BERT epoch 2/2:  99%|█████████▊| 1388/1407 [03:37<00:02,  6.68it/s]
BERT epoch 2/2:  99%|█████████▊| 1389/1407 [03:37<00:02,  6.54it/s]
BERT epoch 2/2:  99%|█████████▉| 1390/1407 [03:38<00:02,  6.65it/s]
BERT epoch 2/2:  99%|█████████▉| 1391/1407 [03:38<00:02,  6.52it/s]
BERT epoch 2/2:  99%|█████████▉| 1392/1407 [03:38<00:02,  6.58it/s]
BERT epoch 2/2:  99%|█████████▉| 1393/1407 [03:38<00:02,  6.48it/s]
BERT epoch 2/2:  99%|█████████▉| 1394/1407 [03:38<00:02,  6.39it/s]
BERT epoch 2/2:  99%|█████████▉| 1395/1407 [03:38<00:01,  6.36it/s]
BERT epoch 2/2:  99%|█████████▉| 1396/1407 [03:38<00:01,  6.51it/s]
BERT epoch 2/2:  99%|█████████▉| 1397/1407 [03:39<00:01,  6.55it/s]
BERT epoch 2/2:  99%|█████████▉| 1398/1407 [03:39<00:01,  6.57it/s]
BERT epoch 2/2:  99%|█████████▉| 1399/1407 [03:39<00:01,  6.61it/s]
BERT epoch 2/2: 100%|█████████▉| 1400/1407 [03:39<00:01,  6.48it/s]
BERT epoch 2/2: 100%|█████████▉| 1401/1407 [03:39<00:00,  6.41it/s]
BERT epoch 2/2: 100%|█████████▉| 1402/1407 [03:39<00:00,  6.49it/s]
BERT epoch 2/2: 100%|█████████▉| 1403/1407 [03:40<00:00,  6.40it/s]
BERT epoch 2/2: 100%|█████████▉| 1404/1407 [03:40<00:00,  6.46it/s]
BERT epoch 2/2: 100%|█████████▉| 1405/1407 [03:40<00:00,  6.30it/s]
BERT epoch 2/2: 100%|█████████▉| 1406/1407 [03:40<00:00,  6.41it/s]
BERT epoch 2/2: 100%|██████████| 1407/1407 [03:40<00:00,  6.38it/s]

Evaluating:   0%|          | 0/79 [00:00<?, ?it/s]
Evaluating:   4%|▍         | 3/79 [00:00<00:03, 20.67it/s]
Evaluating:   8%|▊         | 6/79 [00:00<00:03, 19.88it/s]
Evaluating:  10%|█         | 8/79 [00:00<00:03, 19.57it/s]
Evaluating:  14%|█▍        | 11/79 [00:00<00:03, 20.27it/s]
Evaluating:  18%|█▊        | 14/79 [00:00<00:03, 20.79it/s]
Evaluating:  22%|██▏       | 17/79 [00:00<00:02, 20.82it/s]
Evaluating:  25%|██▌       | 20/79 [00:00<00:02, 19.87it/s]
Evaluating:  28%|██▊       | 22/79 [00:01<00:02, 19.65it/s]
Evaluating:  30%|███       | 24/79 [00:01<00:02, 19.72it/s]
Evaluating:  34%|███▍      | 27/79 [00:01<00:02, 19.88it/s]
Evaluating:  37%|███▋      | 29/79 [00:01<00:02, 19.71it/s]
Evaluating:  41%|████      | 32/79 [00:01<00:02, 19.77it/s]
Evaluating:  44%|████▍     | 35/79 [00:01<00:02, 20.24it/s]
Evaluating:  48%|████▊     | 38/79 [00:01<00:02, 20.25it/s]
Evaluating:  52%|█████▏    | 41/79 [00:02<00:01, 20.15it/s]
Evaluating:  56%|█████▌    | 44/79 [00:02<00:01, 19.86it/s]
Evaluating:  58%|█████▊    | 46/79 [00:02<00:01, 19.75it/s]
Evaluating:  61%|██████    | 48/79 [00:02<00:01, 19.68it/s]
Evaluating:  63%|██████▎   | 50/79 [00:02<00:01, 19.05it/s]
Evaluating:  67%|██████▋   | 53/79 [00:02<00:01, 19.74it/s]
Evaluating:  70%|██████▉   | 55/79 [00:04<00:06,  3.80it/s]
Evaluating:  73%|███████▎  | 58/79 [00:04<00:03,  5.35it/s]
Evaluating:  77%|███████▋  | 61/79 [00:04<00:02,  7.15it/s]
Evaluating:  81%|████████  | 64/79 [00:04<00:01,  9.11it/s]
Evaluating:  85%|████████▍ | 67/79 [00:05<00:01, 10.96it/s]
Evaluating:  89%|████████▊ | 70/79 [00:05<00:00, 12.78it/s]
Evaluating:  91%|█████████ | 72/79 [00:05<00:00, 13.89it/s]
Evaluating:  94%|█████████▎| 74/79 [00:05<00:00, 14.99it/s]
Evaluating:  97%|█████████▋| 77/79 [00:05<00:00, 16.63it/s]
Epoch 2: loss=0.2611 train_acc=0.9003 dev_acc=0.8738 dev_f1=0.8852 (221s)
                                                           

Evaluating:   0%|          | 0/79 [00:00<?, ?it/s]
Evaluating:   4%|▍         | 3/79 [00:00<00:03, 22.42it/s]
Evaluating:   8%|▊         | 6/79 [00:00<00:03, 20.72it/s]
Evaluating:  11%|█▏        | 9/79 [00:00<00:03, 20.43it/s]
Evaluating:  15%|█▌        | 12/79 [00:00<00:03, 20.30it/s]
Evaluating:  19%|█▉        | 15/79 [00:00<00:03, 20.13it/s]
Evaluating:  23%|██▎       | 18/79 [00:00<00:02, 20.59it/s]
Evaluating:  27%|██▋       | 21/79 [00:01<00:02, 20.46it/s]
Evaluating:  30%|███       | 24/79 [00:01<00:02, 20.82it/s]
Evaluating:  34%|███▍      | 27/79 [00:01<00:02, 20.76it/s]
Evaluating:  38%|███▊      | 30/79 [00:01<00:02, 20.96it/s]
Evaluating:  42%|████▏     | 33/79 [00:01<00:02, 20.61it/s]
Evaluating:  46%|████▌     | 36/79 [00:01<00:02, 20.63it/s]
Evaluating:  49%|████▉     | 39/79 [00:01<00:01, 20.28it/s]
Evaluating:  53%|█████▎    | 42/79 [00:02<00:01, 19.92it/s]
Evaluating:  56%|█████▌    | 44/79 [00:02<00:01, 19.70it/s]
Evaluating:  58%|█████▊    | 46/79 [00:02<00:01, 19.59it/s]
Evaluating:  62%|██████▏   | 49/79 [00:02<00:01, 20.03it/s]
Evaluating:  66%|██████▌   | 52/79 [00:02<00:01, 20.51it/s]
Evaluating:  70%|██████▉   | 55/79 [00:02<00:01, 20.61it/s]
Evaluating:  73%|███████▎  | 58/79 [00:02<00:01, 20.89it/s]
Evaluating:  77%|███████▋  | 61/79 [00:02<00:00, 21.03it/s]
Evaluating:  81%|████████  | 64/79 [00:03<00:00, 20.51it/s]
Evaluating:  85%|████████▍ | 67/79 [00:03<00:00, 20.51it/s]
Evaluating:  89%|████████▊ | 70/79 [00:03<00:00, 20.14it/s]
Evaluating:  92%|█████████▏| 73/79 [00:03<00:00, 20.15it/s]
Evaluating:  96%|█████████▌| 76/79 [00:03<00:00, 19.92it/s]
Evaluating:  99%|█████████▊| 78/79 [00:03<00:00, 19.67it/s]
Test Acc: 0.8727  Macro F1: 0.8844  (评估 4s)
              precision    recall  f1-score   support

        文件资料     0.6573    0.9090    0.7629      1000
        服饰鞋帽     0.9919    0.8610    0.9218      1000
        数码家电     1.0000    0.8600    0.9247      1000
        食品生鲜     1.0000    0.8600    0.9247      1000
        日用百货     1.0000    0.8600    0.9247      1000
        美妆个护     1.0000    0.8600    0.9247      1000
        医药健康     1.0000    0.8600    0.9247      1000
         易碎品     1.0000    0.8600    0.9247      1000
         违禁品     0.5422    0.9380    0.6872      1000
          其他     1.0000    0.8590    0.9242      1000

    accuracy                         0.8727     10000
   macro avg     0.9191    0.8727    0.8844     10000
weighted avg     0.9191    0.8727    0.8844     10000

                                                           
