python.exe : 
At line:15 char:1885
+ ... Chain NLP"; & "D:\software_work\conda_envs\SupplyChainNLP\python.exe" ...
+                 ~~~~~~~~~~~~~~~~~~~~~~~~~~~~~~~~~~~~~~~~~~~~~~~~~~~~~~~~~
    + CategoryInfo          : NotSpecified: (:String) [], RemoteException
    + FullyQualifiedErrorId : NativeCommandError
 
Loading weights:   0%|          | 0/199 [00:00<?, ?it/s]
Loading weights:  16%|█▌        | 32/199 [00:00<00:00, 292.48it/s]
Loading weights:  35%|███▍      | 69/199 [00:00<00:00, 319.67it/s]
Loading weights: 100%|██████████| 199/199 [00:00<00:00, 656.01it/s]
[transformers] [1mBertModel LOAD REPORT[0m from: D:\workspace_AI\workspace_traecode\xiangmu_traecode\Supply Chain NLP
\models\bert-base-chinese
Key                                        | Status     |  | 
-------------------------------------------+------------+--+-
cls.seq_relationship.weight                | UNEXPECTED |  | 
cls.predictions.transform.dense.weight     | UNEXPECTED |  | 
cls.predictions.transform.LayerNorm.bias   | UNEXPECTED |  | 
cls.predictions.bias                       | UNEXPECTED |  | 
cls.predictions.transform.dense.bias       | UNEXPECTED |  | 
cls.predictions.transform.LayerNorm.weight | UNEXPECTED |  | 
cls.seq_relationship.bias                  | UNEXPECTED |  | 

Notes:
- UNEXPECTED:	can be ignored when loading from different task/architecture; not ok if you expect identical arch.
[蒸馏-soft] T=2.0, alpha=0.7, device=cuda, batches=1407

distill-soft epoch 1/2:   0%|          | 0/1407 [00:00<?, ?it/s]
distill-soft epoch 1/2:   0%|          | 1/1407 [00:00<15:58,  1.47it/s]
distill-soft epoch 1/2:   0%|          | 3/1407 [00:00<05:02,  4.65it/s]
distill-soft epoch 1/2:   0%|          | 5/1407 [00:00<03:05,  7.56it/s]
distill-soft epoch 1/2:   0%|          | 7/1407 [00:00<02:17, 10.16it/s]
distill-soft epoch 1/2:   1%|          | 10/1407 [00:01<01:43, 13.44it/s]
distill-soft epoch 1/2:   1%|          | 12/1407 [00:01<01:34, 14.70it/s]
distill-soft epoch 1/2:   1%|          | 14/1407 [00:01<01:28, 15.79it/s]
distill-soft epoch 1/2:   1%|          | 16/1407 [00:01<01:26, 16.14it/s]
distill-soft epoch 1/2:   1%|▏         | 18/1407 [00:01<01:22, 16.75it/s]
distill-soft epoch 1/2:   1%|▏         | 20/1407 [00:01<01:20, 17.27it/s]
distill-soft epoch 1/2:   2%|▏         | 23/1407 [00:01<01:14, 18.52it/s]
distill-soft epoch 1/2:   2%|▏         | 25/1407 [00:01<01:14, 18.59it/s]
distill-soft epoch 1/2:   2%|▏         | 27/1407 [00:02<01:13, 18.77it/s]
distill-soft epoch 1/2:   2%|▏         | 29/1407 [00:02<01:14, 18.59it/s]
distill-soft epoch 1/2:   2%|▏         | 31/1407 [00:02<01:13, 18.70it/s]
distill-soft epoch 1/2:   2%|▏         | 33/1407 [00:02<01:13, 18.80it/s]
distill-soft epoch 1/2:   3%|▎         | 36/1407 [00:02<01:10, 19.43it/s]
distill-soft epoch 1/2:   3%|▎         | 38/1407 [00:02<01:11, 19.25it/s]
distill-soft epoch 1/2:   3%|▎         | 40/1407 [00:02<01:11, 19.06it/s]
distill-soft epoch 1/2:   3%|▎         | 42/1407 [00:02<01:14, 18.40it/s]
distill-soft epoch 1/2:   3%|▎         | 44/1407 [00:02<01:12, 18.71it/s]
distill-soft epoch 1/2:   3%|▎         | 46/1407 [00:03<01:11, 18.98it/s]
distill-soft epoch 1/2:   3%|▎         | 49/1407 [00:03<01:10, 19.15it/s]
distill-soft epoch 1/2:   4%|▎         | 52/1407 [00:03<01:09, 19.46it/s]
distill-soft epoch 1/2:   4%|▍         | 54/1407 [00:03<01:09, 19.50it/s]
distill-soft epoch 1/2:   4%|▍         | 56/1407 [00:03<01:10, 19.15it/s]
distill-soft epoch 1/2:   4%|▍         | 58/1407 [00:03<01:10, 19.23it/s]
distill-soft epoch 1/2:   4%|▍         | 60/1407 [00:03<01:10, 19.11it/s]
distill-soft epoch 1/2:   4%|▍         | 62/1407 [00:03<01:09, 19.27it/s]
distill-soft epoch 1/2:   5%|▍         | 64/1407 [00:03<01:09, 19.36it/s]
distill-soft epoch 1/2:   5%|▍         | 66/1407 [00:04<01:09, 19.19it/s]
distill-soft epoch 1/2:   5%|▍         | 68/1407 [00:04<01:11, 18.84it/s]
distill-soft epoch 1/2:   5%|▍         | 70/1407 [00:04<01:11, 18.78it/s]
distill-soft epoch 1/2:   5%|▌         | 73/1407 [00:04<01:09, 19.08it/s]
distill-soft epoch 1/2:   5%|▌         | 75/1407 [00:04<01:10, 18.79it/s]
distill-soft epoch 1/2:   5%|▌         | 77/1407 [00:04<01:11, 18.68it/s]
distill-soft epoch 1/2:   6%|▌         | 80/1407 [00:04<01:09, 19.18it/s]
distill-soft epoch 1/2:   6%|▌         | 82/1407 [00:04<01:10, 18.92it/s]
distill-soft epoch 1/2:   6%|▌         | 84/1407 [00:05<01:09, 19.15it/s]
distill-soft epoch 1/2:   6%|▌         | 86/1407 [00:05<01:08, 19.21it/s]
distill-soft epoch 1/2:   6%|▋         | 88/1407 [00:05<01:10, 18.71it/s]
distill-soft epoch 1/2:   6%|▋         | 91/1407 [00:05<01:08, 19.29it/s]
distill-soft epoch 1/2:   7%|▋         | 93/1407 [00:05<01:07, 19.37it/s]
distill-soft epoch 1/2:   7%|▋         | 95/1407 [00:05<01:07, 19.32it/s]
distill-soft epoch 1/2:   7%|▋         | 97/1407 [00:05<01:10, 18.69it/s]
distill-soft epoch 1/2:   7%|▋         | 100/1407 [00:05<01:08, 19.19it/s]
distill-soft epoch 1/2:   7%|▋         | 102/1407 [00:05<01:08, 19.11it/s]
distill-soft epoch 1/2:   7%|▋         | 105/1407 [00:06<01:06, 19.60it/s]
distill-soft epoch 1/2:   8%|▊         | 107/1407 [00:06<01:08, 18.94it/s]
distill-soft epoch 1/2:   8%|▊         | 109/1407 [00:06<01:08, 18.92it/s]
distill-soft epoch 1/2:   8%|▊         | 111/1407 [00:06<01:10, 18.39it/s]
distill-soft epoch 1/2:   8%|▊         | 113/1407 [00:06<01:09, 18.63it/s]
distill-soft epoch 1/2:   8%|▊         | 115/1407 [00:06<01:08, 18.91it/s]
distill-soft epoch 1/2:   8%|▊         | 117/1407 [00:06<01:07, 18.97it/s]
distill-soft epoch 1/2:   8%|▊         | 119/1407 [00:06<01:07, 19.06it/s]
distill-soft epoch 1/2:   9%|▊         | 121/1407 [00:06<01:07, 18.98it/s]
distill-soft epoch 1/2:   9%|▊         | 123/1407 [00:07<01:06, 19.17it/s]
distill-soft epoch 1/2:   9%|▉         | 125/1407 [00:07<01:07, 19.10it/s]
distill-soft epoch 1/2:   9%|▉         | 127/1407 [00:07<01:06, 19.30it/s]
distill-soft epoch 1/2:   9%|▉         | 129/1407 [00:07<01:10, 18.25it/s]
distill-soft epoch 1/2:   9%|▉         | 131/1407 [00:07<01:09, 18.37it/s]
distill-soft epoch 1/2:  10%|▉         | 134/1407 [00:07<01:07, 18.94it/s]
distill-soft epoch 1/2:  10%|▉         | 136/1407 [00:07<01:06, 19.03it/s]
distill-soft epoch 1/2:  10%|▉         | 138/1407 [00:07<01:07, 18.82it/s]
distill-soft epoch 1/2:  10%|▉         | 140/1407 [00:07<01:07, 18.77it/s]
distill-soft epoch 1/2:  10%|█         | 142/1407 [00:08<01:07, 18.67it/s]
distill-soft epoch 1/2:  10%|█         | 144/1407 [00:08<01:08, 18.52it/s]
distill-soft epoch 1/2:  10%|█         | 147/1407 [00:08<01:05, 19.20it/s]
distill-soft epoch 1/2:  11%|█         | 149/1407 [00:08<01:06, 18.91it/s]
distill-soft epoch 1/2:  11%|█         | 151/1407 [00:08<01:05, 19.15it/s]
distill-soft epoch 1/2:  11%|█         | 153/1407 [00:08<01:04, 19.36it/s]
distill-soft epoch 1/2:  11%|█         | 155/1407 [00:08<01:04, 19.43it/s]
distill-soft epoch 1/2:  11%|█         | 157/1407 [00:08<01:04, 19.47it/s]
distill-soft epoch 1/2:  11%|█▏        | 159/1407 [00:08<01:05, 19.14it/s]
distill-soft epoch 1/2:  11%|█▏        | 161/1407 [00:09<01:05, 19.09it/s]
distill-soft epoch 1/2:  12%|█▏        | 163/1407 [00:09<01:05, 18.91it/s]
distill-soft epoch 1/2:  12%|█▏        | 165/1407 [00:09<01:05, 19.04it/s]
distill-soft epoch 1/2:  12%|█▏        | 167/1407 [00:09<01:06, 18.76it/s]
distill-soft epoch 1/2:  12%|█▏        | 170/1407 [00:09<01:05, 18.96it/s]
distill-soft epoch 1/2:  12%|█▏        | 172/1407 [00:09<01:04, 19.17it/s]
distill-soft epoch 1/2:  12%|█▏        | 174/1407 [00:09<01:03, 19.27it/s]
distill-soft epoch 1/2:  13%|█▎        | 176/1407 [00:09<01:05, 18.89it/s]
distill-soft epoch 1/2:  13%|█▎        | 178/1407 [00:09<01:04, 18.98it/s]
distill-soft epoch 1/2:  13%|█▎        | 180/1407 [00:10<01:05, 18.87it/s]
distill-soft epoch 1/2:  13%|█▎        | 182/1407 [00:10<01:06, 18.49it/s]
distill-soft epoch 1/2:  13%|█▎        | 184/1407 [00:10<01:06, 18.51it/s]
distill-soft epoch 1/2:  13%|█▎        | 186/1407 [00:10<01:06, 18.42it/s]
distill-soft epoch 1/2:  13%|█▎        | 188/1407 [00:10<01:05, 18.58it/s]
distill-soft epoch 1/2:  14%|█▎        | 191/1407 [00:10<01:04, 18.71it/s]
distill-soft epoch 1/2:  14%|█▎        | 193/1407 [00:10<01:04, 18.79it/s]
distill-soft epoch 1/2:  14%|█▍        | 195/1407 [00:10<01:04, 18.77it/s]
distill-soft epoch 1/2:  14%|█▍        | 198/1407 [00:11<01:02, 19.26it/s]
distill-soft epoch 1/2:  14%|█▍        | 200/1407 [00:11<01:05, 18.54it/s]
distill-soft epoch 1/2:  14%|█▍        | 202/1407 [00:11<01:05, 18.39it/s]
distill-soft epoch 1/2:  14%|█▍        | 204/1407 [00:11<01:05, 18.42it/s]
distill-soft epoch 1/2:  15%|█▍        | 206/1407 [00:11<01:04, 18.50it/s]
distill-soft epoch 1/2:  15%|█▍        | 208/1407 [00:11<01:03, 18.83it/s]
distill-soft epoch 1/2:  15%|█▍        | 210/1407 [00:11<01:03, 18.87it/s]
distill-soft epoch 1/2:  15%|█▌        | 212/1407 [00:11<01:03, 18.94it/s]
distill-soft epoch 1/2:  15%|█▌        | 214/1407 [00:11<01:04, 18.41it/s]
distill-soft epoch 1/2:  15%|█▌        | 216/1407 [00:12<01:06, 17.92it/s]
distill-soft epoch 1/2:  15%|█▌        | 218/1407 [00:12<01:05, 18.07it/s]
distill-soft epoch 1/2:  16%|█▌        | 220/1407 [00:12<01:04, 18.54it/s]
distill-soft epoch 1/2:  16%|█▌        | 222/1407 [00:12<01:03, 18.65it/s]
distill-soft epoch 1/2:  16%|█▌        | 224/1407 [00:12<01:03, 18.62it/s]
distill-soft epoch 1/2:  16%|█▌        | 226/1407 [00:12<01:03, 18.49it/s]
distill-soft epoch 1/2:  16%|█▌        | 228/1407 [00:12<01:04, 18.39it/s]
distill-soft epoch 1/2:  16%|█▋        | 230/1407 [00:12<01:02, 18.70it/s]
distill-soft epoch 1/2:  16%|█▋        | 232/1407 [00:12<01:03, 18.54it/s]
distill-soft epoch 1/2:  17%|█▋        | 234/1407 [00:13<01:04, 18.17it/s]
distill-soft epoch 1/2:  17%|█▋        | 236/1407 [00:13<01:03, 18.56it/s]
distill-soft epoch 1/2:  17%|█▋        | 239/1407 [00:13<01:03, 18.45it/s]
distill-soft epoch 1/2:  17%|█▋        | 241/1407 [00:13<01:03, 18.43it/s]
distill-soft epoch 1/2:  17%|█▋        | 243/1407 [00:13<01:02, 18.66it/s]
distill-soft epoch 1/2:  17%|█▋        | 245/1407 [00:13<01:01, 18.77it/s]
distill-soft epoch 1/2:  18%|█▊        | 247/1407 [00:13<01:01, 19.00it/s]
distill-soft epoch 1/2:  18%|█▊        | 249/1407 [00:13<01:00, 19.25it/s]
distill-soft epoch 1/2:  18%|█▊        | 251/1407 [00:13<01:00, 19.08it/s]
distill-soft epoch 1/2:  18%|█▊        | 254/1407 [00:14<00:59, 19.51it/s]
distill-soft epoch 1/2:  18%|█▊        | 256/1407 [00:14<00:59, 19.34it/s]
distill-soft epoch 1/2:  18%|█▊        | 258/1407 [00:14<00:59, 19.17it/s]
distill-soft epoch 1/2:  18%|█▊        | 260/1407 [00:14<00:59, 19.28it/s]
distill-soft epoch 1/2:  19%|█▊        | 262/1407 [00:14<00:58, 19.43it/s]
distill-soft epoch 1/2:  19%|█▉        | 264/1407 [00:14<00:58, 19.51it/s]
distill-soft epoch 1/2:  19%|█▉        | 266/1407 [00:14<00:58, 19.36it/s]
distill-soft epoch 1/2:  19%|█▉        | 268/1407 [00:14<00:58, 19.31it/s]
distill-soft epoch 1/2:  19%|█▉        | 271/1407 [00:14<00:58, 19.35it/s]
distill-soft epoch 1/2:  19%|█▉        | 273/1407 [00:15<00:59, 19.14it/s]
distill-soft epoch 1/2:  20%|█▉        | 275/1407 [00:15<00:58, 19.36it/s]
distill-soft epoch 1/2:  20%|█▉        | 277/1407 [00:15<00:57, 19.49it/s]
distill-soft epoch 1/2:  20%|█▉        | 279/1407 [00:15<00:58, 19.38it/s]
distill-soft epoch 1/2:  20%|█▉        | 281/1407 [00:15<00:58, 19.13it/s]
distill-soft epoch 1/2:  20%|██        | 283/1407 [00:15<00:59, 18.89it/s]
distill-soft epoch 1/2:  20%|██        | 285/1407 [00:15<00:58, 19.17it/s]
distill-soft epoch 1/2:  20%|██        | 287/1407 [00:15<00:57, 19.35it/s]
distill-soft epoch 1/2:  21%|██        | 289/1407 [00:15<00:57, 19.36it/s]
distill-soft epoch 1/2:  21%|██        | 291/1407 [00:15<00:59, 18.72it/s]
distill-soft epoch 1/2:  21%|██        | 293/1407 [00:16<00:58, 18.90it/s]
distill-soft epoch 1/2:  21%|██        | 295/1407 [00:16<00:57, 19.21it/s]
distill-soft epoch 1/2:  21%|██        | 297/1407 [00:16<00:58, 19.02it/s]
distill-soft epoch 1/2:  21%|██▏       | 299/1407 [00:16<00:59, 18.68it/s]
distill-soft epoch 1/2:  21%|██▏       | 301/1407 [00:16<00:58, 19.05it/s]
distill-soft epoch 1/2:  22%|██▏       | 303/1407 [00:16<00:57, 19.25it/s]
distill-soft epoch 1/2:  22%|██▏       | 305/1407 [00:16<00:57, 19.03it/s]
distill-soft epoch 1/2:  22%|██▏       | 307/1407 [00:16<00:58, 18.92it/s]
distill-soft epoch 1/2:  22%|██▏       | 309/1407 [00:16<00:57, 18.95it/s]
distill-soft epoch 1/2:  22%|██▏       | 311/1407 [00:17<00:58, 18.87it/s]
distill-soft epoch 1/2:  22%|██▏       | 313/1407 [00:17<00:57, 18.92it/s]
distill-soft epoch 1/2:  22%|██▏       | 315/1407 [00:17<00:58, 18.75it/s]
distill-soft epoch 1/2:  23%|██▎       | 317/1407 [00:17<00:59, 18.35it/s]
distill-soft epoch 1/2:  23%|██▎       | 319/1407 [00:17<00:59, 18.28it/s]
distill-soft epoch 1/2:  23%|██▎       | 321/1407 [00:17<00:58, 18.55it/s]
distill-soft epoch 1/2:  23%|██▎       | 323/1407 [00:17<01:00, 17.82it/s]
distill-soft epoch 1/2:  23%|██▎       | 325/1407 [00:17<00:59, 18.21it/s]
distill-soft epoch 1/2:  23%|██▎       | 327/1407 [00:17<00:58, 18.48it/s]
distill-soft epoch 1/2:  23%|██▎       | 329/1407 [00:18<00:58, 18.44it/s]
distill-soft epoch 1/2:  24%|██▎       | 331/1407 [00:18<00:57, 18.70it/s]
distill-soft epoch 1/2:  24%|██▎       | 333/1407 [00:18<00:56, 18.90it/s]
distill-soft epoch 1/2:  24%|██▍       | 335/1407 [00:18<00:56, 19.10it/s]
distill-soft epoch 1/2:  24%|██▍       | 337/1407 [00:18<00:56, 18.97it/s]
distill-soft epoch 1/2:  24%|██▍       | 339/1407 [00:18<00:55, 19.22it/s]
distill-soft epoch 1/2:  24%|██▍       | 341/1407 [00:18<00:56, 18.95it/s]
distill-soft epoch 1/2:  24%|██▍       | 343/1407 [00:18<00:56, 18.84it/s]
distill-soft epoch 1/2:  25%|██▍       | 345/1407 [00:18<00:55, 18.99it/s]
distill-soft epoch 1/2:  25%|██▍       | 347/1407 [00:18<00:56, 18.81it/s]
distill-soft epoch 1/2:  25%|██▍       | 349/1407 [00:19<00:55, 18.92it/s]
distill-soft epoch 1/2:  25%|██▍       | 351/1407 [00:19<00:57, 18.52it/s]
distill-soft epoch 1/2:  25%|██▌       | 353/1407 [00:19<00:56, 18.73it/s]
distill-soft epoch 1/2:  25%|██▌       | 355/1407 [00:19<00:57, 18.34it/s]
distill-soft epoch 1/2:  25%|██▌       | 357/1407 [00:19<00:56, 18.57it/s]
distill-soft epoch 1/2:  26%|██▌       | 359/1407 [00:19<00:56, 18.65it/s]
distill-soft epoch 1/2:  26%|██▌       | 361/1407 [00:19<00:55, 18.89it/s]
distill-soft epoch 1/2:  26%|██▌       | 363/1407 [00:19<00:55, 18.85it/s]
distill-soft epoch 1/2:  26%|██▌       | 365/1407 [00:19<00:57, 18.26it/s]
distill-soft epoch 1/2:  26%|██▌       | 368/1407 [00:20<00:54, 18.94it/s]
distill-soft epoch 1/2:  26%|██▋       | 370/1407 [00:20<00:54, 19.00it/s]
distill-soft epoch 1/2:  26%|██▋       | 372/1407 [00:20<00:54, 19.10it/s]
distill-soft epoch 1/2:  27%|██▋       | 374/1407 [00:20<00:54, 18.85it/s]
distill-soft epoch 1/2:  27%|██▋       | 377/1407 [00:20<00:54, 18.81it/s]
distill-soft epoch 1/2:  27%|██▋       | 379/1407 [00:20<00:56, 18.29it/s]
distill-soft epoch 1/2:  27%|██▋       | 381/1407 [00:20<00:54, 18.68it/s]
distill-soft epoch 1/2:  27%|██▋       | 383/1407 [00:20<00:54, 18.63it/s]
distill-soft epoch 1/2:  27%|██▋       | 385/1407 [00:20<00:54, 18.87it/s]
distill-soft epoch 1/2:  28%|██▊       | 387/1407 [00:21<00:54, 18.59it/s]
distill-soft epoch 1/2:  28%|██▊       | 389/1407 [00:21<00:55, 18.28it/s]
distill-soft epoch 1/2:  28%|██▊       | 391/1407 [00:21<00:54, 18.52it/s]
distill-soft epoch 1/2:  28%|██▊       | 393/1407 [00:21<00:54, 18.67it/s]
distill-soft epoch 1/2:  28%|██▊       | 395/1407 [00:21<00:54, 18.48it/s]
distill-soft epoch 1/2:  28%|██▊       | 397/1407 [00:21<00:54, 18.42it/s]
distill-soft epoch 1/2:  28%|██▊       | 399/1407 [00:21<00:53, 18.75it/s]
distill-soft epoch 1/2:  29%|██▊       | 401/1407 [00:21<00:53, 18.71it/s]
distill-soft epoch 1/2:  29%|██▊       | 403/1407 [00:21<00:53, 18.81it/s]
distill-soft epoch 1/2:  29%|██▉       | 405/1407 [00:22<00:52, 19.02it/s]
distill-soft epoch 1/2:  29%|██▉       | 407/1407 [00:22<00:55, 18.17it/s]
distill-soft epoch 1/2:  29%|██▉       | 410/1407 [00:22<00:53, 18.68it/s]
distill-soft epoch 1/2:  29%|██▉       | 412/1407 [00:22<00:54, 18.41it/s]
distill-soft epoch 1/2:  29%|██▉       | 414/1407 [00:22<00:52, 18.81it/s]
distill-soft epoch 1/2:  30%|██▉       | 416/1407 [00:22<00:51, 19.07it/s]
distill-soft epoch 1/2:  30%|██▉       | 418/1407 [00:22<00:52, 19.00it/s]
distill-soft epoch 1/2:  30%|██▉       | 420/1407 [00:22<00:52, 18.89it/s]
distill-soft epoch 1/2:  30%|██▉       | 422/1407 [00:22<00:52, 18.68it/s]
distill-soft epoch 1/2:  30%|███       | 424/1407 [00:23<00:52, 18.56it/s]
distill-soft epoch 1/2:  30%|███       | 426/1407 [00:23<00:53, 18.24it/s]
distill-soft epoch 1/2:  30%|███       | 429/1407 [00:23<00:51, 18.82it/s]
distill-soft epoch 1/2:  31%|███       | 432/1407 [00:23<00:50, 19.27it/s]
distill-soft epoch 1/2:  31%|███       | 434/1407 [00:23<00:51, 19.03it/s]
distill-soft epoch 1/2:  31%|███       | 436/1407 [00:23<00:51, 18.85it/s]
distill-soft epoch 1/2:  31%|███       | 438/1407 [00:23<00:50, 19.01it/s]
distill-soft epoch 1/2:  31%|███▏      | 440/1407 [00:23<00:50, 19.16it/s]
distill-soft epoch 1/2:  31%|███▏      | 443/1407 [00:24<00:49, 19.40it/s]
distill-soft epoch 1/2:  32%|███▏      | 445/1407 [00:24<00:50, 18.97it/s]
distill-soft epoch 1/2:  32%|███▏      | 447/1407 [00:24<00:50, 18.91it/s]
distill-soft epoch 1/2:  32%|███▏      | 449/1407 [00:24<00:50, 19.14it/s]
distill-soft epoch 1/2:  32%|███▏      | 451/1407 [00:24<00:50, 19.06it/s]
distill-soft epoch 1/2:  32%|███▏      | 453/1407 [00:24<00:50, 18.93it/s]
distill-soft epoch 1/2:  32%|███▏      | 456/1407 [00:24<00:49, 19.29it/s]
distill-soft epoch 1/2:  33%|███▎      | 458/1407 [00:24<00:48, 19.38it/s]
distill-soft epoch 1/2:  33%|███▎      | 460/1407 [00:24<00:49, 19.00it/s]
distill-soft epoch 1/2:  33%|███▎      | 462/1407 [00:25<00:49, 19.16it/s]
distill-soft epoch 1/2:  33%|███▎      | 465/1407 [00:25<00:48, 19.30it/s]
distill-soft epoch 1/2:  33%|███▎      | 467/1407 [00:25<00:49, 18.96it/s]
distill-soft epoch 1/2:  33%|███▎      | 469/1407 [00:25<00:49, 18.87it/s]
distill-soft epoch 1/2:  34%|███▎      | 472/1407 [00:25<00:48, 19.29it/s]
distill-soft epoch 1/2:  34%|███▎      | 474/1407 [00:25<00:48, 19.12it/s]
distill-soft epoch 1/2:  34%|███▍      | 476/1407 [00:25<00:48, 19.14it/s]
distill-soft epoch 1/2:  34%|███▍      | 478/1407 [00:25<00:48, 19.09it/s]
distill-soft epoch 1/2:  34%|███▍      | 480/1407 [00:26<00:48, 18.98it/s]
distill-soft epoch 1/2:  34%|███▍      | 482/1407 [00:26<00:49, 18.87it/s]
distill-soft epoch 1/2:  34%|███▍      | 484/1407 [00:26<00:48, 19.10it/s]
distill-soft epoch 1/2:  35%|███▍      | 487/1407 [00:26<00:47, 19.37it/s]
distill-soft epoch 1/2:  35%|███▍      | 490/1407 [00:26<00:46, 19.70it/s]
distill-soft epoch 1/2:  35%|███▍      | 492/1407 [00:26<00:47, 19.46it/s]
distill-soft epoch 1/2:  35%|███▌      | 494/1407 [00:26<00:47, 19.19it/s]
distill-soft epoch 1/2:  35%|███▌      | 496/1407 [00:26<00:47, 18.99it/s]
distill-soft epoch 1/2:  35%|███▌      | 498/1407 [00:26<00:49, 18.47it/s]
distill-soft epoch 1/2:  36%|███▌      | 500/1407 [00:27<00:48, 18.78it/s]
distill-soft epoch 1/2:  36%|███▌      | 502/1407 [00:27<00:47, 19.11it/s]
distill-soft epoch 1/2:  36%|███▌      | 504/1407 [00:27<00:47, 19.19it/s]
distill-soft epoch 1/2:  36%|███▌      | 506/1407 [00:27<00:47, 19.06it/s]
distill-soft epoch 1/2:  36%|███▌      | 509/1407 [00:27<00:46, 19.40it/s]
distill-soft epoch 1/2:  36%|███▋      | 511/1407 [00:27<00:46, 19.18it/s]
distill-soft epoch 1/2:  36%|███▋      | 513/1407 [00:27<00:47, 18.98it/s]
distill-soft epoch 1/2:  37%|███▋      | 515/1407 [00:27<00:46, 19.12it/s]
distill-soft epoch 1/2:  37%|███▋      | 517/1407 [00:27<00:46, 19.03it/s]
distill-soft epoch 1/2:  37%|███▋      | 519/1407 [00:28<00:46, 19.28it/s]
distill-soft epoch 1/2:  37%|███▋      | 521/1407 [00:28<00:47, 18.64it/s]
distill-soft epoch 1/2:  37%|███▋      | 524/1407 [00:28<00:45, 19.20it/s]
distill-soft epoch 1/2:  37%|███▋      | 526/1407 [00:28<00:46, 19.09it/s]
distill-soft epoch 1/2:  38%|███▊      | 528/1407 [00:28<00:45, 19.21it/s]
distill-soft epoch 1/2:  38%|███▊      | 530/1407 [00:28<00:45, 19.33it/s]
distill-soft epoch 1/2:  38%|███▊      | 532/1407 [00:28<00:44, 19.47it/s]
distill-soft epoch 1/2:  38%|███▊      | 534/1407 [00:28<00:44, 19.51it/s]
distill-soft epoch 1/2:  38%|███▊      | 536/1407 [00:28<00:45, 19.16it/s]
distill-soft epoch 1/2:  38%|███▊      | 538/1407 [00:29<00:44, 19.40it/s]
distill-soft epoch 1/2:  38%|███▊      | 540/1407 [00:29<00:45, 18.99it/s]
distill-soft epoch 1/2:  39%|███▊      | 542/1407 [00:29<00:46, 18.62it/s]
distill-soft epoch 1/2:  39%|███▊      | 544/1407 [00:29<00:46, 18.38it/s]
distill-soft epoch 1/2:  39%|███▉      | 546/1407 [00:29<00:46, 18.60it/s]
distill-soft epoch 1/2:  39%|███▉      | 548/1407 [00:29<00:48, 17.66it/s]
distill-soft epoch 1/2:  39%|███▉      | 550/1407 [00:29<00:46, 18.28it/s]
distill-soft epoch 1/2:  39%|███▉      | 552/1407 [00:29<00:45, 18.66it/s]
distill-soft epoch 1/2:  39%|███▉      | 554/1407 [00:29<00:46, 18.41it/s]
distill-soft epoch 1/2:  40%|███▉      | 556/1407 [00:30<00:45, 18.52it/s]
distill-soft epoch 1/2:  40%|███▉      | 558/1407 [00:30<00:45, 18.83it/s]
distill-soft epoch 1/2:  40%|███▉      | 560/1407 [00:30<00:44, 18.84it/s]
distill-soft epoch 1/2:  40%|███▉      | 562/1407 [00:30<00:45, 18.38it/s]
distill-soft epoch 1/2:  40%|████      | 564/1407 [00:30<00:45, 18.45it/s]
distill-soft epoch 1/2:  40%|████      | 566/1407 [00:30<00:45, 18.65it/s]
distill-soft epoch 1/2:  40%|████      | 568/1407 [00:30<00:45, 18.54it/s]
distill-soft epoch 1/2:  41%|████      | 570/1407 [00:30<00:44, 18.76it/s]
distill-soft epoch 1/2:  41%|████      | 572/1407 [00:30<00:44, 18.77it/s]
distill-soft epoch 1/2:  41%|████      | 574/1407 [00:30<00:45, 18.48it/s]
distill-soft epoch 1/2:  41%|████      | 576/1407 [00:31<00:44, 18.78it/s]
distill-soft epoch 1/2:  41%|████      | 578/1407 [00:31<00:43, 18.98it/s]
distill-soft epoch 1/2:  41%|████      | 580/1407 [00:31<00:43, 19.14it/s]
distill-soft epoch 1/2:  41%|████▏     | 582/1407 [00:31<00:43, 19.00it/s]
distill-soft epoch 1/2:  42%|████▏     | 584/1407 [00:31<00:43, 19.04it/s]
distill-soft epoch 1/2:  42%|████▏     | 586/1407 [00:31<00:44, 18.60it/s]
distill-soft epoch 1/2:  42%|████▏     | 588/1407 [00:31<00:43, 18.96it/s]
distill-soft epoch 1/2:  42%|████▏     | 591/1407 [00:31<00:42, 19.28it/s]
distill-soft epoch 1/2:  42%|████▏     | 593/1407 [00:31<00:42, 18.95it/s]
distill-soft epoch 1/2:  42%|████▏     | 595/1407 [00:32<00:42, 19.12it/s]
distill-soft epoch 1/2:  42%|████▏     | 597/1407 [00:32<00:42, 18.96it/s]
distill-soft epoch 1/2:  43%|████▎     | 599/1407 [00:32<00:42, 18.99it/s]
distill-soft epoch 1/2:  43%|████▎     | 602/1407 [00:32<00:42, 19.16it/s]
distill-soft epoch 1/2:  43%|████▎     | 604/1407 [00:32<00:42, 19.08it/s]
distill-soft epoch 1/2:  43%|████▎     | 606/1407 [00:32<00:41, 19.10it/s]
distill-soft epoch 1/2:  43%|████▎     | 608/1407 [00:32<00:42, 18.87it/s]
distill-soft epoch 1/2:  43%|████▎     | 610/1407 [00:32<00:41, 18.98it/s]
distill-soft epoch 1/2:  44%|████▎     | 613/1407 [00:33<00:41, 19.29it/s]
distill-soft epoch 1/2:  44%|████▎     | 615/1407 [00:33<00:42, 18.68it/s]
distill-soft epoch 1/2:  44%|████▍     | 617/1407 [00:33<00:41, 18.94it/s]
distill-soft epoch 1/2:  44%|████▍     | 619/1407 [00:33<00:42, 18.66it/s]
distill-soft epoch 1/2:  44%|████▍     | 621/1407 [00:33<00:42, 18.60it/s]
distill-soft epoch 1/2:  44%|████▍     | 623/1407 [00:33<00:41, 18.67it/s]
distill-soft epoch 1/2:  44%|████▍     | 625/1407 [00:33<00:41, 18.72it/s]
distill-soft epoch 1/2:  45%|████▍     | 627/1407 [00:33<00:42, 18.52it/s]
distill-soft epoch 1/2:  45%|████▍     | 629/1407 [00:33<00:41, 18.62it/s]
distill-soft epoch 1/2:  45%|████▍     | 631/1407 [00:34<00:40, 18.93it/s]
distill-soft epoch 1/2:  45%|████▍     | 633/1407 [00:34<00:41, 18.86it/s]
distill-soft epoch 1/2:  45%|████▌     | 635/1407 [00:34<00:40, 18.97it/s]
distill-soft epoch 1/2:  45%|████▌     | 637/1407 [00:34<00:41, 18.64it/s]
distill-soft epoch 1/2:  45%|████▌     | 640/1407 [00:34<00:39, 19.19it/s]
distill-soft epoch 1/2:  46%|████▌     | 642/1407 [00:34<00:41, 18.64it/s]
distill-soft epoch 1/2:  46%|████▌     | 644/1407 [00:34<00:40, 18.74it/s]
distill-soft epoch 1/2:  46%|████▌     | 647/1407 [00:34<00:39, 19.13it/s]
distill-soft epoch 1/2:  46%|████▌     | 649/1407 [00:34<00:39, 19.34it/s]
distill-soft epoch 1/2:  46%|████▋     | 651/1407 [00:35<00:39, 19.34it/s]
distill-soft epoch 1/2:  46%|████▋     | 653/1407 [00:35<00:39, 19.26it/s]
distill-soft epoch 1/2:  47%|████▋     | 655/1407 [00:35<00:38, 19.36it/s]
distill-soft epoch 1/2:  47%|████▋     | 657/1407 [00:35<00:39, 19.14it/s]
distill-soft epoch 1/2:  47%|████▋     | 659/1407 [00:35<00:38, 19.36it/s]
distill-soft epoch 1/2:  47%|████▋     | 661/1407 [00:35<00:39, 18.98it/s]
distill-soft epoch 1/2:  47%|████▋     | 663/1407 [00:35<00:39, 19.04it/s]
distill-soft epoch 1/2:  47%|████▋     | 665/1407 [00:35<00:39, 18.63it/s]
distill-soft epoch 1/2:  47%|████▋     | 667/1407 [00:35<00:39, 18.61it/s]
distill-soft epoch 1/2:  48%|████▊     | 669/1407 [00:36<00:40, 18.32it/s]
distill-soft epoch 1/2:  48%|████▊     | 672/1407 [00:36<00:38, 18.87it/s]
distill-soft epoch 1/2:  48%|████▊     | 674/1407 [00:36<00:39, 18.74it/s]
distill-soft epoch 1/2:  48%|████▊     | 676/1407 [00:36<00:38, 18.98it/s]
distill-soft epoch 1/2:  48%|████▊     | 678/1407 [00:36<00:38, 18.72it/s]
distill-soft epoch 1/2:  48%|████▊     | 680/1407 [00:36<00:39, 18.22it/s]
distill-soft epoch 1/2:  48%|████▊     | 682/1407 [00:36<00:39, 18.29it/s]
distill-soft epoch 1/2:  49%|████▊     | 685/1407 [00:36<00:38, 18.56it/s]
distill-soft epoch 1/2:  49%|████▉     | 688/1407 [00:37<00:37, 19.03it/s]
distill-soft epoch 1/2:  49%|████▉     | 690/1407 [00:37<00:37, 18.99it/s]
distill-soft epoch 1/2:  49%|████▉     | 692/1407 [00:37<00:37, 19.00it/s]
distill-soft epoch 1/2:  49%|████▉     | 694/1407 [00:37<00:37, 18.79it/s]
distill-soft epoch 1/2:  49%|████▉     | 696/1407 [00:37<00:38, 18.58it/s]
distill-soft epoch 1/2:  50%|████▉     | 698/1407 [00:37<00:37, 18.71it/s]
distill-soft epoch 1/2:  50%|████▉     | 700/1407 [00:37<00:38, 18.35it/s]
distill-soft epoch 1/2:  50%|████▉     | 702/1407 [00:37<00:38, 18.53it/s]
distill-soft epoch 1/2:  50%|█████     | 704/1407 [00:37<00:37, 18.64it/s]
distill-soft epoch 1/2:  50%|█████     | 707/1407 [00:38<00:36, 19.15it/s]
distill-soft epoch 1/2:  50%|█████     | 709/1407 [00:38<00:36, 18.90it/s]
distill-soft epoch 1/2:  51%|█████     | 711/1407 [00:38<00:36, 19.12it/s]
distill-soft epoch 1/2:  51%|█████     | 713/1407 [00:38<00:36, 19.02it/s]
distill-soft epoch 1/2:  51%|█████     | 715/1407 [00:38<00:36, 18.94it/s]
distill-soft epoch 1/2:  51%|█████     | 717/1407 [00:38<00:36, 19.08it/s]
distill-soft epoch 1/2:  51%|█████     | 719/1407 [00:38<00:37, 18.44it/s]
distill-soft epoch 1/2:  51%|█████     | 721/1407 [00:38<00:36, 18.63it/s]
distill-soft epoch 1/2:  51%|█████▏    | 723/1407 [00:38<00:36, 18.97it/s]
distill-soft epoch 1/2:  52%|█████▏    | 725/1407 [00:38<00:36, 18.67it/s]
distill-soft epoch 1/2:  52%|█████▏    | 727/1407 [00:39<00:36, 18.52it/s]
distill-soft epoch 1/2:  52%|█████▏    | 729/1407 [00:39<00:36, 18.67it/s]
distill-soft epoch 1/2:  52%|█████▏    | 731/1407 [00:39<00:35, 19.03it/s]
distill-soft epoch 1/2:  52%|█████▏    | 733/1407 [00:39<00:35, 19.11it/s]
distill-soft epoch 1/2:  52%|█████▏    | 735/1407 [00:39<00:35, 18.83it/s]
distill-soft epoch 1/2:  52%|█████▏    | 737/1407 [00:39<00:35, 18.82it/s]
distill-soft epoch 1/2:  53%|█████▎    | 739/1407 [00:39<00:35, 18.73it/s]
distill-soft epoch 1/2:  53%|█████▎    | 741/1407 [00:39<00:36, 18.32it/s]
distill-soft epoch 1/2:  53%|█████▎    | 743/1407 [00:39<00:35, 18.60it/s]
distill-soft epoch 1/2:  53%|█████▎    | 745/1407 [00:40<00:35, 18.56it/s]
distill-soft epoch 1/2:  53%|█████▎    | 747/1407 [00:40<00:35, 18.55it/s]
distill-soft epoch 1/2:  53%|█████▎    | 750/1407 [00:40<00:34, 19.13it/s]
distill-soft epoch 1/2:  53%|█████▎    | 752/1407 [00:40<00:34, 19.11it/s]
distill-soft epoch 1/2:  54%|█████▎    | 754/1407 [00:40<00:34, 19.12it/s]
distill-soft epoch 1/2:  54%|█████▍    | 757/1407 [00:40<00:34, 19.00it/s]
distill-soft epoch 1/2:  54%|█████▍    | 759/1407 [00:40<00:34, 18.72it/s]
distill-soft epoch 1/2:  54%|█████▍    | 761/1407 [00:40<00:34, 18.53it/s]
distill-soft epoch 1/2:  54%|█████▍    | 763/1407 [00:41<00:34, 18.84it/s]
distill-soft epoch 1/2:  54%|█████▍    | 765/1407 [00:41<00:34, 18.81it/s]
distill-soft epoch 1/2:  55%|█████▍    | 767/1407 [00:41<00:33, 19.02it/s]
distill-soft epoch 1/2:  55%|█████▍    | 769/1407 [00:41<00:34, 18.58it/s]
distill-soft epoch 1/2:  55%|█████▍    | 771/1407 [00:41<00:34, 18.51it/s]
distill-soft epoch 1/2:  55%|█████▍    | 773/1407 [00:41<00:34, 18.23it/s]
distill-soft epoch 1/2:  55%|█████▌    | 775/1407 [00:41<00:34, 18.22it/s]
distill-soft epoch 1/2:  55%|█████▌    | 778/1407 [00:41<00:34, 18.32it/s]
distill-soft epoch 1/2:  55%|█████▌    | 780/1407 [00:41<00:33, 18.51it/s]
distill-soft epoch 1/2:  56%|█████▌    | 782/1407 [00:42<00:34, 18.27it/s]
distill-soft epoch 1/2:  56%|█████▌    | 784/1407 [00:42<00:34, 17.81it/s]
distill-soft epoch 1/2:  56%|█████▌    | 786/1407 [00:42<00:34, 17.99it/s]
distill-soft epoch 1/2:  56%|█████▌    | 788/1407 [00:42<00:33, 18.22it/s]
distill-soft epoch 1/2:  56%|█████▌    | 790/1407 [00:42<00:33, 18.37it/s]
distill-soft epoch 1/2:  56%|█████▋    | 792/1407 [00:42<00:33, 18.17it/s]
distill-soft epoch 1/2:  56%|█████▋    | 794/1407 [00:42<00:33, 18.16it/s]
distill-soft epoch 1/2:  57%|█████▋    | 796/1407 [00:42<00:33, 18.41it/s]
distill-soft epoch 1/2:  57%|█████▋    | 799/1407 [00:42<00:32, 18.90it/s]
distill-soft epoch 1/2:  57%|█████▋    | 801/1407 [00:43<00:32, 18.76it/s]
distill-soft epoch 1/2:  57%|█████▋    | 803/1407 [00:43<00:31, 18.97it/s]
distill-soft epoch 1/2:  57%|█████▋    | 805/1407 [00:43<00:31, 19.21it/s]
distill-soft epoch 1/2:  57%|█████▋    | 807/1407 [00:43<00:31, 19.03it/s]
distill-soft epoch 1/2:  57%|█████▋    | 809/1407 [00:43<00:32, 18.33it/s]
distill-soft epoch 1/2:  58%|█████▊    | 811/1407 [00:43<00:31, 18.74it/s]
distill-soft epoch 1/2:  58%|█████▊    | 813/1407 [00:43<00:31, 18.72it/s]
distill-soft epoch 1/2:  58%|█████▊    | 815/1407 [00:43<00:31, 18.67it/s]
distill-soft epoch 1/2:  58%|█████▊    | 817/1407 [00:43<00:31, 18.48it/s]
distill-soft epoch 1/2:  58%|█████▊    | 819/1407 [00:44<00:32, 17.87it/s]
distill-soft epoch 1/2:  58%|█████▊    | 821/1407 [00:44<00:32, 18.18it/s]
distill-soft epoch 1/2:  58%|█████▊    | 823/1407 [00:44<00:31, 18.26it/s]
distill-soft epoch 1/2:  59%|█████▊    | 825/1407 [00:44<00:31, 18.72it/s]
distill-soft epoch 1/2:  59%|█████▉    | 827/1407 [00:44<00:30, 18.99it/s]
distill-soft epoch 1/2:  59%|█████▉    | 829/1407 [00:44<00:30, 19.03it/s]
distill-soft epoch 1/2:  59%|█████▉    | 831/1407 [00:44<00:30, 19.05it/s]
distill-soft epoch 1/2:  59%|█████▉    | 833/1407 [00:44<00:29, 19.26it/s]
distill-soft epoch 1/2:  59%|█████▉    | 835/1407 [00:44<00:29, 19.38it/s]
distill-soft epoch 1/2:  59%|█████▉    | 837/1407 [00:44<00:30, 18.95it/s]
distill-soft epoch 1/2:  60%|█████▉    | 839/1407 [00:45<00:29, 18.94it/s]
distill-soft epoch 1/2:  60%|█████▉    | 841/1407 [00:45<00:29, 19.16it/s]
distill-soft epoch 1/2:  60%|█████▉    | 843/1407 [00:45<00:30, 18.72it/s]
distill-soft epoch 1/2:  60%|██████    | 845/1407 [00:45<00:29, 18.79it/s]
distill-soft epoch 1/2:  60%|██████    | 847/1407 [00:45<00:30, 18.38it/s]
distill-soft epoch 1/2:  60%|██████    | 849/1407 [00:45<00:30, 18.55it/s]
distill-soft epoch 1/2:  60%|██████    | 851/1407 [00:45<00:29, 18.60it/s]
distill-soft epoch 1/2:  61%|██████    | 853/1407 [00:45<00:29, 18.87it/s]
distill-soft epoch 1/2:  61%|██████    | 855/1407 [00:45<00:29, 18.45it/s]
distill-soft epoch 1/2:  61%|██████    | 857/1407 [00:46<00:29, 18.48it/s]
distill-soft epoch 1/2:  61%|██████    | 859/1407 [00:46<00:29, 18.50it/s]
distill-soft epoch 1/2:  61%|██████    | 861/1407 [00:46<00:29, 18.66it/s]
distill-soft epoch 1/2:  61%|██████▏   | 863/1407 [00:46<00:29, 18.32it/s]
distill-soft epoch 1/2:  61%|██████▏   | 865/1407 [00:46<00:29, 18.48it/s]
distill-soft epoch 1/2:  62%|██████▏   | 867/1407 [00:46<00:28, 18.66it/s]
distill-soft epoch 1/2:  62%|██████▏   | 870/1407 [00:46<00:28, 19.14it/s]
distill-soft epoch 1/2:  62%|██████▏   | 872/1407 [00:46<00:28, 18.47it/s]
distill-soft epoch 1/2:  62%|██████▏   | 874/1407 [00:46<00:28, 18.75it/s]
distill-soft epoch 1/2:  62%|██████▏   | 876/1407 [00:47<00:28, 18.66it/s]
distill-soft epoch 1/2:  62%|██████▏   | 878/1407 [00:47<00:27, 18.98it/s]
distill-soft epoch 1/2:  63%|██████▎   | 880/1407 [00:47<00:27, 19.12it/s]
distill-soft epoch 1/2:  63%|██████▎   | 882/1407 [00:47<00:27, 18.75it/s]
distill-soft epoch 1/2:  63%|██████▎   | 884/1407 [00:47<00:27, 18.98it/s]
distill-soft epoch 1/2:  63%|██████▎   | 886/1407 [00:47<00:27, 18.91it/s]
distill-soft epoch 1/2:  63%|██████▎   | 888/1407 [00:47<00:27, 19.03it/s]
distill-soft epoch 1/2:  63%|██████▎   | 890/1407 [00:47<00:26, 19.22it/s]
distill-soft epoch 1/2:  63%|██████▎   | 892/1407 [00:47<00:26, 19.16it/s]
distill-soft epoch 1/2:  64%|██████▎   | 894/1407 [00:48<00:27, 18.97it/s]
distill-soft epoch 1/2:  64%|██████▎   | 896/1407 [00:48<00:27, 18.90it/s]
distill-soft epoch 1/2:  64%|██████▍   | 898/1407 [00:48<00:26, 18.94it/s]
distill-soft epoch 1/2:  64%|██████▍   | 900/1407 [00:48<00:26, 18.93it/s]
distill-soft epoch 1/2:  64%|██████▍   | 902/1407 [00:48<00:26, 18.99it/s]
distill-soft epoch 1/2:  64%|██████▍   | 904/1407 [00:48<00:27, 18.53it/s]
distill-soft epoch 1/2:  64%|██████▍   | 906/1407 [00:48<00:27, 18.38it/s]
distill-soft epoch 1/2:  65%|██████▍   | 908/1407 [00:48<00:26, 18.63it/s]
distill-soft epoch 1/2:  65%|██████▍   | 910/1407 [00:48<00:26, 18.53it/s]
distill-soft epoch 1/2:  65%|██████▍   | 912/1407 [00:48<00:26, 18.63it/s]
distill-soft epoch 1/2:  65%|██████▍   | 914/1407 [00:49<00:27, 18.10it/s]
distill-soft epoch 1/2:  65%|██████▌   | 916/1407 [00:49<00:26, 18.47it/s]
distill-soft epoch 1/2:  65%|██████▌   | 918/1407 [00:49<00:26, 18.30it/s]
distill-soft epoch 1/2:  65%|██████▌   | 920/1407 [00:49<00:26, 18.41it/s]
distill-soft epoch 1/2:  66%|██████▌   | 922/1407 [00:49<00:26, 18.39it/s]
distill-soft epoch 1/2:  66%|██████▌   | 924/1407 [00:49<00:25, 18.77it/s]
distill-soft epoch 1/2:  66%|██████▌   | 926/1407 [00:49<00:26, 18.03it/s]
distill-soft epoch 1/2:  66%|██████▌   | 928/1407 [00:49<00:26, 17.95it/s]
distill-soft epoch 1/2:  66%|██████▌   | 931/1407 [00:50<00:25, 18.62it/s]
distill-soft epoch 1/2:  66%|██████▋   | 933/1407 [00:50<00:25, 18.56it/s]
distill-soft epoch 1/2:  66%|██████▋   | 935/1407 [00:50<00:25, 18.72it/s]
distill-soft epoch 1/2:  67%|██████▋   | 937/1407 [00:50<00:24, 18.90it/s]
distill-soft epoch 1/2:  67%|██████▋   | 939/1407 [00:50<00:24, 18.92it/s]
distill-soft epoch 1/2:  67%|██████▋   | 941/1407 [00:50<00:24, 18.73it/s]
distill-soft epoch 1/2:  67%|██████▋   | 944/1407 [00:50<00:24, 18.94it/s]
distill-soft epoch 1/2:  67%|██████▋   | 946/1407 [00:50<00:24, 19.16it/s]
distill-soft epoch 1/2:  67%|██████▋   | 948/1407 [00:50<00:23, 19.38it/s]
distill-soft epoch 1/2:  68%|██████▊   | 950/1407 [00:51<00:23, 19.34it/s]
distill-soft epoch 1/2:  68%|██████▊   | 952/1407 [00:51<00:23, 19.42it/s]
distill-soft epoch 1/2:  68%|██████▊   | 954/1407 [00:51<00:23, 19.05it/s]
distill-soft epoch 1/2:  68%|██████▊   | 956/1407 [00:51<00:23, 19.15it/s]
distill-soft epoch 1/2:  68%|██████▊   | 958/1407 [00:51<00:23, 19.22it/s]
distill-soft epoch 1/2:  68%|██████▊   | 960/1407 [00:51<00:22, 19.44it/s]
distill-soft epoch 1/2:  68%|██████▊   | 962/1407 [00:51<00:23, 19.22it/s]
distill-soft epoch 1/2:  69%|██████▊   | 964/1407 [00:51<00:22, 19.27it/s]
distill-soft epoch 1/2:  69%|██████▊   | 966/1407 [00:51<00:22, 19.32it/s]
distill-soft epoch 1/2:  69%|██████▉   | 968/1407 [00:51<00:22, 19.45it/s]
distill-soft epoch 1/2:  69%|██████▉   | 970/1407 [00:52<00:22, 19.47it/s]
distill-soft epoch 1/2:  69%|██████▉   | 972/1407 [00:52<00:23, 18.81it/s]
distill-soft epoch 1/2:  69%|██████▉   | 974/1407 [00:52<00:23, 18.64it/s]
distill-soft epoch 1/2:  69%|██████▉   | 976/1407 [00:52<00:22, 18.93it/s]
distill-soft epoch 1/2:  70%|██████▉   | 978/1407 [00:52<00:22, 19.10it/s]
distill-soft epoch 1/2:  70%|██████▉   | 980/1407 [00:52<00:22, 18.85it/s]
distill-soft epoch 1/2:  70%|██████▉   | 982/1407 [00:52<00:22, 18.59it/s]
distill-soft epoch 1/2:  70%|██████▉   | 984/1407 [00:52<00:23, 18.05it/s]
distill-soft epoch 1/2:  70%|███████   | 986/1407 [00:52<00:23, 18.08it/s]
distill-soft epoch 1/2:  70%|███████   | 988/1407 [00:53<00:22, 18.40it/s]
distill-soft epoch 1/2:  70%|███████   | 990/1407 [00:53<00:22, 18.43it/s]
distill-soft epoch 1/2:  71%|███████   | 992/1407 [00:53<00:22, 18.69it/s]
distill-soft epoch 1/2:  71%|███████   | 994/1407 [00:53<00:22, 18.56it/s]
distill-soft epoch 1/2:  71%|███████   | 996/1407 [00:53<00:21, 18.89it/s]
distill-soft epoch 1/2:  71%|███████   | 998/1407 [00:53<00:21, 19.04it/s]
distill-soft epoch 1/2:  71%|███████   | 1000/1407 [00:53<00:21, 19.19it/s]
distill-soft epoch 1/2:  71%|███████   | 1002/1407 [00:53<00:21, 19.23it/s]
distill-soft epoch 1/2:  71%|███████▏  | 1004/1407 [00:53<00:21, 19.04it/s]
distill-soft epoch 1/2:  71%|███████▏  | 1006/1407 [00:53<00:21, 18.53it/s]
distill-soft epoch 1/2:  72%|███████▏  | 1008/1407 [00:54<00:21, 18.79it/s]
distill-soft epoch 1/2:  72%|███████▏  | 1011/1407 [00:54<00:20, 19.01it/s]
distill-soft epoch 1/2:  72%|███████▏  | 1013/1407 [00:54<00:20, 19.19it/s]
distill-soft epoch 1/2:  72%|███████▏  | 1015/1407 [00:54<00:20, 19.25it/s]
distill-soft epoch 1/2:  72%|███████▏  | 1017/1407 [00:54<00:20, 19.09it/s]
distill-soft epoch 1/2:  72%|███████▏  | 1019/1407 [00:54<00:20, 18.62it/s]
distill-soft epoch 1/2:  73%|███████▎  | 1021/1407 [00:54<00:20, 18.89it/s]
distill-soft epoch 1/2:  73%|███████▎  | 1023/1407 [00:54<00:20, 19.12it/s]
distill-soft epoch 1/2:  73%|███████▎  | 1025/1407 [00:54<00:20, 18.84it/s]
distill-soft epoch 1/2:  73%|███████▎  | 1027/1407 [00:55<00:20, 18.20it/s]
distill-soft epoch 1/2:  73%|███████▎  | 1029/1407 [00:55<00:21, 17.91it/s]
distill-soft epoch 1/2:  73%|███████▎  | 1032/1407 [00:55<00:20, 18.44it/s]
distill-soft epoch 1/2:  73%|███████▎  | 1034/1407 [00:55<00:20, 18.58it/s]
distill-soft epoch 1/2:  74%|███████▎  | 1036/1407 [00:55<00:19, 18.66it/s]
distill-soft epoch 1/2:  74%|███████▍  | 1038/1407 [00:55<00:19, 18.75it/s]
distill-soft epoch 1/2:  74%|███████▍  | 1040/1407 [00:55<00:19, 18.61it/s]
distill-soft epoch 1/2:  74%|███████▍  | 1042/1407 [00:55<00:19, 18.96it/s]
distill-soft epoch 1/2:  74%|███████▍  | 1044/1407 [00:56<00:19, 18.81it/s]
distill-soft epoch 1/2:  74%|███████▍  | 1046/1407 [00:56<00:19, 18.64it/s]
distill-soft epoch 1/2:  74%|███████▍  | 1048/1407 [00:56<00:19, 18.74it/s]
distill-soft epoch 1/2:  75%|███████▍  | 1050/1407 [00:56<00:19, 18.57it/s]
distill-soft epoch 1/2:  75%|███████▍  | 1052/1407 [00:56<00:18, 18.76it/s]
distill-soft epoch 1/2:  75%|███████▍  | 1054/1407 [00:56<00:18, 18.74it/s]
distill-soft epoch 1/2:  75%|███████▌  | 1057/1407 [00:56<00:18, 18.96it/s]
distill-soft epoch 1/2:  75%|███████▌  | 1059/1407 [00:56<00:18, 19.15it/s]
distill-soft epoch 1/2:  75%|███████▌  | 1061/1407 [00:56<00:17, 19.24it/s]
distill-soft epoch 1/2:  76%|███████▌  | 1063/1407 [00:57<00:18, 18.99it/s]
distill-soft epoch 1/2:  76%|███████▌  | 1065/1407 [00:57<00:18, 18.58it/s]
distill-soft epoch 1/2:  76%|███████▌  | 1068/1407 [00:57<00:17, 19.00it/s]
distill-soft epoch 1/2:  76%|███████▌  | 1070/1407 [00:57<00:17, 18.99it/s]
distill-soft epoch 1/2:  76%|███████▌  | 1072/1407 [00:57<00:17, 19.19it/s]
distill-soft epoch 1/2:  76%|███████▋  | 1074/1407 [00:57<00:17, 19.14it/s]
distill-soft epoch 1/2:  76%|███████▋  | 1076/1407 [00:57<00:17, 18.95it/s]
distill-soft epoch 1/2:  77%|███████▋  | 1078/1407 [00:57<00:17, 18.95it/s]
distill-soft epoch 1/2:  77%|███████▋  | 1080/1407 [00:57<00:17, 18.86it/s]
distill-soft epoch 1/2:  77%|███████▋  | 1082/1407 [00:58<00:17, 19.09it/s]
distill-soft epoch 1/2:  77%|███████▋  | 1084/1407 [00:58<00:17, 18.97it/s]
distill-soft epoch 1/2:  77%|███████▋  | 1086/1407 [00:58<00:17, 18.44it/s]
distill-soft epoch 1/2:  77%|███████▋  | 1088/1407 [00:58<00:16, 18.87it/s]
distill-soft epoch 1/2:  77%|███████▋  | 1090/1407 [00:58<00:16, 19.20it/s]
distill-soft epoch 1/2:  78%|███████▊  | 1092/1407 [00:58<00:16, 19.17it/s]
distill-soft epoch 1/2:  78%|███████▊  | 1094/1407 [00:58<00:16, 18.72it/s]
distill-soft epoch 1/2:  78%|███████▊  | 1096/1407 [00:58<00:16, 18.58it/s]
distill-soft epoch 1/2:  78%|███████▊  | 1098/1407 [00:58<00:16, 18.60it/s]
distill-soft epoch 1/2:  78%|███████▊  | 1100/1407 [00:58<00:16, 18.80it/s]
distill-soft epoch 1/2:  78%|███████▊  | 1102/1407 [00:59<00:16, 18.40it/s]
distill-soft epoch 1/2:  78%|███████▊  | 1104/1407 [00:59<00:16, 18.35it/s]
distill-soft epoch 1/2:  79%|███████▊  | 1106/1407 [00:59<00:16, 18.71it/s]
distill-soft epoch 1/2:  79%|███████▊  | 1108/1407 [00:59<00:15, 18.84it/s]
distill-soft epoch 1/2:  79%|███████▉  | 1110/1407 [00:59<00:16, 18.46it/s]
distill-soft epoch 1/2:  79%|███████▉  | 1112/1407 [00:59<00:15, 18.70it/s]
distill-soft epoch 1/2:  79%|███████▉  | 1114/1407 [00:59<00:16, 18.17it/s]
distill-soft epoch 1/2:  79%|███████▉  | 1116/1407 [00:59<00:15, 18.41it/s]
distill-soft epoch 1/2:  79%|███████▉  | 1118/1407 [00:59<00:15, 18.74it/s]
distill-soft epoch 1/2:  80%|███████▉  | 1121/1407 [01:00<00:14, 19.24it/s]
distill-soft epoch 1/2:  80%|███████▉  | 1124/1407 [01:00<00:14, 19.40it/s]
distill-soft epoch 1/2:  80%|████████  | 1126/1407 [01:00<00:14, 19.40it/s]
distill-soft epoch 1/2:  80%|████████  | 1129/1407 [01:00<00:14, 19.74it/s]
distill-soft epoch 1/2:  80%|████████  | 1132/1407 [01:00<00:14, 19.61it/s]
distill-soft epoch 1/2:  81%|████████  | 1134/1407 [01:00<00:14, 19.31it/s]
distill-soft epoch 1/2:  81%|████████  | 1136/1407 [01:00<00:14, 19.10it/s]
distill-soft epoch 1/2:  81%|████████  | 1138/1407 [01:00<00:14, 18.86it/s]
distill-soft epoch 1/2:  81%|████████  | 1140/1407 [01:01<00:14, 18.52it/s]
distill-soft epoch 1/2:  81%|████████  | 1142/1407 [01:01<00:14, 18.67it/s]
distill-soft epoch 1/2:  81%|████████▏ | 1144/1407 [01:01<00:14, 18.61it/s]
distill-soft epoch 1/2:  81%|████████▏ | 1146/1407 [01:01<00:14, 17.97it/s]
distill-soft epoch 1/2:  82%|████████▏ | 1148/1407 [01:01<00:14, 18.11it/s]
distill-soft epoch 1/2:  82%|████████▏ | 1150/1407 [01:01<00:13, 18.47it/s]
distill-soft epoch 1/2:  82%|████████▏ | 1152/1407 [01:01<00:13, 18.26it/s]
distill-soft epoch 1/2:  82%|████████▏ | 1154/1407 [01:01<00:13, 18.25it/s]
distill-soft epoch 1/2:  82%|████████▏ | 1156/1407 [01:01<00:13, 18.38it/s]
distill-soft epoch 1/2:  82%|████████▏ | 1158/1407 [01:02<00:13, 18.61it/s]
distill-soft epoch 1/2:  82%|████████▏ | 1160/1407 [01:02<00:13, 18.16it/s]
distill-soft epoch 1/2:  83%|████████▎ | 1162/1407 [01:02<00:13, 18.07it/s]
distill-soft epoch 1/2:  83%|████████▎ | 1164/1407 [01:02<00:13, 18.40it/s]
distill-soft epoch 1/2:  83%|████████▎ | 1166/1407 [01:02<00:13, 18.50it/s]
distill-soft epoch 1/2:  83%|████████▎ | 1168/1407 [01:02<00:12, 18.90it/s]
distill-soft epoch 1/2:  83%|████████▎ | 1170/1407 [01:02<00:12, 18.34it/s]
distill-soft epoch 1/2:  83%|████████▎ | 1172/1407 [01:02<00:12, 18.79it/s]
distill-soft epoch 1/2:  83%|████████▎ | 1174/1407 [01:02<00:12, 19.09it/s]
distill-soft epoch 1/2:  84%|████████▎ | 1176/1407 [01:03<00:12, 18.96it/s]
distill-soft epoch 1/2:  84%|████████▎ | 1178/1407 [01:03<00:11, 19.09it/s]
distill-soft epoch 1/2:  84%|████████▍ | 1180/1407 [01:03<00:12, 18.82it/s]
distill-soft epoch 1/2:  84%|████████▍ | 1182/1407 [01:03<00:11, 18.91it/s]
distill-soft epoch 1/2:  84%|████████▍ | 1184/1407 [01:03<00:11, 18.85it/s]
distill-soft epoch 1/2:  84%|████████▍ | 1186/1407 [01:03<00:12, 18.37it/s]
distill-soft epoch 1/2:  84%|████████▍ | 1188/1407 [01:03<00:11, 18.32it/s]
distill-soft epoch 1/2:  85%|████████▍ | 1190/1407 [01:03<00:11, 18.76it/s]
distill-soft epoch 1/2:  85%|████████▍ | 1192/1407 [01:03<00:11, 18.60it/s]
distill-soft epoch 1/2:  85%|████████▍ | 1194/1407 [01:04<00:11, 18.84it/s]
distill-soft epoch 1/2:  85%|████████▌ | 1196/1407 [01:04<00:11, 18.30it/s]
distill-soft epoch 1/2:  85%|████████▌ | 1198/1407 [01:04<00:11, 18.65it/s]
distill-soft epoch 1/2:  85%|████████▌ | 1200/1407 [01:04<00:10, 19.02it/s]
distill-soft epoch 1/2:  85%|████████▌ | 1202/1407 [01:04<00:10, 18.83it/s]
distill-soft epoch 1/2:  86%|████████▌ | 1204/1407 [01:04<00:10, 19.05it/s]
distill-soft epoch 1/2:  86%|████████▌ | 1206/1407 [01:04<00:10, 19.13it/s]
distill-soft epoch 1/2:  86%|████████▌ | 1208/1407 [01:04<00:10, 18.71it/s]
distill-soft epoch 1/2:  86%|████████▌ | 1210/1407 [01:04<00:10, 18.78it/s]
distill-soft epoch 1/2:  86%|████████▌ | 1212/1407 [01:04<00:10, 18.88it/s]
distill-soft epoch 1/2:  86%|████████▋ | 1214/1407 [01:05<00:10, 19.06it/s]
distill-soft epoch 1/2:  86%|████████▋ | 1216/1407 [01:05<00:10, 18.91it/s]
distill-soft epoch 1/2:  87%|████████▋ | 1219/1407 [01:05<00:09, 19.40it/s]
distill-soft epoch 1/2:  87%|████████▋ | 1221/1407 [01:05<00:09, 19.14it/s]
distill-soft epoch 1/2:  87%|████████▋ | 1223/1407 [01:05<00:09, 19.28it/s]
distill-soft epoch 1/2:  87%|████████▋ | 1225/1407 [01:05<00:09, 19.16it/s]
distill-soft epoch 1/2:  87%|████████▋ | 1227/1407 [01:05<00:09, 19.24it/s]
distill-soft epoch 1/2:  87%|████████▋ | 1229/1407 [01:05<00:09, 19.19it/s]
distill-soft epoch 1/2:  87%|████████▋ | 1231/1407 [01:05<00:09, 18.76it/s]
distill-soft epoch 1/2:  88%|████████▊ | 1233/1407 [01:06<00:09, 18.75it/s]
distill-soft epoch 1/2:  88%|████████▊ | 1236/1407 [01:06<00:08, 19.29it/s]
distill-soft epoch 1/2:  88%|████████▊ | 1238/1407 [01:06<00:08, 19.16it/s]
distill-soft epoch 1/2:  88%|████████▊ | 1240/1407 [01:06<00:08, 18.98it/s]
distill-soft epoch 1/2:  88%|████████▊ | 1242/1407 [01:06<00:08, 18.81it/s]
distill-soft epoch 1/2:  88%|████████▊ | 1244/1407 [01:06<00:08, 18.18it/s]
distill-soft epoch 1/2:  89%|████████▊ | 1246/1407 [01:06<00:08, 18.35it/s]
distill-soft epoch 1/2:  89%|████████▊ | 1248/1407 [01:06<00:08, 18.23it/s]
distill-soft epoch 1/2:  89%|████████▉ | 1250/1407 [01:06<00:08, 18.12it/s]
distill-soft epoch 1/2:  89%|████████▉ | 1252/1407 [01:07<00:08, 18.09it/s]
distill-soft epoch 1/2:  89%|████████▉ | 1254/1407 [01:07<00:08, 18.36it/s]
distill-soft epoch 1/2:  89%|████████▉ | 1256/1407 [01:07<00:08, 18.54it/s]
distill-soft epoch 1/2:  89%|████████▉ | 1258/1407 [01:07<00:07, 18.64it/s]
distill-soft epoch 1/2:  90%|████████▉ | 1261/1407 [01:07<00:07, 19.24it/s]
distill-soft epoch 1/2:  90%|████████▉ | 1263/1407 [01:07<00:07, 19.02it/s]
distill-soft epoch 1/2:  90%|████████▉ | 1265/1407 [01:07<00:07, 19.01it/s]
distill-soft epoch 1/2:  90%|█████████ | 1267/1407 [01:07<00:07, 19.04it/s]
distill-soft epoch 1/2:  90%|█████████ | 1269/1407 [01:07<00:07, 19.25it/s]
distill-soft epoch 1/2:  90%|█████████ | 1272/1407 [01:08<00:06, 19.29it/s]
distill-soft epoch 1/2:  91%|█████████ | 1274/1407 [01:08<00:06, 19.17it/s]
distill-soft epoch 1/2:  91%|█████████ | 1276/1407 [01:08<00:06, 19.10it/s]
distill-soft epoch 1/2:  91%|█████████ | 1278/1407 [01:08<00:06, 18.90it/s]
distill-soft epoch 1/2:  91%|█████████ | 1280/1407 [01:08<00:06, 18.75it/s]
distill-soft epoch 1/2:  91%|█████████ | 1282/1407 [01:08<00:06, 18.80it/s]
distill-soft epoch 1/2:  91%|█████████▏| 1284/1407 [01:08<00:06, 18.77it/s]
distill-soft epoch 1/2:  91%|█████████▏| 1286/1407 [01:08<00:06, 19.06it/s]
distill-soft epoch 1/2:  92%|█████████▏| 1288/1407 [01:08<00:06, 19.20it/s]
distill-soft epoch 1/2:  92%|█████████▏| 1290/1407 [01:09<00:06, 19.26it/s]
distill-soft epoch 1/2:  92%|█████████▏| 1292/1407 [01:09<00:06, 18.94it/s]
distill-soft epoch 1/2:  92%|█████████▏| 1294/1407 [01:09<00:06, 18.77it/s]
distill-soft epoch 1/2:  92%|█████████▏| 1296/1407 [01:09<00:05, 18.76it/s]
distill-soft epoch 1/2:  92%|█████████▏| 1298/1407 [01:09<00:05, 18.95it/s]
distill-soft epoch 1/2:  92%|█████████▏| 1300/1407 [01:09<00:05, 18.64it/s]
distill-soft epoch 1/2:  93%|█████████▎| 1302/1407 [01:09<00:05, 18.90it/s]
distill-soft epoch 1/2:  93%|█████████▎| 1305/1407 [01:09<00:05, 19.26it/s]
distill-soft epoch 1/2:  93%|█████████▎| 1307/1407 [01:09<00:05, 18.99it/s]
distill-soft epoch 1/2:  93%|█████████▎| 1309/1407 [01:10<00:05, 19.00it/s]
distill-soft epoch 1/2:  93%|█████████▎| 1311/1407 [01:10<00:05, 19.12it/s]
distill-soft epoch 1/2:  93%|█████████▎| 1313/1407 [01:10<00:04, 18.80it/s]
distill-soft epoch 1/2:  93%|█████████▎| 1315/1407 [01:10<00:05, 18.27it/s]
distill-soft epoch 1/2:  94%|█████████▎| 1317/1407 [01:10<00:04, 18.60it/s]
distill-soft epoch 1/2:  94%|█████████▎| 1319/1407 [01:10<00:04, 18.47it/s]
distill-soft epoch 1/2:  94%|█████████▍| 1321/1407 [01:10<00:04, 18.26it/s]
distill-soft epoch 1/2:  94%|█████████▍| 1323/1407 [01:10<00:04, 18.48it/s]
distill-soft epoch 1/2:  94%|█████████▍| 1325/1407 [01:10<00:04, 18.80it/s]
distill-soft epoch 1/2:  94%|█████████▍| 1327/1407 [01:11<00:04, 18.87it/s]
distill-soft epoch 1/2:  94%|█████████▍| 1329/1407 [01:11<00:04, 18.67it/s]
distill-soft epoch 1/2:  95%|█████████▍| 1331/1407 [01:11<00:03, 19.02it/s]
distill-soft epoch 1/2:  95%|█████████▍| 1334/1407 [01:11<00:03, 19.51it/s]
distill-soft epoch 1/2:  95%|█████████▍| 1336/1407 [01:11<00:03, 19.00it/s]
distill-soft epoch 1/2:  95%|█████████▌| 1338/1407 [01:11<00:03, 18.75it/s]
distill-soft epoch 1/2:  95%|█████████▌| 1340/1407 [01:11<00:03, 18.52it/s]
distill-soft epoch 1/2:  95%|█████████▌| 1342/1407 [01:11<00:03, 18.65it/s]
distill-soft epoch 1/2:  96%|█████████▌| 1344/1407 [01:11<00:03, 19.01it/s]
distill-soft epoch 1/2:  96%|█████████▌| 1346/1407 [01:12<00:03, 18.47it/s]
distill-soft epoch 1/2:  96%|█████████▌| 1348/1407 [01:12<00:03, 18.49it/s]
distill-soft epoch 1/2:  96%|█████████▌| 1350/1407 [01:12<00:03, 18.62it/s]
distill-soft epoch 1/2:  96%|█████████▌| 1353/1407 [01:12<00:02, 18.70it/s]
distill-soft epoch 1/2:  96%|█████████▋| 1355/1407 [01:12<00:02, 18.63it/s]
distill-soft epoch 1/2:  96%|█████████▋| 1357/1407 [01:12<00:02, 18.71it/s]
distill-soft epoch 1/2:  97%|█████████▋| 1359/1407 [01:12<00:02, 18.06it/s]
distill-soft epoch 1/2:  97%|█████████▋| 1361/1407 [01:12<00:02, 18.33it/s]
distill-soft epoch 1/2:  97%|█████████▋| 1363/1407 [01:12<00:02, 18.54it/s]
distill-soft epoch 1/2:  97%|█████████▋| 1365/1407 [01:13<00:02, 18.80it/s]
distill-soft epoch 1/2:  97%|█████████▋| 1367/1407 [01:13<00:02, 18.85it/s]
distill-soft epoch 1/2:  97%|█████████▋| 1370/1407 [01:13<00:01, 19.26it/s]
distill-soft epoch 1/2:  98%|█████████▊| 1372/1407 [01:13<00:02, 13.90it/s]
distill-soft epoch 1/2:  98%|█████████▊| 1374/1407 [01:13<00:02, 14.83it/s]
distill-soft epoch 1/2:  98%|█████████▊| 1376/1407 [01:13<00:01, 15.67it/s]
distill-soft epoch 1/2:  98%|█████████▊| 1378/1407 [01:13<00:01, 16.51it/s]
distill-soft epoch 1/2:  98%|█████████▊| 1380/1407 [01:14<00:01, 17.17it/s]
distill-soft epoch 1/2:  98%|█████████▊| 1382/1407 [01:14<00:01, 17.71it/s]
distill-soft epoch 1/2:  98%|█████████▊| 1384/1407 [01:14<00:01, 18.10it/s]
distill-soft epoch 1/2:  99%|█████████▊| 1386/1407 [01:14<00:01, 18.35it/s]
distill-soft epoch 1/2:  99%|█████████▊| 1388/1407 [01:14<00:01, 18.56it/s]
distill-soft epoch 1/2:  99%|█████████▉| 1390/1407 [01:14<00:00, 18.26it/s]
distill-soft epoch 1/2:  99%|█████████▉| 1392/1407 [01:14<00:00, 18.49it/s]
distill-soft epoch 1/2:  99%|█████████▉| 1394/1407 [01:14<00:00, 18.78it/s]
distill-soft epoch 1/2:  99%|█████████▉| 1396/1407 [01:14<00:00, 18.75it/s]
distill-soft epoch 1/2:  99%|█████████▉| 1398/1407 [01:14<00:00, 18.82it/s]
distill-soft epoch 1/2: 100%|█████████▉| 1400/1407 [01:15<00:00, 19.08it/s]
distill-soft epoch 1/2: 100%|█████████▉| 1402/1407 [01:15<00:00, 19.13it/s]
distill-soft epoch 1/2: 100%|█████████▉| 1404/1407 [01:15<00:00, 18.90it/s]
distill-soft epoch 1/2: 100%|█████████▉| 1406/1407 [01:15<00:00, 18.47it/s]
  loss=0.4999 dev_acc=0.8738 (76s)
                                                                           

distill-soft epoch 2/2:   0%|          | 0/1407 [00:00<?, ?it/s]
distill-soft epoch 2/2:   0%|          | 2/1407 [00:00<01:11, 19.68it/s]
distill-soft epoch 2/2:   0%|          | 4/1407 [00:00<01:13, 19.01it/s]
distill-soft epoch 2/2:   0%|          | 6/1407 [00:00<01:18, 17.94it/s]
distill-soft epoch 2/2:   1%|          | 8/1407 [00:00<01:17, 18.08it/s]
distill-soft epoch 2/2:   1%|          | 10/1407 [00:00<01:16, 18.24it/s]
distill-soft epoch 2/2:   1%|          | 12/1407 [00:00<01:18, 17.78it/s]
distill-soft epoch 2/2:   1%|          | 14/1407 [00:00<01:17, 18.02it/s]
distill-soft epoch 2/2:   1%|          | 16/1407 [00:00<01:16, 18.20it/s]
distill-soft epoch 2/2:   1%|▏         | 18/1407 [00:00<01:14, 18.72it/s]
distill-soft epoch 2/2:   1%|▏         | 20/1407 [00:01<01:14, 18.68it/s]
distill-soft epoch 2/2:   2%|▏         | 22/1407 [00:01<01:14, 18.58it/s]
distill-soft epoch 2/2:   2%|▏         | 24/1407 [00:01<01:16, 18.15it/s]
distill-soft epoch 2/2:   2%|▏         | 26/1407 [00:01<01:15, 18.20it/s]
distill-soft epoch 2/2:   2%|▏         | 28/1407 [00:01<01:14, 18.46it/s]
distill-soft epoch 2/2:   2%|▏         | 30/1407 [00:01<01:15, 18.26it/s]
distill-soft epoch 2/2:   2%|▏         | 32/1407 [00:01<01:14, 18.35it/s]
distill-soft epoch 2/2:   2%|▏         | 34/1407 [00:01<01:13, 18.58it/s]
distill-soft epoch 2/2:   3%|▎         | 36/1407 [00:01<01:13, 18.75it/s]
distill-soft epoch 2/2:   3%|▎         | 39/1407 [00:02<01:11, 19.23it/s]
distill-soft epoch 2/2:   3%|▎         | 41/1407 [00:02<01:11, 19.22it/s]
distill-soft epoch 2/2:   3%|▎         | 43/1407 [00:02<01:10, 19.41it/s]
distill-soft epoch 2/2:   3%|▎         | 45/1407 [00:02<01:11, 19.13it/s]
distill-soft epoch 2/2:   3%|▎         | 47/1407 [00:02<01:10, 19.30it/s]
distill-soft epoch 2/2:   3%|▎         | 49/1407 [00:02<01:11, 18.96it/s]
distill-soft epoch 2/2:   4%|▎         | 51/1407 [00:02<01:10, 19.24it/s]
distill-soft epoch 2/2:   4%|▍         | 53/1407 [00:02<01:11, 18.87it/s]
distill-soft epoch 2/2:   4%|▍         | 56/1407 [00:02<01:10, 19.16it/s]
distill-soft epoch 2/2:   4%|▍         | 58/1407 [00:03<01:11, 18.99it/s]
distill-soft epoch 2/2:   4%|▍         | 60/1407 [00:03<01:11, 18.87it/s]
distill-soft epoch 2/2:   4%|▍         | 62/1407 [00:03<01:11, 18.79it/s]
distill-soft epoch 2/2:   5%|▍         | 64/1407 [00:03<01:11, 18.79it/s]
distill-soft epoch 2/2:   5%|▍         | 66/1407 [00:03<01:13, 18.35it/s]
distill-soft epoch 2/2:   5%|▍         | 68/1407 [00:03<01:12, 18.39it/s]
distill-soft epoch 2/2:   5%|▍         | 70/1407 [00:03<01:11, 18.57it/s]
distill-soft epoch 2/2:   5%|▌         | 72/1407 [00:03<01:11, 18.73it/s]
distill-soft epoch 2/2:   5%|▌         | 74/1407 [00:03<01:11, 18.70it/s]
distill-soft epoch 2/2:   5%|▌         | 76/1407 [00:04<01:10, 18.81it/s]
distill-soft epoch 2/2:   6%|▌         | 78/1407 [00:04<01:09, 19.07it/s]
distill-soft epoch 2/2:   6%|▌         | 81/1407 [00:04<01:08, 19.41it/s]
distill-soft epoch 2/2:   6%|▌         | 83/1407 [00:04<01:08, 19.32it/s]
distill-soft epoch 2/2:   6%|▌         | 85/1407 [00:04<01:08, 19.31it/s]
distill-soft epoch 2/2:   6%|▋         | 88/1407 [00:04<01:08, 19.40it/s]
distill-soft epoch 2/2:   6%|▋         | 90/1407 [00:04<01:08, 19.27it/s]
distill-soft epoch 2/2:   7%|▋         | 92/1407 [00:04<01:09, 18.93it/s]
distill-soft epoch 2/2:   7%|▋         | 94/1407 [00:04<01:08, 19.10it/s]
distill-soft epoch 2/2:   7%|▋         | 96/1407 [00:05<01:10, 18.72it/s]
distill-soft epoch 2/2:   7%|▋         | 98/1407 [00:05<01:11, 18.21it/s]
distill-soft epoch 2/2:   7%|▋         | 100/1407 [00:05<01:11, 18.25it/s]
distill-soft epoch 2/2:   7%|▋         | 102/1407 [00:05<01:09, 18.65it/s]
distill-soft epoch 2/2:   7%|▋         | 104/1407 [00:05<01:11, 18.18it/s]
distill-soft epoch 2/2:   8%|▊         | 106/1407 [00:05<01:10, 18.50it/s]
distill-soft epoch 2/2:   8%|▊         | 108/1407 [00:05<01:10, 18.43it/s]
distill-soft epoch 2/2:   8%|▊         | 111/1407 [00:05<01:08, 18.90it/s]
distill-soft epoch 2/2:   8%|▊         | 113/1407 [00:06<01:08, 18.97it/s]
distill-soft epoch 2/2:   8%|▊         | 115/1407 [00:06<01:08, 18.88it/s]
distill-soft epoch 2/2:   8%|▊         | 117/1407 [00:06<01:08, 18.72it/s]
distill-soft epoch 2/2:   8%|▊         | 119/1407 [00:06<01:08, 18.69it/s]
distill-soft epoch 2/2:   9%|▊         | 121/1407 [00:06<01:07, 18.93it/s]
distill-soft epoch 2/2:   9%|▊         | 123/1407 [00:06<01:08, 18.75it/s]
distill-soft epoch 2/2:   9%|▉         | 125/1407 [00:06<01:08, 18.66it/s]
distill-soft epoch 2/2:   9%|▉         | 127/1407 [00:06<01:08, 18.63it/s]
distill-soft epoch 2/2:   9%|▉         | 129/1407 [00:06<01:08, 18.78it/s]
distill-soft epoch 2/2:   9%|▉         | 131/1407 [00:06<01:08, 18.68it/s]
distill-soft epoch 2/2:   9%|▉         | 133/1407 [00:07<01:07, 18.75it/s]
distill-soft epoch 2/2:  10%|▉         | 135/1407 [00:07<01:08, 18.68it/s]
distill-soft epoch 2/2:  10%|▉         | 137/1407 [00:07<01:09, 18.26it/s]
distill-soft epoch 2/2:  10%|▉         | 139/1407 [00:07<01:09, 18.36it/s]
distill-soft epoch 2/2:  10%|█         | 141/1407 [00:07<01:09, 18.19it/s]
distill-soft epoch 2/2:  10%|█         | 143/1407 [00:07<01:08, 18.51it/s]
distill-soft epoch 2/2:  10%|█         | 145/1407 [00:07<01:07, 18.74it/s]
distill-soft epoch 2/2:  10%|█         | 147/1407 [00:07<01:07, 18.59it/s]
distill-soft epoch 2/2:  11%|█         | 149/1407 [00:07<01:09, 18.20it/s]
distill-soft epoch 2/2:  11%|█         | 151/1407 [00:08<01:08, 18.40it/s]
distill-soft epoch 2/2:  11%|█         | 153/1407 [00:08<01:09, 18.01it/s]
distill-soft epoch 2/2:  11%|█         | 155/1407 [00:08<01:07, 18.46it/s]
distill-soft epoch 2/2:  11%|█         | 157/1407 [00:08<01:06, 18.72it/s]
distill-soft epoch 2/2:  11%|█▏        | 159/1407 [00:08<01:06, 18.81it/s]
distill-soft epoch 2/2:  11%|█▏        | 161/1407 [00:08<01:05, 19.02it/s]
distill-soft epoch 2/2:  12%|█▏        | 163/1407 [00:08<01:04, 19.15it/s]
distill-soft epoch 2/2:  12%|█▏        | 165/1407 [00:08<01:05, 18.82it/s]
distill-soft epoch 2/2:  12%|█▏        | 167/1407 [00:08<01:05, 18.95it/s]
distill-soft epoch 2/2:  12%|█▏        | 169/1407 [00:09<01:04, 19.09it/s]
distill-soft epoch 2/2:  12%|█▏        | 171/1407 [00:09<01:04, 19.22it/s]
distill-soft epoch 2/2:  12%|█▏        | 173/1407 [00:09<01:05, 18.87it/s]
distill-soft epoch 2/2:  12%|█▏        | 175/1407 [00:09<01:05, 18.72it/s]
distill-soft epoch 2/2:  13%|█▎        | 177/1407 [00:09<01:05, 18.88it/s]
distill-soft epoch 2/2:  13%|█▎        | 179/1407 [00:09<01:04, 19.11it/s]
distill-soft epoch 2/2:  13%|█▎        | 181/1407 [00:09<01:04, 19.06it/s]
distill-soft epoch 2/2:  13%|█▎        | 183/1407 [00:09<01:03, 19.17it/s]
distill-soft epoch 2/2:  13%|█▎        | 185/1407 [00:09<01:04, 19.06it/s]
distill-soft epoch 2/2:  13%|█▎        | 187/1407 [00:09<01:03, 19.10it/s]
distill-soft epoch 2/2:  13%|█▎        | 189/1407 [00:10<01:05, 18.70it/s]
distill-soft epoch 2/2:  14%|█▎        | 191/1407 [00:10<01:04, 18.71it/s]
distill-soft epoch 2/2:  14%|█▎        | 193/1407 [00:10<01:04, 18.78it/s]
distill-soft epoch 2/2:  14%|█▍        | 195/1407 [00:10<01:03, 18.98it/s]
distill-soft epoch 2/2:  14%|█▍        | 198/1407 [00:10<01:02, 19.23it/s]
distill-soft epoch 2/2:  14%|█▍        | 200/1407 [00:10<01:02, 19.37it/s]
distill-soft epoch 2/2:  14%|█▍        | 202/1407 [00:10<01:02, 19.29it/s]
distill-soft epoch 2/2:  14%|█▍        | 204/1407 [00:10<01:03, 19.08it/s]
distill-soft epoch 2/2:  15%|█▍        | 206/1407 [00:10<01:03, 18.80it/s]
distill-soft epoch 2/2:  15%|█▍        | 208/1407 [00:11<01:04, 18.67it/s]
distill-soft epoch 2/2:  15%|█▍        | 210/1407 [00:11<01:04, 18.55it/s]
distill-soft epoch 2/2:  15%|█▌        | 212/1407 [00:11<01:04, 18.54it/s]
distill-soft epoch 2/2:  15%|█▌        | 214/1407 [00:11<01:03, 18.67it/s]
distill-soft epoch 2/2:  15%|█▌        | 216/1407 [00:11<01:03, 18.83it/s]
distill-soft epoch 2/2:  15%|█▌        | 218/1407 [00:11<01:03, 18.82it/s]
distill-soft epoch 2/2:  16%|█▌        | 220/1407 [00:11<01:04, 18.46it/s]
distill-soft epoch 2/2:  16%|█▌        | 222/1407 [00:11<01:04, 18.24it/s]
distill-soft epoch 2/2:  16%|█▌        | 224/1407 [00:11<01:06, 17.81it/s]
distill-soft epoch 2/2:  16%|█▌        | 226/1407 [00:12<01:06, 17.77it/s]
distill-soft epoch 2/2:  16%|█▌        | 228/1407 [00:12<01:05, 18.00it/s]
distill-soft epoch 2/2:  16%|█▋        | 230/1407 [00:12<01:03, 18.51it/s]
distill-soft epoch 2/2:  16%|█▋        | 232/1407 [00:12<01:03, 18.57it/s]
distill-soft epoch 2/2:  17%|█▋        | 234/1407 [00:12<01:02, 18.69it/s]
distill-soft epoch 2/2:  17%|█▋        | 236/1407 [00:12<01:01, 18.90it/s]
distill-soft epoch 2/2:  17%|█▋        | 238/1407 [00:12<01:02, 18.67it/s]
distill-soft epoch 2/2:  17%|█▋        | 241/1407 [00:12<01:01, 19.00it/s]
distill-soft epoch 2/2:  17%|█▋        | 243/1407 [00:12<01:03, 18.47it/s]
distill-soft epoch 2/2:  17%|█▋        | 245/1407 [00:13<01:04, 18.10it/s]
distill-soft epoch 2/2:  18%|█▊        | 248/1407 [00:13<01:02, 18.55it/s]
distill-soft epoch 2/2:  18%|█▊        | 250/1407 [00:13<01:01, 18.88it/s]
distill-soft epoch 2/2:  18%|█▊        | 252/1407 [00:13<01:00, 18.94it/s]
distill-soft epoch 2/2:  18%|█▊        | 254/1407 [00:13<01:01, 18.62it/s]
distill-soft epoch 2/2:  18%|█▊        | 256/1407 [00:13<01:01, 18.86it/s]
distill-soft epoch 2/2:  18%|█▊        | 258/1407 [00:13<01:00, 19.11it/s]
distill-soft epoch 2/2:  18%|█▊        | 260/1407 [00:13<01:00, 18.96it/s]
distill-soft epoch 2/2:  19%|█▊        | 262/1407 [00:13<01:00, 18.91it/s]
distill-soft epoch 2/2:  19%|█▉        | 264/1407 [00:14<01:02, 18.19it/s]
distill-soft epoch 2/2:  19%|█▉        | 266/1407 [00:14<01:02, 18.17it/s]
distill-soft epoch 2/2:  19%|█▉        | 268/1407 [00:14<01:01, 18.58it/s]
distill-soft epoch 2/2:  19%|█▉        | 271/1407 [00:14<01:00, 18.89it/s]
distill-soft epoch 2/2:  19%|█▉        | 273/1407 [00:14<01:00, 18.76it/s]
distill-soft epoch 2/2:  20%|█▉        | 275/1407 [00:14<01:00, 18.75it/s]
distill-soft epoch 2/2:  20%|█▉        | 277/1407 [00:14<00:59, 19.01it/s]
distill-soft epoch 2/2:  20%|█▉        | 279/1407 [00:14<00:59, 19.10it/s]
distill-soft epoch 2/2:  20%|█▉        | 281/1407 [00:14<00:59, 19.08it/s]
distill-soft epoch 2/2:  20%|██        | 283/1407 [00:15<00:59, 19.03it/s]
distill-soft epoch 2/2:  20%|██        | 285/1407 [00:15<00:58, 19.29it/s]
distill-soft epoch 2/2:  20%|██        | 287/1407 [00:15<00:57, 19.45it/s]
distill-soft epoch 2/2:  21%|██        | 289/1407 [00:15<00:57, 19.39it/s]
distill-soft epoch 2/2:  21%|██        | 291/1407 [00:15<00:57, 19.27it/s]
distill-soft epoch 2/2:  21%|██        | 293/1407 [00:15<00:58, 19.10it/s]
distill-soft epoch 2/2:  21%|██        | 295/1407 [00:15<00:57, 19.20it/s]
distill-soft epoch 2/2:  21%|██        | 297/1407 [00:15<00:59, 18.79it/s]
distill-soft epoch 2/2:  21%|██▏       | 299/1407 [00:15<01:00, 18.46it/s]
distill-soft epoch 2/2:  21%|██▏       | 301/1407 [00:16<00:59, 18.54it/s]
distill-soft epoch 2/2:  22%|██▏       | 303/1407 [00:16<01:00, 18.32it/s]
distill-soft epoch 2/2:  22%|██▏       | 305/1407 [00:16<01:00, 18.34it/s]
distill-soft epoch 2/2:  22%|██▏       | 307/1407 [00:16<00:59, 18.54it/s]
distill-soft epoch 2/2:  22%|██▏       | 309/1407 [00:16<01:00, 18.28it/s]
distill-soft epoch 2/2:  22%|██▏       | 311/1407 [00:16<00:58, 18.58it/s]
distill-soft epoch 2/2:  22%|██▏       | 313/1407 [00:16<00:59, 18.34it/s]
distill-soft epoch 2/2:  22%|██▏       | 315/1407 [00:16<00:59, 18.46it/s]
distill-soft epoch 2/2:  23%|██▎       | 317/1407 [00:16<00:59, 18.36it/s]
distill-soft epoch 2/2:  23%|██▎       | 319/1407 [00:17<00:58, 18.61it/s]
distill-soft epoch 2/2:  23%|██▎       | 321/1407 [00:17<00:57, 18.81it/s]
distill-soft epoch 2/2:  23%|██▎       | 323/1407 [00:17<00:57, 18.72it/s]
distill-soft epoch 2/2:  23%|██▎       | 325/1407 [00:17<00:57, 18.72it/s]
distill-soft epoch 2/2:  23%|██▎       | 327/1407 [00:17<00:56, 19.07it/s]
distill-soft epoch 2/2:  23%|██▎       | 329/1407 [00:17<00:56, 19.20it/s]
distill-soft epoch 2/2:  24%|██▎       | 331/1407 [00:17<00:56, 18.90it/s]
distill-soft epoch 2/2:  24%|██▎       | 333/1407 [00:17<00:57, 18.68it/s]
distill-soft epoch 2/2:  24%|██▍       | 335/1407 [00:17<00:56, 18.94it/s]
distill-soft epoch 2/2:  24%|██▍       | 337/1407 [00:17<00:57, 18.56it/s]
distill-soft epoch 2/2:  24%|██▍       | 339/1407 [00:18<00:57, 18.60it/s]
distill-soft epoch 2/2:  24%|██▍       | 341/1407 [00:18<00:56, 18.96it/s]
distill-soft epoch 2/2:  24%|██▍       | 343/1407 [00:18<00:55, 19.22it/s]
distill-soft epoch 2/2:  25%|██▍       | 345/1407 [00:18<00:54, 19.34it/s]
distill-soft epoch 2/2:  25%|██▍       | 347/1407 [00:18<00:54, 19.40it/s]
distill-soft epoch 2/2:  25%|██▍       | 349/1407 [00:18<00:55, 18.91it/s]
distill-soft epoch 2/2:  25%|██▍       | 351/1407 [00:18<00:56, 18.80it/s]
distill-soft epoch 2/2:  25%|██▌       | 353/1407 [00:18<00:55, 18.87it/s]
distill-soft epoch 2/2:  25%|██▌       | 355/1407 [00:18<00:55, 18.87it/s]
distill-soft epoch 2/2:  25%|██▌       | 357/1407 [00:19<00:56, 18.50it/s]
distill-soft epoch 2/2:  26%|██▌       | 359/1407 [00:19<00:56, 18.47it/s]
distill-soft epoch 2/2:  26%|██▌       | 361/1407 [00:19<00:57, 18.14it/s]
distill-soft epoch 2/2:  26%|██▌       | 363/1407 [00:19<00:57, 18.03it/s]
distill-soft epoch 2/2:  26%|██▌       | 365/1407 [00:19<00:57, 18.18it/s]
distill-soft epoch 2/2:  26%|██▌       | 367/1407 [00:19<00:56, 18.47it/s]
distill-soft epoch 2/2:  26%|██▌       | 369/1407 [00:19<00:55, 18.82it/s]
distill-soft epoch 2/2:  26%|██▋       | 371/1407 [00:19<00:54, 19.04it/s]
distill-soft epoch 2/2:  27%|██▋       | 373/1407 [00:19<00:54, 18.97it/s]
distill-soft epoch 2/2:  27%|██▋       | 375/1407 [00:20<00:55, 18.69it/s]
distill-soft epoch 2/2:  27%|██▋       | 377/1407 [00:20<00:54, 18.83it/s]
distill-soft epoch 2/2:  27%|██▋       | 379/1407 [00:20<00:54, 18.87it/s]
distill-soft epoch 2/2:  27%|██▋       | 381/1407 [00:20<00:55, 18.58it/s]
distill-soft epoch 2/2:  27%|██▋       | 383/1407 [00:20<00:56, 18.16it/s]
distill-soft epoch 2/2:  27%|██▋       | 385/1407 [00:20<00:57, 17.77it/s]
distill-soft epoch 2/2:  28%|██▊       | 388/1407 [00:20<00:54, 18.63it/s]
distill-soft epoch 2/2:  28%|██▊       | 390/1407 [00:20<00:55, 18.49it/s]
distill-soft epoch 2/2:  28%|██▊       | 392/1407 [00:20<00:55, 18.37it/s]
distill-soft epoch 2/2:  28%|██▊       | 394/1407 [00:21<00:54, 18.52it/s]
distill-soft epoch 2/2:  28%|██▊       | 396/1407 [00:21<00:54, 18.61it/s]
distill-soft epoch 2/2:  28%|██▊       | 398/1407 [00:21<00:53, 18.90it/s]
distill-soft epoch 2/2:  28%|██▊       | 400/1407 [00:21<00:54, 18.58it/s]
distill-soft epoch 2/2:  29%|██▊       | 403/1407 [00:21<00:52, 19.03it/s]
distill-soft epoch 2/2:  29%|██▉       | 405/1407 [00:21<00:52, 19.19it/s]
distill-soft epoch 2/2:  29%|██▉       | 407/1407 [00:21<00:51, 19.26it/s]
distill-soft epoch 2/2:  29%|██▉       | 409/1407 [00:21<00:53, 18.72it/s]
distill-soft epoch 2/2:  29%|██▉       | 411/1407 [00:21<00:54, 18.40it/s]
distill-soft epoch 2/2:  29%|██▉       | 413/1407 [00:22<00:52, 18.76it/s]
distill-soft epoch 2/2:  29%|██▉       | 415/1407 [00:22<00:52, 18.86it/s]
distill-soft epoch 2/2:  30%|██▉       | 417/1407 [00:22<00:53, 18.58it/s]
distill-soft epoch 2/2:  30%|██▉       | 419/1407 [00:22<00:54, 18.15it/s]
distill-soft epoch 2/2:  30%|██▉       | 421/1407 [00:22<00:54, 18.23it/s]
distill-soft epoch 2/2:  30%|███       | 423/1407 [00:22<00:54, 18.04it/s]
distill-soft epoch 2/2:  30%|███       | 425/1407 [00:22<00:53, 18.53it/s]
distill-soft epoch 2/2:  30%|███       | 427/1407 [00:22<00:53, 18.49it/s]
distill-soft epoch 2/2:  30%|███       | 429/1407 [00:22<00:52, 18.55it/s]
distill-soft epoch 2/2:  31%|███       | 431/1407 [00:23<00:51, 18.85it/s]
distill-soft epoch 2/2:  31%|███       | 433/1407 [00:23<00:51, 18.75it/s]
distill-soft epoch 2/2:  31%|███       | 435/1407 [00:23<00:51, 18.72it/s]
distill-soft epoch 2/2:  31%|███       | 437/1407 [00:23<00:51, 18.79it/s]
distill-soft epoch 2/2:  31%|███       | 439/1407 [00:23<00:51, 18.77it/s]
distill-soft epoch 2/2:  31%|███▏      | 441/1407 [00:23<00:51, 18.66it/s]
distill-soft epoch 2/2:  31%|███▏      | 443/1407 [00:23<00:51, 18.79it/s]
distill-soft epoch 2/2:  32%|███▏      | 445/1407 [00:23<00:51, 18.64it/s]
distill-soft epoch 2/2:  32%|███▏      | 447/1407 [00:23<00:51, 18.59it/s]
distill-soft epoch 2/2:  32%|███▏      | 449/1407 [00:23<00:51, 18.77it/s]
distill-soft epoch 2/2:  32%|███▏      | 451/1407 [00:24<00:50, 19.08it/s]
distill-soft epoch 2/2:  32%|███▏      | 453/1407 [00:24<00:49, 19.15it/s]
distill-soft epoch 2/2:  32%|███▏      | 455/1407 [00:24<00:49, 19.36it/s]
distill-soft epoch 2/2:  32%|███▏      | 457/1407 [00:24<00:48, 19.44it/s]
distill-soft epoch 2/2:  33%|███▎      | 459/1407 [00:24<00:49, 19.12it/s]
distill-soft epoch 2/2:  33%|███▎      | 461/1407 [00:24<00:48, 19.32it/s]
distill-soft epoch 2/2:  33%|███▎      | 463/1407 [00:24<00:49, 19.05it/s]
distill-soft epoch 2/2:  33%|███▎      | 465/1407 [00:24<00:48, 19.23it/s]
distill-soft epoch 2/2:  33%|███▎      | 467/1407 [00:24<00:48, 19.38it/s]
distill-soft epoch 2/2:  33%|███▎      | 469/1407 [00:25<00:48, 19.17it/s]
distill-soft epoch 2/2:  33%|███▎      | 471/1407 [00:25<00:49, 19.05it/s]
distill-soft epoch 2/2:  34%|███▎      | 473/1407 [00:25<00:49, 19.06it/s]
distill-soft epoch 2/2:  34%|███▍      | 475/1407 [00:25<00:49, 18.76it/s]
distill-soft epoch 2/2:  34%|███▍      | 477/1407 [00:25<00:49, 18.69it/s]
distill-soft epoch 2/2:  34%|███▍      | 479/1407 [00:25<00:51, 18.17it/s]
distill-soft epoch 2/2:  34%|███▍      | 481/1407 [00:25<00:49, 18.59it/s]
distill-soft epoch 2/2:  34%|███▍      | 483/1407 [00:25<00:49, 18.74it/s]
distill-soft epoch 2/2:  34%|███▍      | 485/1407 [00:25<00:49, 18.75it/s]
distill-soft epoch 2/2:  35%|███▍      | 487/1407 [00:25<00:49, 18.61it/s]
distill-soft epoch 2/2:  35%|███▍      | 489/1407 [00:26<00:49, 18.55it/s]
distill-soft epoch 2/2:  35%|███▍      | 491/1407 [00:26<00:49, 18.38it/s]
distill-soft epoch 2/2:  35%|███▌      | 493/1407 [00:26<00:49, 18.62it/s]
distill-soft epoch 2/2:  35%|███▌      | 495/1407 [00:26<00:48, 18.97it/s]
distill-soft epoch 2/2:  35%|███▌      | 497/1407 [00:26<00:47, 19.19it/s]
distill-soft epoch 2/2:  35%|███▌      | 499/1407 [00:26<00:47, 19.09it/s]
distill-soft epoch 2/2:  36%|███▌      | 501/1407 [00:26<00:47, 18.93it/s]
distill-soft epoch 2/2:  36%|███▌      | 503/1407 [00:26<00:48, 18.82it/s]
distill-soft epoch 2/2:  36%|███▌      | 505/1407 [00:26<00:47, 18.99it/s]
distill-soft epoch 2/2:  36%|███▌      | 507/1407 [00:27<00:47, 18.97it/s]
distill-soft epoch 2/2:  36%|███▌      | 509/1407 [00:27<00:47, 18.96it/s]
distill-soft epoch 2/2:  36%|███▋      | 511/1407 [00:27<00:46, 19.14it/s]
distill-soft epoch 2/2:  37%|███▋      | 514/1407 [00:27<00:46, 19.31it/s]
distill-soft epoch 2/2:  37%|███▋      | 516/1407 [00:27<00:46, 19.15it/s]
distill-soft epoch 2/2:  37%|███▋      | 518/1407 [00:27<00:46, 19.03it/s]
distill-soft epoch 2/2:  37%|███▋      | 520/1407 [00:27<00:46, 19.20it/s]
distill-soft epoch 2/2:  37%|███▋      | 522/1407 [00:27<00:45, 19.28it/s]
distill-soft epoch 2/2:  37%|███▋      | 524/1407 [00:27<00:45, 19.24it/s]
distill-soft epoch 2/2:  37%|███▋      | 526/1407 [00:28<00:46, 19.07it/s]
distill-soft epoch 2/2:  38%|███▊      | 528/1407 [00:28<00:47, 18.55it/s]
distill-soft epoch 2/2:  38%|███▊      | 530/1407 [00:28<00:46, 18.69it/s]
distill-soft epoch 2/2:  38%|███▊      | 532/1407 [00:28<00:46, 18.99it/s]
distill-soft epoch 2/2:  38%|███▊      | 534/1407 [00:28<00:47, 18.56it/s]
distill-soft epoch 2/2:  38%|███▊      | 536/1407 [00:28<00:46, 18.74it/s]
distill-soft epoch 2/2:  38%|███▊      | 538/1407 [00:28<00:45, 18.91it/s]
distill-soft epoch 2/2:  38%|███▊      | 540/1407 [00:28<00:45, 19.05it/s]
distill-soft epoch 2/2:  39%|███▊      | 542/1407 [00:28<00:46, 18.55it/s]
distill-soft epoch 2/2:  39%|███▊      | 544/1407 [00:29<00:46, 18.47it/s]
distill-soft epoch 2/2:  39%|███▉      | 546/1407 [00:29<00:46, 18.54it/s]
distill-soft epoch 2/2:  39%|███▉      | 548/1407 [00:29<00:46, 18.55it/s]
distill-soft epoch 2/2:  39%|███▉      | 550/1407 [00:29<00:45, 18.78it/s]
distill-soft epoch 2/2:  39%|███▉      | 552/1407 [00:29<00:44, 19.12it/s]
distill-soft epoch 2/2:  39%|███▉      | 554/1407 [00:29<00:44, 19.35it/s]
distill-soft epoch 2/2:  40%|███▉      | 556/1407 [00:29<00:44, 18.96it/s]
distill-soft epoch 2/2:  40%|███▉      | 558/1407 [00:29<00:44, 19.23it/s]
distill-soft epoch 2/2:  40%|███▉      | 560/1407 [00:29<00:44, 19.17it/s]
distill-soft epoch 2/2:  40%|███▉      | 562/1407 [00:29<00:44, 19.14it/s]
distill-soft epoch 2/2:  40%|████      | 564/1407 [00:30<00:44, 19.10it/s]
distill-soft epoch 2/2:  40%|████      | 566/1407 [00:30<00:44, 18.93it/s]
distill-soft epoch 2/2:  40%|████      | 568/1407 [00:30<00:44, 19.04it/s]
distill-soft epoch 2/2:  41%|████      | 570/1407 [00:30<00:44, 18.86it/s]
distill-soft epoch 2/2:  41%|████      | 572/1407 [00:30<00:43, 19.02it/s]
distill-soft epoch 2/2:  41%|████      | 574/1407 [00:30<00:44, 18.85it/s]
distill-soft epoch 2/2:  41%|████      | 576/1407 [00:30<00:43, 18.95it/s]
distill-soft epoch 2/2:  41%|████      | 578/1407 [00:30<00:43, 19.09it/s]
distill-soft epoch 2/2:  41%|████      | 580/1407 [00:30<00:43, 19.22it/s]
distill-soft epoch 2/2:  41%|████▏     | 582/1407 [00:30<00:43, 19.10it/s]
distill-soft epoch 2/2:  42%|████▏     | 584/1407 [00:31<00:42, 19.20it/s]
distill-soft epoch 2/2:  42%|████▏     | 586/1407 [00:31<00:43, 18.88it/s]
distill-soft epoch 2/2:  42%|████▏     | 588/1407 [00:31<00:43, 18.94it/s]
distill-soft epoch 2/2:  42%|████▏     | 590/1407 [00:31<00:42, 19.07it/s]
distill-soft epoch 2/2:  42%|████▏     | 592/1407 [00:31<00:43, 18.95it/s]
distill-soft epoch 2/2:  42%|████▏     | 594/1407 [00:31<00:43, 18.78it/s]
distill-soft epoch 2/2:  42%|████▏     | 596/1407 [00:31<00:43, 18.50it/s]
distill-soft epoch 2/2:  43%|████▎     | 598/1407 [00:31<00:43, 18.53it/s]
distill-soft epoch 2/2:  43%|████▎     | 600/1407 [00:31<00:44, 18.10it/s]
distill-soft epoch 2/2:  43%|████▎     | 602/1407 [00:32<00:44, 18.20it/s]
distill-soft epoch 2/2:  43%|████▎     | 604/1407 [00:32<00:44, 18.18it/s]
distill-soft epoch 2/2:  43%|████▎     | 606/1407 [00:32<00:43, 18.37it/s]
distill-soft epoch 2/2:  43%|████▎     | 609/1407 [00:32<00:42, 18.69it/s]
distill-soft epoch 2/2:  43%|████▎     | 611/1407 [00:32<00:42, 18.94it/s]
distill-soft epoch 2/2:  44%|████▎     | 613/1407 [00:32<00:42, 18.88it/s]
distill-soft epoch 2/2:  44%|████▍     | 616/1407 [00:32<00:40, 19.47it/s]
distill-soft epoch 2/2:  44%|████▍     | 618/1407 [00:32<00:41, 19.12it/s]
distill-soft epoch 2/2:  44%|████▍     | 620/1407 [00:33<00:42, 18.60it/s]
distill-soft epoch 2/2:  44%|████▍     | 623/1407 [00:33<00:41, 19.06it/s]
distill-soft epoch 2/2:  44%|████▍     | 625/1407 [00:33<00:41, 19.05it/s]
distill-soft epoch 2/2:  45%|████▍     | 627/1407 [00:33<00:40, 19.16it/s]
distill-soft epoch 2/2:  45%|████▍     | 629/1407 [00:33<00:40, 19.12it/s]
distill-soft epoch 2/2:  45%|████▍     | 631/1407 [00:33<00:42, 18.34it/s]
distill-soft epoch 2/2:  45%|████▍     | 633/1407 [00:33<00:41, 18.67it/s]
distill-soft epoch 2/2:  45%|████▌     | 635/1407 [00:33<00:41, 18.68it/s]
distill-soft epoch 2/2:  45%|████▌     | 637/1407 [00:33<00:42, 18.22it/s]
distill-soft epoch 2/2:  45%|████▌     | 639/1407 [00:34<00:42, 18.21it/s]
distill-soft epoch 2/2:  46%|████▌     | 642/1407 [00:34<00:40, 18.89it/s]
distill-soft epoch 2/2:  46%|████▌     | 645/1407 [00:34<00:39, 19.16it/s]
distill-soft epoch 2/2:  46%|████▌     | 647/1407 [00:34<00:39, 19.32it/s]
distill-soft epoch 2/2:  46%|████▌     | 649/1407 [00:34<00:39, 19.42it/s]
distill-soft epoch 2/2:  46%|████▋     | 652/1407 [00:34<00:38, 19.39it/s]
distill-soft epoch 2/2:  47%|████▋     | 655/1407 [00:34<00:38, 19.30it/s]
distill-soft epoch 2/2:  47%|████▋     | 657/1407 [00:34<00:38, 19.39it/s]
distill-soft epoch 2/2:  47%|████▋     | 659/1407 [00:35<00:38, 19.18it/s]
distill-soft epoch 2/2:  47%|████▋     | 662/1407 [00:35<00:38, 19.38it/s]
distill-soft epoch 2/2:  47%|████▋     | 665/1407 [00:35<00:38, 19.34it/s]
distill-soft epoch 2/2:  47%|████▋     | 667/1407 [00:35<00:38, 19.17it/s]
distill-soft epoch 2/2:  48%|████▊     | 669/1407 [00:35<00:39, 18.80it/s]
distill-soft epoch 2/2:  48%|████▊     | 671/1407 [00:35<00:39, 18.76it/s]
distill-soft epoch 2/2:  48%|████▊     | 673/1407 [00:35<00:39, 18.67it/s]
distill-soft epoch 2/2:  48%|████▊     | 675/1407 [00:35<00:38, 18.93it/s]
distill-soft epoch 2/2:  48%|████▊     | 677/1407 [00:36<00:38, 18.82it/s]
distill-soft epoch 2/2:  48%|████▊     | 679/1407 [00:36<00:38, 18.77it/s]
distill-soft epoch 2/2:  48%|████▊     | 681/1407 [00:36<00:38, 19.00it/s]
distill-soft epoch 2/2:  49%|████▊     | 683/1407 [00:36<00:37, 19.19it/s]
distill-soft epoch 2/2:  49%|████▊     | 685/1407 [00:36<00:37, 19.25it/s]
distill-soft epoch 2/2:  49%|████▉     | 687/1407 [00:36<00:38, 18.75it/s]
distill-soft epoch 2/2:  49%|████▉     | 689/1407 [00:36<00:38, 18.87it/s]
distill-soft epoch 2/2:  49%|████▉     | 691/1407 [00:36<00:38, 18.62it/s]
distill-soft epoch 2/2:  49%|████▉     | 693/1407 [00:36<00:38, 18.61it/s]
distill-soft epoch 2/2:  49%|████▉     | 695/1407 [00:36<00:38, 18.57it/s]
distill-soft epoch 2/2:  50%|████▉     | 697/1407 [00:37<00:37, 18.91it/s]
distill-soft epoch 2/2:  50%|████▉     | 699/1407 [00:37<00:36, 19.20it/s]
distill-soft epoch 2/2:  50%|████▉     | 701/1407 [00:37<00:36, 19.27it/s]
distill-soft epoch 2/2:  50%|████▉     | 703/1407 [00:37<00:36, 19.12it/s]
distill-soft epoch 2/2:  50%|█████     | 705/1407 [00:37<00:36, 19.08it/s]
distill-soft epoch 2/2:  50%|█████     | 707/1407 [00:37<00:36, 19.01it/s]
distill-soft epoch 2/2:  50%|█████     | 709/1407 [00:37<00:37, 18.51it/s]
distill-soft epoch 2/2:  51%|█████     | 711/1407 [00:37<00:37, 18.34it/s]
distill-soft epoch 2/2:  51%|█████     | 713/1407 [00:37<00:38, 17.94it/s]
distill-soft epoch 2/2:  51%|█████     | 715/1407 [00:38<00:38, 17.92it/s]
distill-soft epoch 2/2:  51%|█████     | 717/1407 [00:38<00:37, 18.17it/s]
distill-soft epoch 2/2:  51%|█████     | 719/1407 [00:38<00:37, 18.58it/s]
distill-soft epoch 2/2:  51%|█████     | 721/1407 [00:38<00:37, 18.46it/s]
distill-soft epoch 2/2:  51%|█████▏    | 723/1407 [00:38<00:36, 18.81it/s]
distill-soft epoch 2/2:  52%|█████▏    | 725/1407 [00:38<00:36, 18.89it/s]
distill-soft epoch 2/2:  52%|█████▏    | 727/1407 [00:38<00:35, 18.95it/s]
distill-soft epoch 2/2:  52%|█████▏    | 729/1407 [00:38<00:35, 19.14it/s]
distill-soft epoch 2/2:  52%|█████▏    | 731/1407 [00:38<00:35, 19.16it/s]
distill-soft epoch 2/2:  52%|█████▏    | 733/1407 [00:39<00:35, 19.19it/s]
distill-soft epoch 2/2:  52%|█████▏    | 735/1407 [00:39<00:34, 19.25it/s]
distill-soft epoch 2/2:  52%|█████▏    | 737/1407 [00:39<00:34, 19.34it/s]
distill-soft epoch 2/2:  53%|█████▎    | 739/1407 [00:39<00:34, 19.37it/s]
distill-soft epoch 2/2:  53%|█████▎    | 741/1407 [00:39<00:34, 19.13it/s]
distill-soft epoch 2/2:  53%|█████▎    | 743/1407 [00:39<00:34, 19.02it/s]
distill-soft epoch 2/2:  53%|█████▎    | 745/1407 [00:39<00:35, 18.55it/s]
distill-soft epoch 2/2:  53%|█████▎    | 747/1407 [00:39<00:35, 18.68it/s]
distill-soft epoch 2/2:  53%|█████▎    | 749/1407 [00:39<00:34, 18.90it/s]
distill-soft epoch 2/2:  53%|█████▎    | 751/1407 [00:39<00:34, 19.02it/s]
distill-soft epoch 2/2:  54%|█████▎    | 753/1407 [00:40<00:34, 18.75it/s]
distill-soft epoch 2/2:  54%|█████▎    | 755/1407 [00:40<00:35, 18.59it/s]
distill-soft epoch 2/2:  54%|█████▍    | 757/1407 [00:40<00:35, 18.38it/s]
distill-soft epoch 2/2:  54%|█████▍    | 759/1407 [00:40<00:34, 18.67it/s]
distill-soft epoch 2/2:  54%|█████▍    | 761/1407 [00:40<00:34, 18.73it/s]
distill-soft epoch 2/2:  54%|█████▍    | 763/1407 [00:40<00:34, 18.64it/s]
distill-soft epoch 2/2:  54%|█████▍    | 765/1407 [00:40<00:34, 18.76it/s]
distill-soft epoch 2/2:  55%|█████▍    | 767/1407 [00:40<00:33, 18.94it/s]
distill-soft epoch 2/2:  55%|█████▍    | 769/1407 [00:40<00:33, 18.96it/s]
distill-soft epoch 2/2:  55%|█████▍    | 771/1407 [00:41<00:33, 18.86it/s]
distill-soft epoch 2/2:  55%|█████▍    | 773/1407 [00:41<00:33, 18.86it/s]
distill-soft epoch 2/2:  55%|█████▌    | 775/1407 [00:41<00:33, 19.15it/s]
distill-soft epoch 2/2:  55%|█████▌    | 777/1407 [00:41<00:33, 18.76it/s]
distill-soft epoch 2/2:  55%|█████▌    | 779/1407 [00:41<00:33, 18.87it/s]
distill-soft epoch 2/2:  56%|█████▌    | 781/1407 [00:41<00:32, 19.13it/s]
distill-soft epoch 2/2:  56%|█████▌    | 783/1407 [00:41<00:32, 19.20it/s]
distill-soft epoch 2/2:  56%|█████▌    | 785/1407 [00:41<00:32, 19.29it/s]
distill-soft epoch 2/2:  56%|█████▌    | 787/1407 [00:41<00:32, 18.81it/s]
distill-soft epoch 2/2:  56%|█████▌    | 789/1407 [00:41<00:32, 18.76it/s]
distill-soft epoch 2/2:  56%|█████▌    | 791/1407 [00:42<00:32, 18.86it/s]
distill-soft epoch 2/2:  56%|█████▋    | 793/1407 [00:42<00:32, 19.17it/s]
distill-soft epoch 2/2:  57%|█████▋    | 795/1407 [00:42<00:32, 18.98it/s]
distill-soft epoch 2/2:  57%|█████▋    | 797/1407 [00:42<00:32, 18.75it/s]
distill-soft epoch 2/2:  57%|█████▋    | 799/1407 [00:42<00:32, 19.00it/s]
distill-soft epoch 2/2:  57%|█████▋    | 801/1407 [00:42<00:31, 19.26it/s]
distill-soft epoch 2/2:  57%|█████▋    | 803/1407 [00:42<00:31, 19.38it/s]
distill-soft epoch 2/2:  57%|█████▋    | 805/1407 [00:42<00:31, 19.04it/s]
distill-soft epoch 2/2:  57%|█████▋    | 808/1407 [00:42<00:31, 19.03it/s]
distill-soft epoch 2/2:  58%|█████▊    | 810/1407 [00:43<00:31, 18.76it/s]
distill-soft epoch 2/2:  58%|█████▊    | 812/1407 [00:43<00:31, 18.80it/s]
distill-soft epoch 2/2:  58%|█████▊    | 814/1407 [00:43<00:31, 18.78it/s]
distill-soft epoch 2/2:  58%|█████▊    | 816/1407 [00:43<00:31, 18.88it/s]
distill-soft epoch 2/2:  58%|█████▊    | 818/1407 [00:43<00:31, 18.63it/s]
distill-soft epoch 2/2:  58%|█████▊    | 820/1407 [00:43<00:31, 18.86it/s]
distill-soft epoch 2/2:  58%|█████▊    | 822/1407 [00:43<00:30, 19.02it/s]
distill-soft epoch 2/2:  59%|█████▊    | 824/1407 [00:43<00:31, 18.70it/s]
distill-soft epoch 2/2:  59%|█████▊    | 826/1407 [00:43<00:31, 18.31it/s]
distill-soft epoch 2/2:  59%|█████▉    | 828/1407 [00:44<00:30, 18.76it/s]
distill-soft epoch 2/2:  59%|█████▉    | 830/1407 [00:44<00:31, 18.20it/s]
distill-soft epoch 2/2:  59%|█████▉    | 832/1407 [00:44<00:31, 18.44it/s]
distill-soft epoch 2/2:  59%|█████▉    | 834/1407 [00:44<00:31, 18.32it/s]
distill-soft epoch 2/2:  59%|█████▉    | 836/1407 [00:44<00:30, 18.56it/s]
distill-soft epoch 2/2:  60%|█████▉    | 838/1407 [00:44<00:32, 17.56it/s]
distill-soft epoch 2/2:  60%|█████▉    | 841/1407 [00:44<00:30, 18.40it/s]
distill-soft epoch 2/2:  60%|█████▉    | 843/1407 [00:44<00:30, 18.55it/s]
distill-soft epoch 2/2:  60%|██████    | 845/1407 [00:44<00:30, 18.32it/s]
distill-soft epoch 2/2:  60%|██████    | 847/1407 [00:45<00:31, 17.93it/s]
distill-soft epoch 2/2:  60%|██████    | 849/1407 [00:45<00:30, 18.29it/s]
distill-soft epoch 2/2:  60%|██████    | 851/1407 [00:45<00:29, 18.58it/s]
distill-soft epoch 2/2:  61%|██████    | 853/1407 [00:45<00:29, 18.68it/s]
distill-soft epoch 2/2:  61%|██████    | 855/1407 [00:45<00:29, 18.96it/s]
distill-soft epoch 2/2:  61%|██████    | 857/1407 [00:45<00:29, 18.66it/s]
distill-soft epoch 2/2:  61%|██████    | 860/1407 [00:45<00:28, 19.42it/s]
distill-soft epoch 2/2:  61%|██████▏   | 862/1407 [00:45<00:28, 19.37it/s]
distill-soft epoch 2/2:  61%|██████▏   | 864/1407 [00:45<00:28, 19.10it/s]
distill-soft epoch 2/2:  62%|██████▏   | 866/1407 [00:46<00:28, 19.10it/s]
distill-soft epoch 2/2:  62%|██████▏   | 868/1407 [00:46<00:28, 19.00it/s]
distill-soft epoch 2/2:  62%|██████▏   | 870/1407 [00:46<00:27, 19.18it/s]
distill-soft epoch 2/2:  62%|██████▏   | 872/1407 [00:46<00:28, 18.87it/s]
distill-soft epoch 2/2:  62%|██████▏   | 874/1407 [00:46<00:28, 18.74it/s]
distill-soft epoch 2/2:  62%|██████▏   | 876/1407 [00:46<00:27, 18.99it/s]
distill-soft epoch 2/2:  62%|██████▏   | 878/1407 [00:46<00:27, 19.02it/s]
distill-soft epoch 2/2:  63%|██████▎   | 880/1407 [00:46<00:27, 18.88it/s]
distill-soft epoch 2/2:  63%|██████▎   | 882/1407 [00:46<00:27, 19.03it/s]
distill-soft epoch 2/2:  63%|██████▎   | 884/1407 [00:47<00:28, 18.64it/s]
distill-soft epoch 2/2:  63%|██████▎   | 886/1407 [00:47<00:27, 18.67it/s]
distill-soft epoch 2/2:  63%|██████▎   | 888/1407 [00:47<00:28, 18.45it/s]
distill-soft epoch 2/2:  63%|██████▎   | 890/1407 [00:47<00:27, 18.51it/s]
distill-soft epoch 2/2:  63%|██████▎   | 892/1407 [00:47<00:27, 18.52it/s]
distill-soft epoch 2/2:  64%|██████▎   | 894/1407 [00:47<00:27, 18.62it/s]
distill-soft epoch 2/2:  64%|██████▎   | 896/1407 [00:47<00:27, 18.64it/s]
distill-soft epoch 2/2:  64%|██████▍   | 898/1407 [00:47<00:27, 18.39it/s]
distill-soft epoch 2/2:  64%|██████▍   | 900/1407 [00:47<00:27, 18.37it/s]
distill-soft epoch 2/2:  64%|██████▍   | 902/1407 [00:48<00:27, 18.67it/s]
distill-soft epoch 2/2:  64%|██████▍   | 904/1407 [00:48<00:27, 18.49it/s]
distill-soft epoch 2/2:  64%|██████▍   | 907/1407 [00:48<00:26, 18.95it/s]
distill-soft epoch 2/2:  65%|██████▍   | 909/1407 [00:48<00:26, 19.14it/s]
distill-soft epoch 2/2:  65%|██████▍   | 911/1407 [00:48<00:26, 18.90it/s]
distill-soft epoch 2/2:  65%|██████▍   | 913/1407 [00:48<00:26, 18.65it/s]
distill-soft epoch 2/2:  65%|██████▌   | 916/1407 [00:48<00:25, 19.15it/s]
distill-soft epoch 2/2:  65%|██████▌   | 918/1407 [00:48<00:25, 19.00it/s]
distill-soft epoch 2/2:  65%|██████▌   | 920/1407 [00:48<00:25, 19.22it/s]
distill-soft epoch 2/2:  66%|██████▌   | 922/1407 [00:49<00:25, 19.22it/s]
distill-soft epoch 2/2:  66%|██████▌   | 924/1407 [00:49<00:25, 19.30it/s]
distill-soft epoch 2/2:  66%|██████▌   | 926/1407 [00:49<00:25, 19.02it/s]
distill-soft epoch 2/2:  66%|██████▌   | 928/1407 [00:49<00:25, 19.00it/s]
distill-soft epoch 2/2:  66%|██████▌   | 931/1407 [00:49<00:24, 19.45it/s]
distill-soft epoch 2/2:  66%|██████▋   | 934/1407 [00:49<00:24, 19.61it/s]
distill-soft epoch 2/2:  67%|██████▋   | 936/1407 [00:49<00:24, 19.38it/s]
distill-soft epoch 2/2:  67%|██████▋   | 938/1407 [00:49<00:24, 18.84it/s]
distill-soft epoch 2/2:  67%|██████▋   | 940/1407 [00:50<00:25, 18.15it/s]
distill-soft epoch 2/2:  67%|██████▋   | 942/1407 [00:50<00:25, 18.26it/s]
distill-soft epoch 2/2:  67%|██████▋   | 944/1407 [00:50<00:25, 18.40it/s]
distill-soft epoch 2/2:  67%|██████▋   | 946/1407 [00:50<00:24, 18.66it/s]
distill-soft epoch 2/2:  67%|██████▋   | 948/1407 [00:50<00:24, 19.03it/s]
distill-soft epoch 2/2:  68%|██████▊   | 950/1407 [00:50<00:24, 18.86it/s]
distill-soft epoch 2/2:  68%|██████▊   | 952/1407 [00:50<00:23, 18.98it/s]
distill-soft epoch 2/2:  68%|██████▊   | 954/1407 [00:50<00:23, 18.91it/s]
distill-soft epoch 2/2:  68%|██████▊   | 956/1407 [00:50<00:24, 18.74it/s]
distill-soft epoch 2/2:  68%|██████▊   | 959/1407 [00:51<00:23, 19.31it/s]
distill-soft epoch 2/2:  68%|██████▊   | 961/1407 [00:51<00:23, 18.98it/s]
distill-soft epoch 2/2:  68%|██████▊   | 963/1407 [00:51<00:23, 19.09it/s]
distill-soft epoch 2/2:  69%|██████▊   | 965/1407 [00:51<00:22, 19.29it/s]
distill-soft epoch 2/2:  69%|██████▊   | 967/1407 [00:51<00:22, 19.20it/s]
distill-soft epoch 2/2:  69%|██████▉   | 969/1407 [00:51<00:22, 19.32it/s]
distill-soft epoch 2/2:  69%|██████▉   | 971/1407 [00:51<00:22, 19.30it/s]
distill-soft epoch 2/2:  69%|██████▉   | 973/1407 [00:51<00:22, 19.40it/s]
distill-soft epoch 2/2:  69%|██████▉   | 975/1407 [00:51<00:22, 19.21it/s]
distill-soft epoch 2/2:  69%|██████▉   | 977/1407 [00:51<00:22, 18.72it/s]
distill-soft epoch 2/2:  70%|██████▉   | 979/1407 [00:52<00:22, 18.81it/s]
distill-soft epoch 2/2:  70%|██████▉   | 981/1407 [00:52<00:22, 18.61it/s]
distill-soft epoch 2/2:  70%|██████▉   | 983/1407 [00:52<00:23, 18.27it/s]
distill-soft epoch 2/2:  70%|███████   | 985/1407 [00:52<00:22, 18.74it/s]
distill-soft epoch 2/2:  70%|███████   | 987/1407 [00:52<00:22, 19.08it/s]
distill-soft epoch 2/2:  70%|███████   | 989/1407 [00:52<00:21, 19.12it/s]
distill-soft epoch 2/2:  71%|███████   | 992/1407 [00:52<00:21, 19.42it/s]
distill-soft epoch 2/2:  71%|███████   | 994/1407 [00:52<00:21, 19.13it/s]
distill-soft epoch 2/2:  71%|███████   | 996/1407 [00:52<00:21, 18.72it/s]
distill-soft epoch 2/2:  71%|███████   | 998/1407 [00:53<00:21, 18.66it/s]
distill-soft epoch 2/2:  71%|███████   | 1000/1407 [00:53<00:21, 18.83it/s]
distill-soft epoch 2/2:  71%|███████   | 1002/1407 [00:53<00:21, 18.48it/s]
distill-soft epoch 2/2:  71%|███████▏  | 1004/1407 [00:53<00:21, 18.40it/s]
distill-soft epoch 2/2:  71%|███████▏  | 1006/1407 [00:53<00:21, 18.36it/s]
distill-soft epoch 2/2:  72%|███████▏  | 1008/1407 [00:53<00:21, 18.51it/s]
distill-soft epoch 2/2:  72%|███████▏  | 1010/1407 [00:53<00:21, 18.46it/s]
distill-soft epoch 2/2:  72%|███████▏  | 1012/1407 [00:53<00:21, 18.73it/s]
distill-soft epoch 2/2:  72%|███████▏  | 1014/1407 [00:53<00:20, 18.78it/s]
distill-soft epoch 2/2:  72%|███████▏  | 1016/1407 [00:54<00:20, 18.91it/s]
distill-soft epoch 2/2:  72%|███████▏  | 1018/1407 [00:54<00:21, 18.15it/s]
distill-soft epoch 2/2:  72%|███████▏  | 1020/1407 [00:54<00:21, 18.12it/s]
distill-soft epoch 2/2:  73%|███████▎  | 1022/1407 [00:54<00:21, 18.33it/s]
distill-soft epoch 2/2:  73%|███████▎  | 1024/1407 [00:54<00:20, 18.53it/s]
distill-soft epoch 2/2:  73%|███████▎  | 1027/1407 [00:54<00:20, 18.84it/s]
distill-soft epoch 2/2:  73%|███████▎  | 1029/1407 [00:54<00:20, 18.74it/s]
distill-soft epoch 2/2:  73%|███████▎  | 1031/1407 [00:54<00:19, 19.07it/s]
distill-soft epoch 2/2:  73%|███████▎  | 1033/1407 [00:54<00:19, 18.81it/s]
distill-soft epoch 2/2:  74%|███████▎  | 1035/1407 [00:55<00:19, 18.97it/s]
distill-soft epoch 2/2:  74%|███████▎  | 1037/1407 [00:55<00:19, 19.14it/s]
distill-soft epoch 2/2:  74%|███████▍  | 1039/1407 [00:55<00:19, 19.13it/s]
distill-soft epoch 2/2:  74%|███████▍  | 1041/1407 [00:55<00:19, 18.85it/s]
distill-soft epoch 2/2:  74%|███████▍  | 1043/1407 [00:55<00:19, 18.81it/s]
distill-soft epoch 2/2:  74%|███████▍  | 1045/1407 [00:55<00:19, 18.62it/s]
distill-soft epoch 2/2:  74%|███████▍  | 1047/1407 [00:55<00:19, 18.89it/s]
distill-soft epoch 2/2:  75%|███████▍  | 1049/1407 [00:55<00:18, 19.09it/s]
distill-soft epoch 2/2:  75%|███████▍  | 1051/1407 [00:55<00:18, 19.12it/s]
distill-soft epoch 2/2:  75%|███████▍  | 1053/1407 [00:56<00:18, 18.83it/s]
distill-soft epoch 2/2:  75%|███████▍  | 1055/1407 [00:56<00:18, 18.74it/s]
distill-soft epoch 2/2:  75%|███████▌  | 1057/1407 [00:56<00:18, 18.98it/s]
distill-soft epoch 2/2:  75%|███████▌  | 1059/1407 [00:56<00:18, 18.77it/s]
distill-soft epoch 2/2:  75%|███████▌  | 1062/1407 [00:56<00:17, 19.36it/s]
distill-soft epoch 2/2:  76%|███████▌  | 1064/1407 [00:56<00:17, 19.09it/s]
distill-soft epoch 2/2:  76%|███████▌  | 1066/1407 [00:56<00:18, 18.50it/s]
distill-soft epoch 2/2:  76%|███████▌  | 1068/1407 [00:56<00:18, 18.55it/s]
distill-soft epoch 2/2:  76%|███████▌  | 1071/1407 [00:56<00:17, 18.86it/s]
distill-soft epoch 2/2:  76%|███████▋  | 1073/1407 [00:57<00:17, 19.09it/s]
distill-soft epoch 2/2:  76%|███████▋  | 1075/1407 [00:57<00:17, 18.88it/s]
distill-soft epoch 2/2:  77%|███████▋  | 1077/1407 [00:57<00:18, 18.21it/s]
distill-soft epoch 2/2:  77%|███████▋  | 1079/1407 [00:57<00:17, 18.42it/s]
distill-soft epoch 2/2:  77%|███████▋  | 1081/1407 [00:57<00:17, 18.25it/s]
distill-soft epoch 2/2:  77%|███████▋  | 1083/1407 [00:57<00:17, 18.62it/s]
distill-soft epoch 2/2:  77%|███████▋  | 1085/1407 [00:57<00:17, 18.91it/s]
distill-soft epoch 2/2:  77%|███████▋  | 1087/1407 [00:57<00:16, 19.16it/s]
distill-soft epoch 2/2:  77%|███████▋  | 1089/1407 [00:57<00:16, 19.09it/s]
distill-soft epoch 2/2:  78%|███████▊  | 1091/1407 [00:58<00:16, 18.76it/s]
distill-soft epoch 2/2:  78%|███████▊  | 1093/1407 [00:58<00:16, 18.95it/s]
distill-soft epoch 2/2:  78%|███████▊  | 1095/1407 [00:58<00:17, 18.24it/s]
distill-soft epoch 2/2:  78%|███████▊  | 1097/1407 [00:58<00:16, 18.40it/s]
distill-soft epoch 2/2:  78%|███████▊  | 1099/1407 [00:58<00:16, 18.73it/s]
distill-soft epoch 2/2:  78%|███████▊  | 1101/1407 [00:58<00:16, 19.05it/s]
distill-soft epoch 2/2:  78%|███████▊  | 1103/1407 [00:58<00:16, 18.70it/s]
distill-soft epoch 2/2:  79%|███████▊  | 1105/1407 [00:58<00:16, 18.32it/s]
distill-soft epoch 2/2:  79%|███████▊  | 1107/1407 [00:58<00:16, 18.46it/s]
distill-soft epoch 2/2:  79%|███████▉  | 1109/1407 [00:59<00:16, 18.33it/s]
distill-soft epoch 2/2:  79%|███████▉  | 1111/1407 [00:59<00:15, 18.54it/s]
distill-soft epoch 2/2:  79%|███████▉  | 1113/1407 [00:59<00:15, 18.57it/s]
distill-soft epoch 2/2:  79%|███████▉  | 1115/1407 [00:59<00:15, 18.73it/s]
distill-soft epoch 2/2:  79%|███████▉  | 1118/1407 [00:59<00:15, 19.18it/s]
distill-soft epoch 2/2:  80%|███████▉  | 1120/1407 [00:59<00:14, 19.15it/s]
distill-soft epoch 2/2:  80%|███████▉  | 1123/1407 [00:59<00:14, 19.27it/s]
distill-soft epoch 2/2:  80%|███████▉  | 1125/1407 [00:59<00:14, 19.08it/s]
distill-soft epoch 2/2:  80%|████████  | 1127/1407 [00:59<00:14, 18.98it/s]
distill-soft epoch 2/2:  80%|████████  | 1129/1407 [01:00<00:14, 19.10it/s]
distill-soft epoch 2/2:  80%|████████  | 1131/1407 [01:00<00:14, 19.02it/s]
distill-soft epoch 2/2:  81%|████████  | 1133/1407 [01:00<00:14, 18.90it/s]
distill-soft epoch 2/2:  81%|████████  | 1135/1407 [01:00<00:14, 18.67it/s]
distill-soft epoch 2/2:  81%|████████  | 1137/1407 [01:00<00:14, 18.94it/s]
distill-soft epoch 2/2:  81%|████████  | 1139/1407 [01:00<00:14, 18.30it/s]
distill-soft epoch 2/2:  81%|████████  | 1141/1407 [01:00<00:14, 18.31it/s]
distill-soft epoch 2/2:  81%|████████  | 1143/1407 [01:00<00:14, 18.40it/s]
distill-soft epoch 2/2:  81%|████████▏ | 1145/1407 [01:00<00:14, 17.57it/s]
distill-soft epoch 2/2:  82%|████████▏ | 1147/1407 [01:01<00:14, 17.69it/s]
distill-soft epoch 2/2:  82%|████████▏ | 1149/1407 [01:01<00:14, 18.07it/s]
distill-soft epoch 2/2:  82%|████████▏ | 1151/1407 [01:01<00:14, 17.91it/s]
distill-soft epoch 2/2:  82%|████████▏ | 1153/1407 [01:01<00:14, 18.11it/s]
distill-soft epoch 2/2:  82%|████████▏ | 1155/1407 [01:01<00:13, 18.03it/s]
distill-soft epoch 2/2:  82%|████████▏ | 1157/1407 [01:01<00:13, 18.24it/s]
distill-soft epoch 2/2:  82%|████████▏ | 1159/1407 [01:01<00:13, 18.73it/s]
distill-soft epoch 2/2:  83%|████████▎ | 1161/1407 [01:01<00:13, 18.90it/s]
distill-soft epoch 2/2:  83%|████████▎ | 1163/1407 [01:01<00:12, 18.88it/s]
distill-soft epoch 2/2:  83%|████████▎ | 1165/1407 [01:02<00:12, 19.05it/s]
distill-soft epoch 2/2:  83%|████████▎ | 1167/1407 [01:02<00:12, 19.11it/s]
distill-soft epoch 2/2:  83%|████████▎ | 1169/1407 [01:02<00:12, 18.89it/s]
distill-soft epoch 2/2:  83%|████████▎ | 1171/1407 [01:02<00:12, 19.14it/s]
distill-soft epoch 2/2:  83%|████████▎ | 1173/1407 [01:02<00:12, 19.15it/s]
distill-soft epoch 2/2:  84%|████████▎ | 1175/1407 [01:02<00:12, 18.97it/s]
distill-soft epoch 2/2:  84%|████████▎ | 1177/1407 [01:02<00:12, 18.66it/s]
distill-soft epoch 2/2:  84%|████████▍ | 1179/1407 [01:02<00:12, 18.36it/s]
distill-soft epoch 2/2:  84%|████████▍ | 1182/1407 [01:02<00:11, 18.92it/s]
distill-soft epoch 2/2:  84%|████████▍ | 1184/1407 [01:03<00:11, 19.04it/s]
distill-soft epoch 2/2:  84%|████████▍ | 1186/1407 [01:03<00:11, 19.10it/s]
distill-soft epoch 2/2:  84%|████████▍ | 1188/1407 [01:03<00:11, 18.99it/s]
distill-soft epoch 2/2:  85%|████████▍ | 1190/1407 [01:03<00:11, 18.72it/s]
distill-soft epoch 2/2:  85%|████████▍ | 1192/1407 [01:03<00:11, 18.27it/s]
distill-soft epoch 2/2:  85%|████████▍ | 1194/1407 [01:03<00:11, 18.49it/s]
distill-soft epoch 2/2:  85%|████████▌ | 1196/1407 [01:03<00:11, 18.53it/s]
distill-soft epoch 2/2:  85%|████████▌ | 1199/1407 [01:03<00:10, 19.07it/s]
distill-soft epoch 2/2:  85%|████████▌ | 1201/1407 [01:03<00:10, 19.02it/s]
distill-soft epoch 2/2:  86%|████████▌ | 1203/1407 [01:04<00:10, 19.13it/s]
distill-soft epoch 2/2:  86%|████████▌ | 1205/1407 [01:04<00:10, 18.63it/s]
distill-soft epoch 2/2:  86%|████████▌ | 1207/1407 [01:04<00:10, 18.74it/s]
distill-soft epoch 2/2:  86%|████████▌ | 1209/1407 [01:04<00:10, 18.71it/s]
distill-soft epoch 2/2:  86%|████████▌ | 1211/1407 [01:04<00:10, 18.55it/s]
distill-soft epoch 2/2:  86%|████████▌ | 1213/1407 [01:04<00:10, 18.71it/s]
distill-soft epoch 2/2:  86%|████████▋ | 1215/1407 [01:04<00:10, 18.69it/s]
distill-soft epoch 2/2:  86%|████████▋ | 1217/1407 [01:04<00:10, 18.30it/s]
distill-soft epoch 2/2:  87%|████████▋ | 1219/1407 [01:04<00:10, 18.47it/s]
distill-soft epoch 2/2:  87%|████████▋ | 1221/1407 [01:04<00:09, 18.67it/s]
distill-soft epoch 2/2:  87%|████████▋ | 1223/1407 [01:05<00:09, 18.46it/s]
distill-soft epoch 2/2:  87%|████████▋ | 1225/1407 [01:05<00:09, 18.72it/s]
distill-soft epoch 2/2:  87%|████████▋ | 1227/1407 [01:05<00:09, 18.39it/s]
distill-soft epoch 2/2:  87%|████████▋ | 1230/1407 [01:05<00:09, 19.05it/s]
distill-soft epoch 2/2:  88%|████████▊ | 1232/1407 [01:05<00:09, 18.54it/s]
distill-soft epoch 2/2:  88%|████████▊ | 1234/1407 [01:05<00:09, 18.57it/s]
distill-soft epoch 2/2:  88%|████████▊ | 1236/1407 [01:05<00:09, 18.71it/s]
distill-soft epoch 2/2:  88%|████████▊ | 1238/1407 [01:05<00:09, 18.71it/s]
distill-soft epoch 2/2:  88%|████████▊ | 1240/1407 [01:06<00:08, 18.91it/s]
distill-soft epoch 2/2:  88%|████████▊ | 1242/1407 [01:06<00:08, 19.06it/s]
distill-soft epoch 2/2:  88%|████████▊ | 1244/1407 [01:06<00:08, 18.71it/s]
distill-soft epoch 2/2:  89%|████████▊ | 1246/1407 [01:06<00:08, 18.42it/s]
distill-soft epoch 2/2:  89%|████████▊ | 1248/1407 [01:06<00:08, 18.55it/s]
distill-soft epoch 2/2:  89%|████████▉ | 1250/1407 [01:06<00:08, 18.87it/s]
distill-soft epoch 2/2:  89%|████████▉ | 1252/1407 [01:06<00:08, 18.66it/s]
distill-soft epoch 2/2:  89%|████████▉ | 1254/1407 [01:06<00:08, 18.92it/s]
distill-soft epoch 2/2:  89%|████████▉ | 1256/1407 [01:06<00:08, 18.72it/s]
distill-soft epoch 2/2:  89%|████████▉ | 1258/1407 [01:06<00:07, 19.08it/s]
distill-soft epoch 2/2:  90%|████████▉ | 1260/1407 [01:07<00:07, 18.97it/s]
distill-soft epoch 2/2:  90%|████████▉ | 1262/1407 [01:07<00:07, 18.82it/s]
distill-soft epoch 2/2:  90%|████████▉ | 1265/1407 [01:07<00:07, 18.71it/s]
distill-soft epoch 2/2:  90%|█████████ | 1267/1407 [01:07<00:07, 18.74it/s]
distill-soft epoch 2/2:  90%|█████████ | 1269/1407 [01:07<00:07, 18.85it/s]
distill-soft epoch 2/2:  90%|█████████ | 1271/1407 [01:07<00:07, 18.79it/s]
distill-soft epoch 2/2:  90%|█████████ | 1273/1407 [01:07<00:07, 18.98it/s]
distill-soft epoch 2/2:  91%|█████████ | 1275/1407 [01:07<00:06, 19.10it/s]
distill-soft epoch 2/2:  91%|█████████ | 1277/1407 [01:07<00:06, 18.71it/s]
distill-soft epoch 2/2:  91%|█████████ | 1279/1407 [01:08<00:06, 18.51it/s]
distill-soft epoch 2/2:  91%|█████████ | 1281/1407 [01:08<00:06, 18.28it/s]
distill-soft epoch 2/2:  91%|█████████ | 1283/1407 [01:08<00:06, 18.40it/s]
distill-soft epoch 2/2:  91%|█████████▏| 1285/1407 [01:08<00:06, 18.62it/s]
distill-soft epoch 2/2:  91%|█████████▏| 1287/1407 [01:08<00:06, 18.59it/s]
distill-soft epoch 2/2:  92%|█████████▏| 1289/1407 [01:08<00:06, 18.72it/s]
distill-soft epoch 2/2:  92%|█████████▏| 1291/1407 [01:08<00:06, 18.78it/s]
distill-soft epoch 2/2:  92%|█████████▏| 1293/1407 [01:08<00:06, 18.59it/s]
distill-soft epoch 2/2:  92%|█████████▏| 1295/1407 [01:08<00:06, 18.49it/s]
distill-soft epoch 2/2:  92%|█████████▏| 1297/1407 [01:09<00:05, 18.60it/s]
distill-soft epoch 2/2:  92%|█████████▏| 1299/1407 [01:09<00:05, 18.56it/s]
distill-soft epoch 2/2:  92%|█████████▏| 1301/1407 [01:09<00:05, 18.44it/s]
distill-soft epoch 2/2:  93%|█████████▎| 1303/1407 [01:09<00:05, 18.42it/s]
distill-soft epoch 2/2:  93%|█████████▎| 1305/1407 [01:09<00:05, 18.16it/s]
distill-soft epoch 2/2:  93%|█████████▎| 1307/1407 [01:09<00:05, 18.47it/s]
distill-soft epoch 2/2:  93%|█████████▎| 1309/1407 [01:09<00:05, 18.57it/s]
distill-soft epoch 2/2:  93%|█████████▎| 1311/1407 [01:09<00:05, 18.01it/s]
distill-soft epoch 2/2:  93%|█████████▎| 1314/1407 [01:09<00:05, 18.53it/s]
distill-soft epoch 2/2:  94%|█████████▎| 1316/1407 [01:10<00:04, 18.83it/s]
distill-soft epoch 2/2:  94%|█████████▎| 1318/1407 [01:10<00:04, 19.10it/s]
distill-soft epoch 2/2:  94%|█████████▍| 1321/1407 [01:10<00:04, 18.87it/s]
distill-soft epoch 2/2:  94%|█████████▍| 1323/1407 [01:10<00:04, 18.80it/s]
distill-soft epoch 2/2:  94%|█████████▍| 1325/1407 [01:10<00:04, 18.79it/s]
distill-soft epoch 2/2:  94%|█████████▍| 1327/1407 [01:10<00:04, 18.62it/s]
distill-soft epoch 2/2:  94%|█████████▍| 1329/1407 [01:10<00:04, 18.75it/s]
distill-soft epoch 2/2:  95%|█████████▍| 1331/1407 [01:10<00:04, 18.63it/s]
distill-soft epoch 2/2:  95%|█████████▍| 1333/1407 [01:10<00:04, 18.42it/s]
distill-soft epoch 2/2:  95%|█████████▍| 1335/1407 [01:11<00:03, 18.40it/s]
distill-soft epoch 2/2:  95%|█████████▌| 1337/1407 [01:11<00:03, 18.29it/s]
distill-soft epoch 2/2:  95%|█████████▌| 1339/1407 [01:11<00:03, 18.75it/s]
distill-soft epoch 2/2:  95%|█████████▌| 1342/1407 [01:11<00:03, 19.17it/s]
distill-soft epoch 2/2:  96%|█████████▌| 1344/1407 [01:11<00:03, 19.03it/s]
distill-soft epoch 2/2:  96%|█████████▌| 1346/1407 [01:11<00:03, 18.87it/s]
distill-soft epoch 2/2:  96%|█████████▌| 1348/1407 [01:11<00:03, 18.83it/s]
distill-soft epoch 2/2:  96%|█████████▌| 1350/1407 [01:11<00:03, 18.96it/s]
distill-soft epoch 2/2:  96%|█████████▌| 1352/1407 [01:12<00:02, 18.66it/s]
distill-soft epoch 2/2:  96%|█████████▌| 1354/1407 [01:12<00:02, 18.75it/s]
distill-soft epoch 2/2:  96%|█████████▋| 1356/1407 [01:12<00:02, 18.80it/s]
distill-soft epoch 2/2:  97%|█████████▋| 1358/1407 [01:12<00:02, 18.73it/s]
distill-soft epoch 2/2:  97%|█████████▋| 1360/1407 [01:12<00:02, 19.00it/s]
distill-soft epoch 2/2:  97%|█████████▋| 1362/1407 [01:12<00:02, 19.09it/s]
distill-soft epoch 2/2:  97%|█████████▋| 1364/1407 [01:12<00:02, 19.12it/s]
distill-soft epoch 2/2:  97%|█████████▋| 1367/1407 [01:12<00:02, 19.39it/s]
distill-soft epoch 2/2:  97%|█████████▋| 1369/1407 [01:12<00:01, 19.37it/s]
distill-soft epoch 2/2:  97%|█████████▋| 1371/1407 [01:12<00:01, 19.33it/s]
distill-soft epoch 2/2:  98%|█████████▊| 1373/1407 [01:13<00:01, 19.39it/s]
distill-soft epoch 2/2:  98%|█████████▊| 1375/1407 [01:13<00:02, 13.83it/s]
distill-soft epoch 2/2:  98%|█████████▊| 1377/1407 [01:13<00:02, 14.90it/s]
distill-soft epoch 2/2:  98%|█████████▊| 1380/1407 [01:13<00:01, 16.35it/s]
distill-soft epoch 2/2:  98%|█████████▊| 1382/1407 [01:13<00:01, 16.98it/s]
distill-soft epoch 2/2:  98%|█████████▊| 1384/1407 [01:13<00:01, 17.44it/s]
distill-soft epoch 2/2:  99%|█████████▊| 1386/1407 [01:13<00:01, 17.35it/s]
distill-soft epoch 2/2:  99%|█████████▊| 1389/1407 [01:14<00:00, 18.16it/s]
distill-soft epoch 2/2:  99%|█████████▉| 1391/1407 [01:14<00:00, 18.34it/s]
distill-soft epoch 2/2:  99%|█████████▉| 1393/1407 [01:14<00:00, 18.34it/s]
distill-soft epoch 2/2:  99%|█████████▉| 1395/1407 [01:14<00:00, 18.19it/s]
distill-soft epoch 2/2:  99%|█████████▉| 1397/1407 [01:14<00:00, 18.35it/s]
distill-soft epoch 2/2:  99%|█████████▉| 1399/1407 [01:14<00:00, 18.04it/s]
distill-soft epoch 2/2: 100%|█████████▉| 1401/1407 [01:14<00:00, 18.06it/s]
distill-soft epoch 2/2: 100%|█████████▉| 1403/1407 [01:14<00:00, 18.50it/s]
distill-soft epoch 2/2: 100%|█████████▉| 1405/1407 [01:14<00:00, 18.52it/s]
  loss=0.1030 dev_acc=0.8733 (75s)
蒸馏-soft: Test Acc=0.8760, 参数量=5,470,986（约20.9MB fp32 / checkpoint 见 D:\workspace_AI\workspace_traecode\xiangmu_traecode\Supply Chain NLP\models\checkpoints\distill_best.pt）
                                                                           

Loading weights:   0%|          | 0/199 [00:00<?, ?it/s]
Loading weights:  19%|█▉        | 38/199 [00:00<00:00, 376.54it/s]
Loading weights:  40%|████      | 80/199 [00:00<00:00, 389.53it/s]
Loading weights: 100%|██████████| 199/199 [00:00<00:00, 666.39it/s]
[transformers] [1mBertModel LOAD REPORT[0m from: D:\workspace_AI\workspace_traecode\xiangmu_traecode\Supply Chain NLP
\models\bert-base-chinese
Key                                        | Status     |  | 
-------------------------------------------+------------+--+-
cls.seq_relationship.weight                | UNEXPECTED |  | 
cls.predictions.transform.dense.weight     | UNEXPECTED |  | 
cls.predictions.transform.LayerNorm.bias   | UNEXPECTED |  | 
cls.predictions.bias                       | UNEXPECTED |  | 
cls.predictions.transform.dense.bias       | UNEXPECTED |  | 
cls.predictions.transform.LayerNorm.weight | UNEXPECTED |  | 
cls.seq_relationship.bias                  | UNEXPECTED |  | 

Notes:
- UNEXPECTED:	can be ignored when loading from different task/architecture; not ok if you expect identical arch.
[蒸馏-hard] T=2.0, alpha=0.7, device=cuda, batches=1407

distill-hard epoch 1/2:   0%|          | 0/1407 [00:00<?, ?it/s]
distill-hard epoch 1/2:   0%|          | 2/1407 [00:00<01:16, 18.41it/s]
distill-hard epoch 1/2:   0%|          | 4/1407 [00:00<01:15, 18.54it/s]
distill-hard epoch 1/2:   0%|          | 6/1407 [00:00<01:14, 18.71it/s]
distill-hard epoch 1/2:   1%|          | 8/1407 [00:00<01:14, 18.70it/s]
distill-hard epoch 1/2:   1%|          | 10/1407 [00:00<01:15, 18.50it/s]
distill-hard epoch 1/2:   1%|          | 12/1407 [00:00<01:14, 18.71it/s]
distill-hard epoch 1/2:   1%|          | 14/1407 [00:00<01:16, 18.19it/s]
distill-hard epoch 1/2:   1%|          | 16/1407 [00:00<01:15, 18.44it/s]
distill-hard epoch 1/2:   1%|▏         | 18/1407 [00:00<01:15, 18.41it/s]
distill-hard epoch 1/2:   1%|▏         | 20/1407 [00:01<01:16, 18.17it/s]
distill-hard epoch 1/2:   2%|▏         | 22/1407 [00:01<01:15, 18.33it/s]
distill-hard epoch 1/2:   2%|▏         | 24/1407 [00:01<01:13, 18.69it/s]
distill-hard epoch 1/2:   2%|▏         | 27/1407 [00:01<01:11, 19.30it/s]
distill-hard epoch 1/2:   2%|▏         | 29/1407 [00:01<01:12, 18.90it/s]
distill-hard epoch 1/2:   2%|▏         | 32/1407 [00:01<01:10, 19.48it/s]
distill-hard epoch 1/2:   2%|▏         | 35/1407 [00:01<01:09, 19.79it/s]
distill-hard epoch 1/2:   3%|▎         | 37/1407 [00:01<01:09, 19.58it/s]
distill-hard epoch 1/2:   3%|▎         | 39/1407 [00:02<01:10, 19.38it/s]
distill-hard epoch 1/2:   3%|▎         | 42/1407 [00:02<01:09, 19.52it/s]
distill-hard epoch 1/2:   3%|▎         | 44/1407 [00:02<01:10, 19.30it/s]
distill-hard epoch 1/2:   3%|▎         | 46/1407 [00:02<01:11, 19.17it/s]
distill-hard epoch 1/2:   3%|▎         | 48/1407 [00:02<01:10, 19.19it/s]
distill-hard epoch 1/2:   4%|▎         | 50/1407 [00:02<01:10, 19.37it/s]
distill-hard epoch 1/2:   4%|▎         | 52/1407 [00:02<01:09, 19.40it/s]
distill-hard epoch 1/2:   4%|▍         | 54/1407 [00:02<01:10, 19.09it/s]
distill-hard epoch 1/2:   4%|▍         | 56/1407 [00:02<01:13, 18.45it/s]
distill-hard epoch 1/2:   4%|▍         | 58/1407 [00:03<01:14, 18.20it/s]
distill-hard epoch 1/2:   4%|▍         | 60/1407 [00:03<01:13, 18.30it/s]
distill-hard epoch 1/2:   4%|▍         | 62/1407 [00:03<01:13, 18.23it/s]
distill-hard epoch 1/2:   5%|▍         | 64/1407 [00:03<01:12, 18.61it/s]
distill-hard epoch 1/2:   5%|▍         | 66/1407 [00:03<01:11, 18.78it/s]
distill-hard epoch 1/2:   5%|▍         | 68/1407 [00:03<01:13, 18.21it/s]
distill-hard epoch 1/2:   5%|▍         | 70/1407 [00:03<01:12, 18.50it/s]
distill-hard epoch 1/2:   5%|▌         | 72/1407 [00:03<01:10, 18.84it/s]
distill-hard epoch 1/2:   5%|▌         | 74/1407 [00:03<01:10, 19.02it/s]
distill-hard epoch 1/2:   5%|▌         | 77/1407 [00:04<01:08, 19.49it/s]
distill-hard epoch 1/2:   6%|▌         | 79/1407 [00:04<01:08, 19.40it/s]
distill-hard epoch 1/2:   6%|▌         | 81/1407 [00:04<01:08, 19.23it/s]
distill-hard epoch 1/2:   6%|▌         | 83/1407 [00:04<01:10, 18.91it/s]
distill-hard epoch 1/2:   6%|▌         | 85/1407 [00:04<01:10, 18.87it/s]
distill-hard epoch 1/2:   6%|▌         | 87/1407 [00:04<01:10, 18.60it/s]
distill-hard epoch 1/2:   6%|▋         | 89/1407 [00:04<01:09, 18.85it/s]
distill-hard epoch 1/2:   6%|▋         | 91/1407 [00:04<01:08, 19.11it/s]
distill-hard epoch 1/2:   7%|▋         | 94/1407 [00:04<01:08, 19.16it/s]
distill-hard epoch 1/2:   7%|▋         | 96/1407 [00:05<01:09, 18.86it/s]
distill-hard epoch 1/2:   7%|▋         | 98/1407 [00:05<01:10, 18.69it/s]
distill-hard epoch 1/2:   7%|▋         | 100/1407 [00:05<01:09, 18.88it/s]
distill-hard epoch 1/2:   7%|▋         | 102/1407 [00:05<01:10, 18.55it/s]
distill-hard epoch 1/2:   7%|▋         | 104/1407 [00:05<01:10, 18.53it/s]
distill-hard epoch 1/2:   8%|▊         | 106/1407 [00:05<01:09, 18.61it/s]
distill-hard epoch 1/2:   8%|▊         | 108/1407 [00:05<01:09, 18.56it/s]
distill-hard epoch 1/2:   8%|▊         | 110/1407 [00:05<01:08, 18.90it/s]
distill-hard epoch 1/2:   8%|▊         | 112/1407 [00:05<01:07, 19.20it/s]
distill-hard epoch 1/2:   8%|▊         | 114/1407 [00:06<01:07, 19.08it/s]
distill-hard epoch 1/2:   8%|▊         | 116/1407 [00:06<01:08, 18.92it/s]
distill-hard epoch 1/2:   8%|▊         | 118/1407 [00:06<01:07, 19.14it/s]
distill-hard epoch 1/2:   9%|▊         | 120/1407 [00:06<01:08, 18.85it/s]
distill-hard epoch 1/2:   9%|▊         | 122/1407 [00:06<01:08, 18.71it/s]
distill-hard epoch 1/2:   9%|▉         | 124/1407 [00:06<01:10, 18.23it/s]
distill-hard epoch 1/2:   9%|▉         | 126/1407 [00:06<01:08, 18.63it/s]
distill-hard epoch 1/2:   9%|▉         | 128/1407 [00:06<01:10, 18.15it/s]
distill-hard epoch 1/2:   9%|▉         | 130/1407 [00:06<01:08, 18.58it/s]
distill-hard epoch 1/2:   9%|▉         | 132/1407 [00:07<01:08, 18.53it/s]
distill-hard epoch 1/2:  10%|▉         | 134/1407 [00:07<01:09, 18.38it/s]
distill-hard epoch 1/2:  10%|▉         | 137/1407 [00:07<01:06, 19.03it/s]
distill-hard epoch 1/2:  10%|▉         | 139/1407 [00:07<01:07, 18.81it/s]
distill-hard epoch 1/2:  10%|█         | 141/1407 [00:07<01:07, 18.85it/s]
distill-hard epoch 1/2:  10%|█         | 143/1407 [00:07<01:06, 18.97it/s]
distill-hard epoch 1/2:  10%|█         | 145/1407 [00:07<01:07, 18.68it/s]
distill-hard epoch 1/2:  11%|█         | 148/1407 [00:07<01:05, 19.15it/s]
distill-hard epoch 1/2:  11%|█         | 150/1407 [00:07<01:08, 18.30it/s]
distill-hard epoch 1/2:  11%|█         | 153/1407 [00:08<01:06, 18.78it/s]
distill-hard epoch 1/2:  11%|█         | 155/1407 [00:08<01:06, 18.78it/s]
distill-hard epoch 1/2:  11%|█         | 157/1407 [00:08<01:06, 18.74it/s]
distill-hard epoch 1/2:  11%|█▏        | 159/1407 [00:08<01:06, 18.80it/s]
distill-hard epoch 1/2:  11%|█▏        | 161/1407 [00:08<01:05, 19.07it/s]
distill-hard epoch 1/2:  12%|█▏        | 163/1407 [00:08<01:04, 19.26it/s]
distill-hard epoch 1/2:  12%|█▏        | 165/1407 [00:08<01:05, 19.03it/s]
distill-hard epoch 1/2:  12%|█▏        | 167/1407 [00:08<01:04, 19.18it/s]
distill-hard epoch 1/2:  12%|█▏        | 169/1407 [00:08<01:06, 18.50it/s]
distill-hard epoch 1/2:  12%|█▏        | 171/1407 [00:09<01:06, 18.52it/s]
distill-hard epoch 1/2:  12%|█▏        | 173/1407 [00:09<01:06, 18.69it/s]
distill-hard epoch 1/2:  12%|█▏        | 175/1407 [00:09<01:05, 18.68it/s]
distill-hard epoch 1/2:  13%|█▎        | 177/1407 [00:09<01:05, 18.89it/s]
distill-hard epoch 1/2:  13%|█▎        | 180/1407 [00:09<01:04, 19.01it/s]
distill-hard epoch 1/2:  13%|█▎        | 182/1407 [00:09<01:05, 18.82it/s]
distill-hard epoch 1/2:  13%|█▎        | 184/1407 [00:09<01:06, 18.42it/s]
distill-hard epoch 1/2:  13%|█▎        | 186/1407 [00:09<01:06, 18.43it/s]
distill-hard epoch 1/2:  13%|█▎        | 188/1407 [00:09<01:05, 18.63it/s]
distill-hard epoch 1/2:  14%|█▎        | 190/1407 [00:10<01:04, 18.80it/s]
distill-hard epoch 1/2:  14%|█▎        | 192/1407 [00:10<01:04, 18.84it/s]
distill-hard epoch 1/2:  14%|█▍        | 195/1407 [00:10<01:03, 19.09it/s]
distill-hard epoch 1/2:  14%|█▍        | 197/1407 [00:10<01:04, 18.74it/s]
distill-hard epoch 1/2:  14%|█▍        | 199/1407 [00:10<01:04, 18.83it/s]
distill-hard epoch 1/2:  14%|█▍        | 201/1407 [00:10<01:03, 18.92it/s]
distill-hard epoch 1/2:  14%|█▍        | 203/1407 [00:10<01:02, 19.19it/s]
distill-hard epoch 1/2:  15%|█▍        | 205/1407 [00:10<01:04, 18.52it/s]
distill-hard epoch 1/2:  15%|█▍        | 207/1407 [00:11<01:05, 18.43it/s]
distill-hard epoch 1/2:  15%|█▍        | 210/1407 [00:11<01:01, 19.32it/s]
distill-hard epoch 1/2:  15%|█▌        | 212/1407 [00:11<01:02, 19.17it/s]
distill-hard epoch 1/2:  15%|█▌        | 214/1407 [00:11<01:03, 18.71it/s]
distill-hard epoch 1/2:  15%|█▌        | 216/1407 [00:11<01:03, 18.69it/s]
distill-hard epoch 1/2:  15%|█▌        | 218/1407 [00:11<01:04, 18.56it/s]
distill-hard epoch 1/2:  16%|█▌        | 220/1407 [00:11<01:04, 18.46it/s]
distill-hard epoch 1/2:  16%|█▌        | 223/1407 [00:11<01:01, 19.16it/s]
distill-hard epoch 1/2:  16%|█▌        | 225/1407 [00:11<01:01, 19.10it/s]
distill-hard epoch 1/2:  16%|█▌        | 227/1407 [00:12<01:01, 19.29it/s]
distill-hard epoch 1/2:  16%|█▋        | 229/1407 [00:12<01:01, 19.07it/s]
distill-hard epoch 1/2:  16%|█▋        | 231/1407 [00:12<01:01, 19.18it/s]
distill-hard epoch 1/2:  17%|█▋        | 233/1407 [00:12<01:03, 18.35it/s]
distill-hard epoch 1/2:  17%|█▋        | 235/1407 [00:12<01:05, 18.01it/s]
distill-hard epoch 1/2:  17%|█▋        | 237/1407 [00:12<01:03, 18.37it/s]
distill-hard epoch 1/2:  17%|█▋        | 239/1407 [00:12<01:03, 18.44it/s]
distill-hard epoch 1/2:  17%|█▋        | 241/1407 [00:12<01:01, 18.87it/s]
distill-hard epoch 1/2:  17%|█▋        | 244/1407 [00:12<01:01, 19.03it/s]
distill-hard epoch 1/2:  17%|█▋        | 246/1407 [00:13<01:01, 19.02it/s]
distill-hard epoch 1/2:  18%|█▊        | 248/1407 [00:13<01:00, 19.07it/s]
distill-hard epoch 1/2:  18%|█▊        | 250/1407 [00:13<01:00, 19.13it/s]
distill-hard epoch 1/2:  18%|█▊        | 252/1407 [00:13<01:01, 18.89it/s]
distill-hard epoch 1/2:  18%|█▊        | 254/1407 [00:13<01:01, 18.71it/s]
distill-hard epoch 1/2:  18%|█▊        | 256/1407 [00:13<01:01, 18.64it/s]
distill-hard epoch 1/2:  18%|█▊        | 258/1407 [00:13<01:00, 18.98it/s]
distill-hard epoch 1/2:  18%|█▊        | 260/1407 [00:13<01:00, 19.01it/s]
distill-hard epoch 1/2:  19%|█▊        | 262/1407 [00:13<00:59, 19.21it/s]
distill-hard epoch 1/2:  19%|█▉        | 264/1407 [00:14<00:59, 19.05it/s]
distill-hard epoch 1/2:  19%|█▉        | 266/1407 [00:14<01:00, 18.87it/s]
distill-hard epoch 1/2:  19%|█▉        | 268/1407 [00:14<00:59, 19.01it/s]
distill-hard epoch 1/2:  19%|█▉        | 270/1407 [00:14<00:59, 19.25it/s]
distill-hard epoch 1/2:  19%|█▉        | 272/1407 [00:14<01:00, 18.67it/s]
distill-hard epoch 1/2:  19%|█▉        | 274/1407 [00:14<01:00, 18.85it/s]
distill-hard epoch 1/2:  20%|█▉        | 277/1407 [00:14<00:58, 19.18it/s]
distill-hard epoch 1/2:  20%|█▉        | 279/1407 [00:14<01:00, 18.75it/s]
distill-hard epoch 1/2:  20%|█▉        | 281/1407 [00:14<01:00, 18.63it/s]
distill-hard epoch 1/2:  20%|██        | 283/1407 [00:15<01:00, 18.60it/s]
distill-hard epoch 1/2:  20%|██        | 285/1407 [00:15<01:00, 18.58it/s]
distill-hard epoch 1/2:  20%|██        | 287/1407 [00:15<01:00, 18.66it/s]
distill-hard epoch 1/2:  21%|██        | 290/1407 [00:15<00:57, 19.30it/s]
distill-hard epoch 1/2:  21%|██        | 292/1407 [00:15<00:58, 19.20it/s]
distill-hard epoch 1/2:  21%|██        | 294/1407 [00:15<00:58, 19.11it/s]
distill-hard epoch 1/2:  21%|██        | 296/1407 [00:15<00:58, 19.15it/s]
distill-hard epoch 1/2:  21%|██        | 298/1407 [00:15<00:59, 18.65it/s]
distill-hard epoch 1/2:  21%|██▏       | 300/1407 [00:15<00:59, 18.62it/s]
distill-hard epoch 1/2:  21%|██▏       | 302/1407 [00:16<01:00, 18.34it/s]
distill-hard epoch 1/2:  22%|██▏       | 304/1407 [00:16<01:00, 18.14it/s]
distill-hard epoch 1/2:  22%|██▏       | 306/1407 [00:16<01:00, 18.25it/s]
distill-hard epoch 1/2:  22%|██▏       | 308/1407 [00:16<01:00, 18.20it/s]
distill-hard epoch 1/2:  22%|██▏       | 310/1407 [00:16<00:59, 18.30it/s]
distill-hard epoch 1/2:  22%|██▏       | 312/1407 [00:16<00:58, 18.75it/s]
distill-hard epoch 1/2:  22%|██▏       | 314/1407 [00:16<00:58, 18.75it/s]
distill-hard epoch 1/2:  23%|██▎       | 317/1407 [00:16<00:58, 18.55it/s]
distill-hard epoch 1/2:  23%|██▎       | 319/1407 [00:16<00:57, 18.79it/s]
distill-hard epoch 1/2:  23%|██▎       | 321/1407 [00:17<00:58, 18.51it/s]
distill-hard epoch 1/2:  23%|██▎       | 323/1407 [00:17<00:57, 18.72it/s]
distill-hard epoch 1/2:  23%|██▎       | 325/1407 [00:17<00:57, 18.84it/s]
distill-hard epoch 1/2:  23%|██▎       | 327/1407 [00:17<00:58, 18.55it/s]
distill-hard epoch 1/2:  23%|██▎       | 329/1407 [00:17<00:59, 18.22it/s]
distill-hard epoch 1/2:  24%|██▎       | 331/1407 [00:17<00:58, 18.49it/s]
distill-hard epoch 1/2:  24%|██▎       | 333/1407 [00:17<00:58, 18.49it/s]
distill-hard epoch 1/2:  24%|██▍       | 335/1407 [00:17<00:59, 18.12it/s]
distill-hard epoch 1/2:  24%|██▍       | 337/1407 [00:17<00:57, 18.47it/s]
distill-hard epoch 1/2:  24%|██▍       | 339/1407 [00:18<00:56, 18.75it/s]
distill-hard epoch 1/2:  24%|██▍       | 341/1407 [00:18<00:57, 18.58it/s]
distill-hard epoch 1/2:  24%|██▍       | 343/1407 [00:18<00:56, 18.90it/s]
distill-hard epoch 1/2:  25%|██▍       | 345/1407 [00:18<00:56, 18.88it/s]
distill-hard epoch 1/2:  25%|██▍       | 347/1407 [00:18<00:57, 18.33it/s]
distill-hard epoch 1/2:  25%|██▍       | 349/1407 [00:18<00:57, 18.34it/s]
distill-hard epoch 1/2:  25%|██▍       | 351/1407 [00:18<00:57, 18.45it/s]
distill-hard epoch 1/2:  25%|██▌       | 353/1407 [00:18<00:55, 18.82it/s]
distill-hard epoch 1/2:  25%|██▌       | 355/1407 [00:18<00:54, 19.13it/s]
distill-hard epoch 1/2:  25%|██▌       | 357/1407 [00:18<00:55, 18.97it/s]
distill-hard epoch 1/2:  26%|██▌       | 359/1407 [00:19<00:55, 18.92it/s]
distill-hard epoch 1/2:  26%|██▌       | 361/1407 [00:19<00:56, 18.52it/s]
distill-hard epoch 1/2:  26%|██▌       | 363/1407 [00:19<00:56, 18.40it/s]
distill-hard epoch 1/2:  26%|██▌       | 365/1407 [00:19<00:56, 18.36it/s]
distill-hard epoch 1/2:  26%|██▌       | 367/1407 [00:19<00:55, 18.62it/s]
distill-hard epoch 1/2:  26%|██▌       | 369/1407 [00:19<00:56, 18.24it/s]
distill-hard epoch 1/2:  26%|██▋       | 371/1407 [00:19<00:55, 18.66it/s]
distill-hard epoch 1/2:  27%|██▋       | 373/1407 [00:19<00:55, 18.65it/s]
distill-hard epoch 1/2:  27%|██▋       | 375/1407 [00:19<00:56, 18.11it/s]
distill-hard epoch 1/2:  27%|██▋       | 377/1407 [00:20<00:56, 18.38it/s]
distill-hard epoch 1/2:  27%|██▋       | 379/1407 [00:20<00:55, 18.56it/s]
distill-hard epoch 1/2:  27%|██▋       | 381/1407 [00:20<00:54, 18.96it/s]
distill-hard epoch 1/2:  27%|██▋       | 383/1407 [00:20<00:53, 19.15it/s]
distill-hard epoch 1/2:  27%|██▋       | 385/1407 [00:20<00:53, 19.02it/s]
distill-hard epoch 1/2:  28%|██▊       | 387/1407 [00:20<00:53, 18.99it/s]
distill-hard epoch 1/2:  28%|██▊       | 389/1407 [00:20<00:53, 19.04it/s]
distill-hard epoch 1/2:  28%|██▊       | 391/1407 [00:20<00:52, 19.25it/s]
distill-hard epoch 1/2:  28%|██▊       | 393/1407 [00:20<00:54, 18.54it/s]
distill-hard epoch 1/2:  28%|██▊       | 395/1407 [00:21<00:53, 18.80it/s]
distill-hard epoch 1/2:  28%|██▊       | 397/1407 [00:21<00:53, 18.86it/s]
distill-hard epoch 1/2:  28%|██▊       | 399/1407 [00:21<00:53, 18.77it/s]
distill-hard epoch 1/2:  29%|██▊       | 401/1407 [00:21<00:53, 18.71it/s]
distill-hard epoch 1/2:  29%|██▊       | 403/1407 [00:21<00:53, 18.90it/s]
distill-hard epoch 1/2:  29%|██▉       | 405/1407 [00:21<00:54, 18.54it/s]
distill-hard epoch 1/2:  29%|██▉       | 407/1407 [00:21<00:53, 18.71it/s]
distill-hard epoch 1/2:  29%|██▉       | 409/1407 [00:21<00:52, 18.98it/s]
distill-hard epoch 1/2:  29%|██▉       | 411/1407 [00:21<00:52, 18.98it/s]
distill-hard epoch 1/2:  29%|██▉       | 413/1407 [00:21<00:52, 18.97it/s]
distill-hard epoch 1/2:  29%|██▉       | 415/1407 [00:22<00:53, 18.52it/s]
distill-hard epoch 1/2:  30%|██▉       | 417/1407 [00:22<00:52, 18.76it/s]
distill-hard epoch 1/2:  30%|██▉       | 419/1407 [00:22<00:51, 19.03it/s]
distill-hard epoch 1/2:  30%|██▉       | 421/1407 [00:22<00:51, 19.27it/s]
distill-hard epoch 1/2:  30%|███       | 423/1407 [00:22<00:52, 18.91it/s]
distill-hard epoch 1/2:  30%|███       | 425/1407 [00:22<00:53, 18.48it/s]
distill-hard epoch 1/2:  30%|███       | 427/1407 [00:22<00:52, 18.78it/s]
distill-hard epoch 1/2:  30%|███       | 429/1407 [00:22<00:51, 18.99it/s]
distill-hard epoch 1/2:  31%|███       | 431/1407 [00:22<00:51, 18.92it/s]
distill-hard epoch 1/2:  31%|███       | 433/1407 [00:23<00:51, 18.99it/s]
distill-hard epoch 1/2:  31%|███       | 435/1407 [00:23<00:51, 18.80it/s]
distill-hard epoch 1/2:  31%|███       | 437/1407 [00:23<00:50, 19.12it/s]
distill-hard epoch 1/2:  31%|███       | 439/1407 [00:23<00:51, 18.62it/s]
distill-hard epoch 1/2:  31%|███▏      | 441/1407 [00:23<00:51, 18.71it/s]
distill-hard epoch 1/2:  31%|███▏      | 443/1407 [00:23<00:51, 18.84it/s]
distill-hard epoch 1/2:  32%|███▏      | 445/1407 [00:23<00:51, 18.84it/s]
distill-hard epoch 1/2:  32%|███▏      | 447/1407 [00:23<00:51, 18.82it/s]
distill-hard epoch 1/2:  32%|███▏      | 449/1407 [00:23<00:51, 18.60it/s]
distill-hard epoch 1/2:  32%|███▏      | 451/1407 [00:24<00:50, 18.83it/s]
distill-hard epoch 1/2:  32%|███▏      | 453/1407 [00:24<00:51, 18.59it/s]
distill-hard epoch 1/2:  32%|███▏      | 455/1407 [00:24<00:53, 17.91it/s]
distill-hard epoch 1/2:  32%|███▏      | 457/1407 [00:24<00:52, 18.12it/s]
distill-hard epoch 1/2:  33%|███▎      | 459/1407 [00:24<00:51, 18.43it/s]
distill-hard epoch 1/2:  33%|███▎      | 461/1407 [00:24<00:50, 18.65it/s]
distill-hard epoch 1/2:  33%|███▎      | 463/1407 [00:24<00:50, 18.64it/s]
distill-hard epoch 1/2:  33%|███▎      | 465/1407 [00:24<00:49, 18.87it/s]
distill-hard epoch 1/2:  33%|███▎      | 467/1407 [00:24<00:51, 18.42it/s]
distill-hard epoch 1/2:  33%|███▎      | 469/1407 [00:24<00:51, 18.38it/s]
distill-hard epoch 1/2:  33%|███▎      | 471/1407 [00:25<00:49, 18.73it/s]
distill-hard epoch 1/2:  34%|███▎      | 473/1407 [00:25<00:50, 18.59it/s]
distill-hard epoch 1/2:  34%|███▍      | 475/1407 [00:25<00:50, 18.46it/s]
distill-hard epoch 1/2:  34%|███▍      | 477/1407 [00:25<00:50, 18.46it/s]
distill-hard epoch 1/2:  34%|███▍      | 479/1407 [00:25<00:50, 18.52it/s]
distill-hard epoch 1/2:  34%|███▍      | 481/1407 [00:25<00:49, 18.74it/s]
distill-hard epoch 1/2:  34%|███▍      | 483/1407 [00:25<00:50, 18.36it/s]
distill-hard epoch 1/2:  35%|███▍      | 486/1407 [00:25<00:48, 18.91it/s]
distill-hard epoch 1/2:  35%|███▍      | 488/1407 [00:25<00:48, 19.13it/s]
distill-hard epoch 1/2:  35%|███▍      | 491/1407 [00:26<00:47, 19.11it/s]
distill-hard epoch 1/2:  35%|███▌      | 493/1407 [00:26<00:47, 19.17it/s]
distill-hard epoch 1/2:  35%|███▌      | 495/1407 [00:26<00:47, 19.19it/s]
distill-hard epoch 1/2:  35%|███▌      | 497/1407 [00:26<00:47, 18.98it/s]
distill-hard epoch 1/2:  35%|███▌      | 499/1407 [00:26<00:47, 19.09it/s]
distill-hard epoch 1/2:  36%|███▌      | 501/1407 [00:26<00:47, 18.93it/s]
distill-hard epoch 1/2:  36%|███▌      | 503/1407 [00:26<00:47, 19.08it/s]
distill-hard epoch 1/2:  36%|███▌      | 505/1407 [00:26<00:47, 19.15it/s]
distill-hard epoch 1/2:  36%|███▌      | 507/1407 [00:26<00:47, 19.11it/s]
distill-hard epoch 1/2:  36%|███▌      | 509/1407 [00:27<00:47, 18.92it/s]
distill-hard epoch 1/2:  36%|███▋      | 511/1407 [00:27<00:47, 18.87it/s]
distill-hard epoch 1/2:  36%|███▋      | 513/1407 [00:27<00:47, 18.82it/s]
distill-hard epoch 1/2:  37%|███▋      | 515/1407 [00:27<00:48, 18.48it/s]
distill-hard epoch 1/2:  37%|███▋      | 517/1407 [00:27<00:47, 18.78it/s]
distill-hard epoch 1/2:  37%|███▋      | 520/1407 [00:27<00:45, 19.38it/s]
distill-hard epoch 1/2:  37%|███▋      | 522/1407 [00:27<00:46, 19.08it/s]
distill-hard epoch 1/2:  37%|███▋      | 525/1407 [00:27<00:46, 18.96it/s]
distill-hard epoch 1/2:  37%|███▋      | 527/1407 [00:28<00:46, 18.88it/s]
distill-hard epoch 1/2:  38%|███▊      | 529/1407 [00:28<00:45, 19.10it/s]
distill-hard epoch 1/2:  38%|███▊      | 531/1407 [00:28<00:46, 19.01it/s]
distill-hard epoch 1/2:  38%|███▊      | 533/1407 [00:28<00:45, 19.27it/s]
distill-hard epoch 1/2:  38%|███▊      | 535/1407 [00:28<00:45, 19.17it/s]
distill-hard epoch 1/2:  38%|███▊      | 537/1407 [00:28<00:46, 18.71it/s]
distill-hard epoch 1/2:  38%|███▊      | 539/1407 [00:28<00:45, 19.01it/s]
distill-hard epoch 1/2:  38%|███▊      | 541/1407 [00:28<00:45, 19.14it/s]
distill-hard epoch 1/2:  39%|███▊      | 544/1407 [00:28<00:44, 19.21it/s]
distill-hard epoch 1/2:  39%|███▉      | 546/1407 [00:29<00:44, 19.26it/s]
distill-hard epoch 1/2:  39%|███▉      | 548/1407 [00:29<00:45, 18.98it/s]
distill-hard epoch 1/2:  39%|███▉      | 550/1407 [00:29<00:46, 18.55it/s]
distill-hard epoch 1/2:  39%|███▉      | 552/1407 [00:29<00:45, 18.78it/s]
distill-hard epoch 1/2:  39%|███▉      | 554/1407 [00:29<00:45, 18.67it/s]
distill-hard epoch 1/2:  40%|███▉      | 556/1407 [00:29<00:45, 18.77it/s]
distill-hard epoch 1/2:  40%|███▉      | 558/1407 [00:29<00:44, 18.96it/s]
distill-hard epoch 1/2:  40%|███▉      | 561/1407 [00:29<00:44, 19.11it/s]
distill-hard epoch 1/2:  40%|████      | 563/1407 [00:29<00:44, 18.79it/s]
distill-hard epoch 1/2:  40%|████      | 566/1407 [00:30<00:43, 19.15it/s]
distill-hard epoch 1/2:  40%|████      | 568/1407 [00:30<00:43, 19.09it/s]
distill-hard epoch 1/2:  41%|████      | 570/1407 [00:30<00:43, 19.29it/s]
distill-hard epoch 1/2:  41%|████      | 572/1407 [00:30<00:43, 19.05it/s]
distill-hard epoch 1/2:  41%|████      | 575/1407 [00:30<00:42, 19.41it/s]
distill-hard epoch 1/2:  41%|████      | 577/1407 [00:30<00:44, 18.82it/s]
distill-hard epoch 1/2:  41%|████      | 579/1407 [00:30<00:43, 19.01it/s]
distill-hard epoch 1/2:  41%|████▏     | 581/1407 [00:30<00:42, 19.22it/s]
distill-hard epoch 1/2:  41%|████▏     | 583/1407 [00:30<00:43, 19.15it/s]
distill-hard epoch 1/2:  42%|████▏     | 585/1407 [00:31<00:42, 19.12it/s]
distill-hard epoch 1/2:  42%|████▏     | 587/1407 [00:31<00:42, 19.15it/s]
distill-hard epoch 1/2:  42%|████▏     | 589/1407 [00:31<00:42, 19.17it/s]
distill-hard epoch 1/2:  42%|████▏     | 591/1407 [00:31<00:43, 18.58it/s]
distill-hard epoch 1/2:  42%|████▏     | 593/1407 [00:31<00:43, 18.78it/s]
distill-hard epoch 1/2:  42%|████▏     | 595/1407 [00:31<00:42, 19.06it/s]
distill-hard epoch 1/2:  42%|████▏     | 597/1407 [00:31<00:42, 19.00it/s]
distill-hard epoch 1/2:  43%|████▎     | 599/1407 [00:31<00:42, 18.84it/s]
distill-hard epoch 1/2:  43%|████▎     | 601/1407 [00:31<00:42, 19.03it/s]
distill-hard epoch 1/2:  43%|████▎     | 603/1407 [00:32<00:42, 19.02it/s]
distill-hard epoch 1/2:  43%|████▎     | 605/1407 [00:32<00:43, 18.59it/s]
distill-hard epoch 1/2:  43%|████▎     | 607/1407 [00:32<00:43, 18.58it/s]
distill-hard epoch 1/2:  43%|████▎     | 609/1407 [00:32<00:43, 18.47it/s]
distill-hard epoch 1/2:  43%|████▎     | 611/1407 [00:32<00:43, 18.32it/s]
distill-hard epoch 1/2:  44%|████▎     | 613/1407 [00:32<00:42, 18.59it/s]
distill-hard epoch 1/2:  44%|████▎     | 615/1407 [00:32<00:42, 18.83it/s]
distill-hard epoch 1/2:  44%|████▍     | 617/1407 [00:32<00:41, 19.06it/s]
distill-hard epoch 1/2:  44%|████▍     | 619/1407 [00:32<00:41, 18.87it/s]
distill-hard epoch 1/2:  44%|████▍     | 621/1407 [00:33<00:41, 19.06it/s]
distill-hard epoch 1/2:  44%|████▍     | 623/1407 [00:33<00:41, 18.71it/s]
distill-hard epoch 1/2:  44%|████▍     | 625/1407 [00:33<00:41, 18.92it/s]
distill-hard epoch 1/2:  45%|████▍     | 627/1407 [00:33<00:40, 19.09it/s]
distill-hard epoch 1/2:  45%|████▍     | 629/1407 [00:33<00:40, 19.22it/s]
distill-hard epoch 1/2:  45%|████▍     | 631/1407 [00:33<00:40, 19.28it/s]
distill-hard epoch 1/2:  45%|████▌     | 634/1407 [00:33<00:39, 19.46it/s]
distill-hard epoch 1/2:  45%|████▌     | 636/1407 [00:33<00:39, 19.35it/s]
distill-hard epoch 1/2:  45%|████▌     | 639/1407 [00:33<00:39, 19.43it/s]
distill-hard epoch 1/2:  46%|████▌     | 641/1407 [00:34<00:40, 19.11it/s]
distill-hard epoch 1/2:  46%|████▌     | 643/1407 [00:34<00:41, 18.61it/s]
distill-hard epoch 1/2:  46%|████▌     | 645/1407 [00:34<00:40, 18.64it/s]
distill-hard epoch 1/2:  46%|████▌     | 648/1407 [00:34<00:39, 19.22it/s]
distill-hard epoch 1/2:  46%|████▌     | 650/1407 [00:34<00:40, 18.71it/s]
distill-hard epoch 1/2:  46%|████▋     | 652/1407 [00:34<00:41, 18.34it/s]
distill-hard epoch 1/2:  46%|████▋     | 654/1407 [00:34<00:40, 18.37it/s]
distill-hard epoch 1/2:  47%|████▋     | 656/1407 [00:34<00:40, 18.53it/s]
distill-hard epoch 1/2:  47%|████▋     | 658/1407 [00:34<00:39, 18.80it/s]
distill-hard epoch 1/2:  47%|████▋     | 660/1407 [00:35<00:40, 18.50it/s]
distill-hard epoch 1/2:  47%|████▋     | 662/1407 [00:35<00:40, 18.26it/s]
distill-hard epoch 1/2:  47%|████▋     | 664/1407 [00:35<00:41, 18.06it/s]
distill-hard epoch 1/2:  47%|████▋     | 666/1407 [00:35<00:40, 18.19it/s]
distill-hard epoch 1/2:  47%|████▋     | 668/1407 [00:35<00:40, 18.06it/s]
distill-hard epoch 1/2:  48%|████▊     | 670/1407 [00:35<00:41, 17.84it/s]
distill-hard epoch 1/2:  48%|████▊     | 672/1407 [00:35<00:41, 17.90it/s]
distill-hard epoch 1/2:  48%|████▊     | 674/1407 [00:35<00:39, 18.42it/s]
distill-hard epoch 1/2:  48%|████▊     | 676/1407 [00:35<00:39, 18.59it/s]
distill-hard epoch 1/2:  48%|████▊     | 678/1407 [00:36<00:38, 18.89it/s]
distill-hard epoch 1/2:  48%|████▊     | 680/1407 [00:36<00:39, 18.49it/s]
distill-hard epoch 1/2:  48%|████▊     | 682/1407 [00:36<00:40, 18.10it/s]
distill-hard epoch 1/2:  49%|████▊     | 684/1407 [00:36<00:38, 18.55it/s]
distill-hard epoch 1/2:  49%|████▉     | 686/1407 [00:36<00:39, 18.42it/s]
distill-hard epoch 1/2:  49%|████▉     | 688/1407 [00:36<00:40, 17.97it/s]
distill-hard epoch 1/2:  49%|████▉     | 691/1407 [00:36<00:37, 18.92it/s]
distill-hard epoch 1/2:  49%|████▉     | 693/1407 [00:36<00:37, 18.98it/s]
distill-hard epoch 1/2:  49%|████▉     | 695/1407 [00:36<00:37, 18.97it/s]
distill-hard epoch 1/2:  50%|████▉     | 697/1407 [00:37<00:37, 18.87it/s]
distill-hard epoch 1/2:  50%|████▉     | 699/1407 [00:37<00:37, 18.86it/s]
distill-hard epoch 1/2:  50%|████▉     | 701/1407 [00:37<00:37, 18.84it/s]
distill-hard epoch 1/2:  50%|████▉     | 703/1407 [00:37<00:38, 18.46it/s]
distill-hard epoch 1/2:  50%|█████     | 705/1407 [00:37<00:38, 18.07it/s]
distill-hard epoch 1/2:  50%|█████     | 707/1407 [00:37<00:37, 18.56it/s]
distill-hard epoch 1/2:  50%|█████     | 709/1407 [00:37<00:38, 18.37it/s]
distill-hard epoch 1/2:  51%|█████     | 711/1407 [00:37<00:37, 18.75it/s]
distill-hard epoch 1/2:  51%|█████     | 713/1407 [00:37<00:36, 19.10it/s]
distill-hard epoch 1/2:  51%|█████     | 715/1407 [00:38<00:37, 18.59it/s]
distill-hard epoch 1/2:  51%|█████     | 717/1407 [00:38<00:36, 18.91it/s]
distill-hard epoch 1/2:  51%|█████     | 720/1407 [00:38<00:35, 19.31it/s]
distill-hard epoch 1/2:  51%|█████▏    | 722/1407 [00:38<00:35, 19.43it/s]
distill-hard epoch 1/2:  51%|█████▏    | 724/1407 [00:38<00:35, 19.10it/s]
distill-hard epoch 1/2:  52%|█████▏    | 726/1407 [00:38<00:35, 19.33it/s]
distill-hard epoch 1/2:  52%|█████▏    | 728/1407 [00:38<00:35, 19.10it/s]
distill-hard epoch 1/2:  52%|█████▏    | 730/1407 [00:38<00:36, 18.54it/s]
distill-hard epoch 1/2:  52%|█████▏    | 732/1407 [00:38<00:36, 18.63it/s]
distill-hard epoch 1/2:  52%|█████▏    | 734/1407 [00:39<00:36, 18.39it/s]
distill-hard epoch 1/2:  52%|█████▏    | 736/1407 [00:39<00:36, 18.58it/s]
distill-hard epoch 1/2:  52%|█████▏    | 738/1407 [00:39<00:35, 18.84it/s]
distill-hard epoch 1/2:  53%|█████▎    | 741/1407 [00:39<00:34, 19.16it/s]
distill-hard epoch 1/2:  53%|█████▎    | 743/1407 [00:39<00:35, 18.93it/s]
distill-hard epoch 1/2:  53%|█████▎    | 745/1407 [00:39<00:34, 18.96it/s]
distill-hard epoch 1/2:  53%|█████▎    | 747/1407 [00:39<00:34, 19.06it/s]
distill-hard epoch 1/2:  53%|█████▎    | 749/1407 [00:39<00:34, 18.85it/s]
distill-hard epoch 1/2:  53%|█████▎    | 751/1407 [00:39<00:35, 18.49it/s]
distill-hard epoch 1/2:  54%|█████▎    | 753/1407 [00:40<00:34, 18.81it/s]
distill-hard epoch 1/2:  54%|█████▎    | 755/1407 [00:40<00:35, 18.40it/s]
distill-hard epoch 1/2:  54%|█████▍    | 757/1407 [00:40<00:35, 18.35it/s]
distill-hard epoch 1/2:  54%|█████▍    | 759/1407 [00:40<00:35, 18.32it/s]
distill-hard epoch 1/2:  54%|█████▍    | 761/1407 [00:40<00:35, 18.33it/s]
distill-hard epoch 1/2:  54%|█████▍    | 763/1407 [00:40<00:35, 18.32it/s]
distill-hard epoch 1/2:  54%|█████▍    | 765/1407 [00:40<00:34, 18.59it/s]
distill-hard epoch 1/2:  55%|█████▍    | 767/1407 [00:40<00:34, 18.74it/s]
distill-hard epoch 1/2:  55%|█████▍    | 769/1407 [00:40<00:33, 18.89it/s]
distill-hard epoch 1/2:  55%|█████▍    | 771/1407 [00:41<00:34, 18.60it/s]
distill-hard epoch 1/2:  55%|█████▍    | 773/1407 [00:41<00:34, 18.28it/s]
distill-hard epoch 1/2:  55%|█████▌    | 775/1407 [00:41<00:33, 18.76it/s]
distill-hard epoch 1/2:  55%|█████▌    | 777/1407 [00:41<00:33, 18.80it/s]
distill-hard epoch 1/2:  55%|█████▌    | 779/1407 [00:41<00:33, 18.94it/s]
distill-hard epoch 1/2:  56%|█████▌    | 781/1407 [00:41<00:33, 18.88it/s]
distill-hard epoch 1/2:  56%|█████▌    | 783/1407 [00:41<00:33, 18.77it/s]
distill-hard epoch 1/2:  56%|█████▌    | 785/1407 [00:41<00:32, 19.01it/s]
distill-hard epoch 1/2:  56%|█████▌    | 787/1407 [00:41<00:33, 18.75it/s]
distill-hard epoch 1/2:  56%|█████▌    | 789/1407 [00:41<00:33, 18.22it/s]
distill-hard epoch 1/2:  56%|█████▌    | 791/1407 [00:42<00:32, 18.72it/s]
distill-hard epoch 1/2:  56%|█████▋    | 793/1407 [00:42<00:32, 18.68it/s]
distill-hard epoch 1/2:  57%|█████▋    | 795/1407 [00:42<00:33, 18.18it/s]
distill-hard epoch 1/2:  57%|█████▋    | 797/1407 [00:42<00:33, 18.46it/s]
distill-hard epoch 1/2:  57%|█████▋    | 799/1407 [00:42<00:32, 18.73it/s]
distill-hard epoch 1/2:  57%|█████▋    | 801/1407 [00:42<00:33, 18.34it/s]
distill-hard epoch 1/2:  57%|█████▋    | 803/1407 [00:42<00:32, 18.56it/s]
distill-hard epoch 1/2:  57%|█████▋    | 805/1407 [00:42<00:32, 18.57it/s]
distill-hard epoch 1/2:  57%|█████▋    | 807/1407 [00:42<00:32, 18.48it/s]
distill-hard epoch 1/2:  57%|█████▋    | 809/1407 [00:43<00:32, 18.50it/s]
distill-hard epoch 1/2:  58%|█████▊    | 811/1407 [00:43<00:32, 18.43it/s]
distill-hard epoch 1/2:  58%|█████▊    | 814/1407 [00:43<00:31, 18.85it/s]
distill-hard epoch 1/2:  58%|█████▊    | 816/1407 [00:43<00:31, 18.60it/s]
distill-hard epoch 1/2:  58%|█████▊    | 818/1407 [00:43<00:31, 18.87it/s]
distill-hard epoch 1/2:  58%|█████▊    | 821/1407 [00:43<00:30, 19.38it/s]
distill-hard epoch 1/2:  58%|█████▊    | 823/1407 [00:43<00:30, 19.27it/s]
distill-hard epoch 1/2:  59%|█████▊    | 825/1407 [00:43<00:30, 19.27it/s]
distill-hard epoch 1/2:  59%|█████▉    | 828/1407 [00:44<00:30, 19.29it/s]
distill-hard epoch 1/2:  59%|█████▉    | 830/1407 [00:44<00:30, 19.08it/s]
distill-hard epoch 1/2:  59%|█████▉    | 832/1407 [00:44<00:30, 19.06it/s]
distill-hard epoch 1/2:  59%|█████▉    | 834/1407 [00:44<00:30, 18.49it/s]
distill-hard epoch 1/2:  59%|█████▉    | 836/1407 [00:44<00:31, 18.34it/s]
distill-hard epoch 1/2:  60%|█████▉    | 838/1407 [00:44<00:31, 18.31it/s]
distill-hard epoch 1/2:  60%|█████▉    | 840/1407 [00:44<00:30, 18.49it/s]
distill-hard epoch 1/2:  60%|█████▉    | 842/1407 [00:44<00:30, 18.46it/s]
distill-hard epoch 1/2:  60%|█████▉    | 844/1407 [00:44<00:30, 18.68it/s]
distill-hard epoch 1/2:  60%|██████    | 846/1407 [00:45<00:29, 18.74it/s]
distill-hard epoch 1/2:  60%|██████    | 848/1407 [00:45<00:29, 19.00it/s]
distill-hard epoch 1/2:  60%|██████    | 850/1407 [00:45<00:29, 18.66it/s]
distill-hard epoch 1/2:  61%|██████    | 852/1407 [00:45<00:29, 18.96it/s]
distill-hard epoch 1/2:  61%|██████    | 854/1407 [00:45<00:29, 18.88it/s]
distill-hard epoch 1/2:  61%|██████    | 856/1407 [00:45<00:29, 18.77it/s]
distill-hard epoch 1/2:  61%|██████    | 858/1407 [00:45<00:29, 18.51it/s]
distill-hard epoch 1/2:  61%|██████    | 860/1407 [00:45<00:30, 18.01it/s]
distill-hard epoch 1/2:  61%|██████▏   | 862/1407 [00:45<00:29, 18.25it/s]
distill-hard epoch 1/2:  61%|██████▏   | 864/1407 [00:46<00:29, 18.14it/s]
distill-hard epoch 1/2:  62%|██████▏   | 866/1407 [00:46<00:29, 18.32it/s]
distill-hard epoch 1/2:  62%|██████▏   | 868/1407 [00:46<00:29, 18.31it/s]
distill-hard epoch 1/2:  62%|██████▏   | 870/1407 [00:46<00:29, 18.47it/s]
distill-hard epoch 1/2:  62%|██████▏   | 872/1407 [00:46<00:29, 18.22it/s]
distill-hard epoch 1/2:  62%|██████▏   | 874/1407 [00:46<00:29, 17.94it/s]
distill-hard epoch 1/2:  62%|██████▏   | 876/1407 [00:46<00:28, 18.34it/s]
distill-hard epoch 1/2:  62%|██████▏   | 878/1407 [00:46<00:28, 18.75it/s]
distill-hard epoch 1/2:  63%|██████▎   | 881/1407 [00:46<00:27, 19.35it/s]
distill-hard epoch 1/2:  63%|██████▎   | 883/1407 [00:47<00:26, 19.50it/s]
distill-hard epoch 1/2:  63%|██████▎   | 885/1407 [00:47<00:27, 19.15it/s]
distill-hard epoch 1/2:  63%|██████▎   | 887/1407 [00:47<00:27, 19.17it/s]
distill-hard epoch 1/2:  63%|██████▎   | 889/1407 [00:47<00:27, 18.98it/s]
distill-hard epoch 1/2:  63%|██████▎   | 891/1407 [00:47<00:27, 18.65it/s]
distill-hard epoch 1/2:  63%|██████▎   | 893/1407 [00:47<00:27, 18.84it/s]
distill-hard epoch 1/2:  64%|██████▎   | 895/1407 [00:47<00:27, 18.87it/s]
distill-hard epoch 1/2:  64%|██████▍   | 897/1407 [00:47<00:26, 18.95it/s]
distill-hard epoch 1/2:  64%|██████▍   | 899/1407 [00:47<00:27, 18.69it/s]
distill-hard epoch 1/2:  64%|██████▍   | 901/1407 [00:47<00:26, 18.90it/s]
distill-hard epoch 1/2:  64%|██████▍   | 903/1407 [00:48<00:26, 18.84it/s]
distill-hard epoch 1/2:  64%|██████▍   | 905/1407 [00:48<00:26, 18.88it/s]
distill-hard epoch 1/2:  64%|██████▍   | 907/1407 [00:48<00:26, 18.89it/s]
distill-hard epoch 1/2:  65%|██████▍   | 909/1407 [00:48<00:27, 18.37it/s]
distill-hard epoch 1/2:  65%|██████▍   | 911/1407 [00:48<00:26, 18.66it/s]
distill-hard epoch 1/2:  65%|██████▍   | 914/1407 [00:48<00:26, 18.90it/s]
distill-hard epoch 1/2:  65%|██████▌   | 916/1407 [00:48<00:25, 19.06it/s]
distill-hard epoch 1/2:  65%|██████▌   | 919/1407 [00:48<00:25, 19.35it/s]
distill-hard epoch 1/2:  65%|██████▌   | 921/1407 [00:49<00:25, 18.86it/s]
distill-hard epoch 1/2:  66%|██████▌   | 923/1407 [00:49<00:25, 18.72it/s]
distill-hard epoch 1/2:  66%|██████▌   | 926/1407 [00:49<00:25, 18.88it/s]
distill-hard epoch 1/2:  66%|██████▌   | 928/1407 [00:49<00:25, 18.79it/s]
distill-hard epoch 1/2:  66%|██████▌   | 930/1407 [00:49<00:25, 19.06it/s]
distill-hard epoch 1/2:  66%|██████▌   | 932/1407 [00:49<00:24, 19.12it/s]
distill-hard epoch 1/2:  66%|██████▋   | 934/1407 [00:49<00:25, 18.91it/s]
distill-hard epoch 1/2:  67%|██████▋   | 936/1407 [00:49<00:25, 18.77it/s]
distill-hard epoch 1/2:  67%|██████▋   | 938/1407 [00:49<00:25, 18.43it/s]
distill-hard epoch 1/2:  67%|██████▋   | 940/1407 [00:50<00:25, 18.56it/s]
distill-hard epoch 1/2:  67%|██████▋   | 942/1407 [00:50<00:25, 18.51it/s]
distill-hard epoch 1/2:  67%|██████▋   | 944/1407 [00:50<00:24, 18.79it/s]
distill-hard epoch 1/2:  67%|██████▋   | 946/1407 [00:50<00:24, 18.89it/s]
distill-hard epoch 1/2:  67%|██████▋   | 948/1407 [00:50<00:24, 18.89it/s]
distill-hard epoch 1/2:  68%|██████▊   | 950/1407 [00:50<00:23, 19.19it/s]
distill-hard epoch 1/2:  68%|██████▊   | 952/1407 [00:50<00:23, 19.18it/s]
distill-hard epoch 1/2:  68%|██████▊   | 954/1407 [00:50<00:24, 18.22it/s]
distill-hard epoch 1/2:  68%|██████▊   | 956/1407 [00:50<00:24, 18.42it/s]
distill-hard epoch 1/2:  68%|██████▊   | 958/1407 [00:51<00:23, 18.71it/s]
distill-hard epoch 1/2:  68%|██████▊   | 960/1407 [00:51<00:23, 19.00it/s]
distill-hard epoch 1/2:  68%|██████▊   | 962/1407 [00:51<00:23, 18.81it/s]
distill-hard epoch 1/2:  69%|██████▊   | 964/1407 [00:51<00:23, 18.85it/s]
distill-hard epoch 1/2:  69%|██████▊   | 966/1407 [00:51<00:23, 18.45it/s]
distill-hard epoch 1/2:  69%|██████▉   | 968/1407 [00:51<00:23, 18.82it/s]
distill-hard epoch 1/2:  69%|██████▉   | 970/1407 [00:51<00:23, 18.86it/s]
distill-hard epoch 1/2:  69%|██████▉   | 972/1407 [00:51<00:22, 18.94it/s]
distill-hard epoch 1/2:  69%|██████▉   | 974/1407 [00:51<00:22, 19.00it/s]
distill-hard epoch 1/2:  69%|██████▉   | 976/1407 [00:51<00:22, 19.07it/s]
distill-hard epoch 1/2:  70%|██████▉   | 979/1407 [00:52<00:22, 19.36it/s]
distill-hard epoch 1/2:  70%|██████▉   | 982/1407 [00:52<00:21, 19.50it/s]
distill-hard epoch 1/2:  70%|██████▉   | 984/1407 [00:52<00:22, 19.07it/s]
distill-hard epoch 1/2:  70%|███████   | 986/1407 [00:52<00:22, 19.11it/s]
distill-hard epoch 1/2:  70%|███████   | 988/1407 [00:52<00:21, 19.32it/s]
distill-hard epoch 1/2:  70%|███████   | 990/1407 [00:52<00:21, 19.06it/s]
distill-hard epoch 1/2:  71%|███████   | 992/1407 [00:52<00:22, 18.82it/s]
distill-hard epoch 1/2:  71%|███████   | 994/1407 [00:52<00:21, 18.87it/s]
distill-hard epoch 1/2:  71%|███████   | 996/1407 [00:53<00:21, 18.98it/s]
distill-hard epoch 1/2:  71%|███████   | 998/1407 [00:53<00:21, 19.12it/s]
distill-hard epoch 1/2:  71%|███████   | 1000/1407 [00:53<00:21, 19.27it/s]
distill-hard epoch 1/2:  71%|███████   | 1002/1407 [00:53<00:20, 19.42it/s]
distill-hard epoch 1/2:  71%|███████▏  | 1004/1407 [00:53<00:20, 19.38it/s]
distill-hard epoch 1/2:  72%|███████▏  | 1007/1407 [00:53<00:20, 19.29it/s]
distill-hard epoch 1/2:  72%|███████▏  | 1009/1407 [00:53<00:20, 19.41it/s]
distill-hard epoch 1/2:  72%|███████▏  | 1011/1407 [00:53<00:20, 19.41it/s]
distill-hard epoch 1/2:  72%|███████▏  | 1014/1407 [00:53<00:19, 19.93it/s]
distill-hard epoch 1/2:  72%|███████▏  | 1017/1407 [00:54<00:19, 20.02it/s]
distill-hard epoch 1/2:  72%|███████▏  | 1019/1407 [00:54<00:19, 19.76it/s]
distill-hard epoch 1/2:  73%|███████▎  | 1021/1407 [00:54<00:19, 19.81it/s]
distill-hard epoch 1/2:  73%|███████▎  | 1024/1407 [00:54<00:19, 19.68it/s]
distill-hard epoch 1/2:  73%|███████▎  | 1026/1407 [00:54<00:19, 19.49it/s]
distill-hard epoch 1/2:  73%|███████▎  | 1028/1407 [00:54<00:19, 19.57it/s]
distill-hard epoch 1/2:  73%|███████▎  | 1030/1407 [00:54<00:19, 19.40it/s]
distill-hard epoch 1/2:  73%|███████▎  | 1032/1407 [00:54<00:19, 19.06it/s]
distill-hard epoch 1/2:  74%|███████▎  | 1035/1407 [00:54<00:18, 19.67it/s]
distill-hard epoch 1/2:  74%|███████▎  | 1037/1407 [00:55<00:19, 19.37it/s]
distill-hard epoch 1/2:  74%|███████▍  | 1039/1407 [00:55<00:19, 19.07it/s]
distill-hard epoch 1/2:  74%|███████▍  | 1041/1407 [00:55<00:19, 19.00it/s]
distill-hard epoch 1/2:  74%|███████▍  | 1043/1407 [00:55<00:18, 19.16it/s]
distill-hard epoch 1/2:  74%|███████▍  | 1045/1407 [00:55<00:18, 19.24it/s]
distill-hard epoch 1/2:  74%|███████▍  | 1047/1407 [00:55<00:18, 19.26it/s]
distill-hard epoch 1/2:  75%|███████▍  | 1049/1407 [00:55<00:18, 19.36it/s]
distill-hard epoch 1/2:  75%|███████▍  | 1051/1407 [00:55<00:18, 19.31it/s]
distill-hard epoch 1/2:  75%|███████▍  | 1053/1407 [00:55<00:18, 19.13it/s]
distill-hard epoch 1/2:  75%|███████▍  | 1055/1407 [00:56<00:18, 19.26it/s]
distill-hard epoch 1/2:  75%|███████▌  | 1057/1407 [00:56<00:18, 19.37it/s]
distill-hard epoch 1/2:  75%|███████▌  | 1059/1407 [00:56<00:17, 19.43it/s]
distill-hard epoch 1/2:  75%|███████▌  | 1061/1407 [00:56<00:17, 19.31it/s]
distill-hard epoch 1/2:  76%|███████▌  | 1063/1407 [00:56<00:18, 19.07it/s]
distill-hard epoch 1/2:  76%|███████▌  | 1065/1407 [00:56<00:18, 18.84it/s]
distill-hard epoch 1/2:  76%|███████▌  | 1067/1407 [00:56<00:17, 19.06it/s]
distill-hard epoch 1/2:  76%|███████▌  | 1069/1407 [00:56<00:18, 18.61it/s]
distill-hard epoch 1/2:  76%|███████▌  | 1071/1407 [00:56<00:18, 18.47it/s]
distill-hard epoch 1/2:  76%|███████▋  | 1073/1407 [00:57<00:17, 18.61it/s]
distill-hard epoch 1/2:  76%|███████▋  | 1075/1407 [00:57<00:17, 18.75it/s]
distill-hard epoch 1/2:  77%|███████▋  | 1077/1407 [00:57<00:17, 18.68it/s]
distill-hard epoch 1/2:  77%|███████▋  | 1079/1407 [00:57<00:17, 18.69it/s]
distill-hard epoch 1/2:  77%|███████▋  | 1081/1407 [00:57<00:17, 18.85it/s]
distill-hard epoch 1/2:  77%|███████▋  | 1083/1407 [00:57<00:17, 18.82it/s]
distill-hard epoch 1/2:  77%|███████▋  | 1085/1407 [00:57<00:17, 18.67it/s]
distill-hard epoch 1/2:  77%|███████▋  | 1087/1407 [00:57<00:16, 18.84it/s]
distill-hard epoch 1/2:  77%|███████▋  | 1089/1407 [00:57<00:16, 18.90it/s]
distill-hard epoch 1/2:  78%|███████▊  | 1091/1407 [00:57<00:16, 18.74it/s]
distill-hard epoch 1/2:  78%|███████▊  | 1093/1407 [00:58<00:16, 18.81it/s]
distill-hard epoch 1/2:  78%|███████▊  | 1095/1407 [00:58<00:16, 18.93it/s]
distill-hard epoch 1/2:  78%|███████▊  | 1097/1407 [00:58<00:16, 18.42it/s]
distill-hard epoch 1/2:  78%|███████▊  | 1099/1407 [00:58<00:16, 18.56it/s]
distill-hard epoch 1/2:  78%|███████▊  | 1101/1407 [00:58<00:16, 18.63it/s]
distill-hard epoch 1/2:  78%|███████▊  | 1103/1407 [00:58<00:16, 18.73it/s]
distill-hard epoch 1/2:  79%|███████▊  | 1105/1407 [00:58<00:16, 18.74it/s]
distill-hard epoch 1/2:  79%|███████▊  | 1107/1407 [00:58<00:16, 18.42it/s]
distill-hard epoch 1/2:  79%|███████▉  | 1109/1407 [00:58<00:16, 18.28it/s]
distill-hard epoch 1/2:  79%|███████▉  | 1111/1407 [00:59<00:16, 18.29it/s]
distill-hard epoch 1/2:  79%|███████▉  | 1113/1407 [00:59<00:15, 18.51it/s]
distill-hard epoch 1/2:  79%|███████▉  | 1115/1407 [00:59<00:15, 18.73it/s]
distill-hard epoch 1/2:  79%|███████▉  | 1117/1407 [00:59<00:15, 18.80it/s]
distill-hard epoch 1/2:  80%|███████▉  | 1119/1407 [00:59<00:15, 19.08it/s]
distill-hard epoch 1/2:  80%|███████▉  | 1121/1407 [00:59<00:14, 19.33it/s]
distill-hard epoch 1/2:  80%|███████▉  | 1123/1407 [00:59<00:14, 19.52it/s]
distill-hard epoch 1/2:  80%|███████▉  | 1125/1407 [00:59<00:15, 18.75it/s]
distill-hard epoch 1/2:  80%|████████  | 1127/1407 [00:59<00:14, 18.80it/s]
distill-hard epoch 1/2:  80%|████████  | 1129/1407 [00:59<00:14, 19.05it/s]
distill-hard epoch 1/2:  80%|████████  | 1131/1407 [01:00<00:14, 19.25it/s]
distill-hard epoch 1/2:  81%|████████  | 1133/1407 [01:00<00:14, 18.77it/s]
distill-hard epoch 1/2:  81%|████████  | 1135/1407 [01:00<00:14, 18.92it/s]
distill-hard epoch 1/2:  81%|████████  | 1137/1407 [01:00<00:14, 18.76it/s]
distill-hard epoch 1/2:  81%|████████  | 1139/1407 [01:00<00:14, 18.42it/s]
distill-hard epoch 1/2:  81%|████████  | 1141/1407 [01:00<00:14, 18.15it/s]
distill-hard epoch 1/2:  81%|████████  | 1143/1407 [01:00<00:14, 18.45it/s]
distill-hard epoch 1/2:  81%|████████▏ | 1145/1407 [01:00<00:13, 18.87it/s]
distill-hard epoch 1/2:  82%|████████▏ | 1147/1407 [01:00<00:13, 18.80it/s]
distill-hard epoch 1/2:  82%|████████▏ | 1149/1407 [01:01<00:13, 18.85it/s]
distill-hard epoch 1/2:  82%|████████▏ | 1151/1407 [01:01<00:13, 18.60it/s]
distill-hard epoch 1/2:  82%|████████▏ | 1153/1407 [01:01<00:13, 18.53it/s]
distill-hard epoch 1/2:  82%|████████▏ | 1155/1407 [01:01<00:13, 18.70it/s]
distill-hard epoch 1/2:  82%|████████▏ | 1157/1407 [01:01<00:13, 18.37it/s]
distill-hard epoch 1/2:  82%|████████▏ | 1159/1407 [01:01<00:13, 18.60it/s]
distill-hard epoch 1/2:  83%|████████▎ | 1161/1407 [01:01<00:13, 18.56it/s]
distill-hard epoch 1/2:  83%|████████▎ | 1163/1407 [01:01<00:13, 18.70it/s]
distill-hard epoch 1/2:  83%|████████▎ | 1165/1407 [01:01<00:13, 18.57it/s]
distill-hard epoch 1/2:  83%|████████▎ | 1167/1407 [01:02<00:12, 18.48it/s]
distill-hard epoch 1/2:  83%|████████▎ | 1169/1407 [01:02<00:12, 18.69it/s]
distill-hard epoch 1/2:  83%|████████▎ | 1171/1407 [01:02<00:12, 18.62it/s]
distill-hard epoch 1/2:  83%|████████▎ | 1173/1407 [01:02<00:12, 18.28it/s]
distill-hard epoch 1/2:  84%|████████▎ | 1175/1407 [01:02<00:12, 18.30it/s]
distill-hard epoch 1/2:  84%|████████▎ | 1177/1407 [01:02<00:12, 18.65it/s]
distill-hard epoch 1/2:  84%|████████▍ | 1179/1407 [01:02<00:12, 18.75it/s]
distill-hard epoch 1/2:  84%|████████▍ | 1181/1407 [01:02<00:12, 18.66it/s]
distill-hard epoch 1/2:  84%|████████▍ | 1183/1407 [01:02<00:12, 18.66it/s]
distill-hard epoch 1/2:  84%|████████▍ | 1185/1407 [01:02<00:11, 19.00it/s]
distill-hard epoch 1/2:  84%|████████▍ | 1187/1407 [01:03<00:11, 18.94it/s]
distill-hard epoch 1/2:  85%|████████▍ | 1189/1407 [01:03<00:11, 18.65it/s]
distill-hard epoch 1/2:  85%|████████▍ | 1191/1407 [01:03<00:11, 18.71it/s]
distill-hard epoch 1/2:  85%|████████▍ | 1193/1407 [01:03<00:11, 18.90it/s]
distill-hard epoch 1/2:  85%|████████▍ | 1195/1407 [01:03<00:11, 18.81it/s]
distill-hard epoch 1/2:  85%|████████▌ | 1197/1407 [01:03<00:11, 18.42it/s]
distill-hard epoch 1/2:  85%|████████▌ | 1199/1407 [01:03<00:11, 18.33it/s]
distill-hard epoch 1/2:  85%|████████▌ | 1201/1407 [01:03<00:11, 18.62it/s]
distill-hard epoch 1/2:  86%|████████▌ | 1203/1407 [01:03<00:10, 18.77it/s]
distill-hard epoch 1/2:  86%|████████▌ | 1206/1407 [01:04<00:10, 18.98it/s]
distill-hard epoch 1/2:  86%|████████▌ | 1208/1407 [01:04<00:10, 18.94it/s]
distill-hard epoch 1/2:  86%|████████▌ | 1210/1407 [01:04<00:10, 19.03it/s]
distill-hard epoch 1/2:  86%|████████▌ | 1212/1407 [01:04<00:10, 18.59it/s]
distill-hard epoch 1/2:  86%|████████▋ | 1214/1407 [01:04<00:10, 18.41it/s]
distill-hard epoch 1/2:  86%|████████▋ | 1216/1407 [01:04<00:10, 18.39it/s]
distill-hard epoch 1/2:  87%|████████▋ | 1218/1407 [01:04<00:10, 18.57it/s]
distill-hard epoch 1/2:  87%|████████▋ | 1220/1407 [01:04<00:10, 18.56it/s]
distill-hard epoch 1/2:  87%|████████▋ | 1222/1407 [01:04<00:10, 18.33it/s]
distill-hard epoch 1/2:  87%|████████▋ | 1224/1407 [01:05<00:10, 18.10it/s]
distill-hard epoch 1/2:  87%|████████▋ | 1226/1407 [01:05<00:10, 18.10it/s]
distill-hard epoch 1/2:  87%|████████▋ | 1228/1407 [01:05<00:09, 18.23it/s]
distill-hard epoch 1/2:  87%|████████▋ | 1230/1407 [01:05<00:09, 18.28it/s]
distill-hard epoch 1/2:  88%|████████▊ | 1232/1407 [01:05<00:09, 18.64it/s]
distill-hard epoch 1/2:  88%|████████▊ | 1234/1407 [01:05<00:09, 18.33it/s]
distill-hard epoch 1/2:  88%|████████▊ | 1236/1407 [01:05<00:09, 18.20it/s]
distill-hard epoch 1/2:  88%|████████▊ | 1238/1407 [01:05<00:09, 18.53it/s]
distill-hard epoch 1/2:  88%|████████▊ | 1240/1407 [01:05<00:08, 18.94it/s]
distill-hard epoch 1/2:  88%|████████▊ | 1242/1407 [01:06<00:12, 13.14it/s]
distill-hard epoch 1/2:  88%|████████▊ | 1244/1407 [01:06<00:11, 14.03it/s]
distill-hard epoch 1/2:  89%|████████▊ | 1246/1407 [01:06<00:10, 15.12it/s]
distill-hard epoch 1/2:  89%|████████▊ | 1248/1407 [01:06<00:09, 15.93it/s]
distill-hard epoch 1/2:  89%|████████▉ | 1250/1407 [01:06<00:09, 16.48it/s]
distill-hard epoch 1/2:  89%|████████▉ | 1252/1407 [01:06<00:09, 16.91it/s]
distill-hard epoch 1/2:  89%|████████▉ | 1254/1407 [01:06<00:08, 17.65it/s]
distill-hard epoch 1/2:  89%|████████▉ | 1256/1407 [01:06<00:08, 18.22it/s]
distill-hard epoch 1/2:  89%|████████▉ | 1259/1407 [01:07<00:07, 18.91it/s]
distill-hard epoch 1/2:  90%|████████▉ | 1261/1407 [01:07<00:07, 19.05it/s]
distill-hard epoch 1/2:  90%|████████▉ | 1263/1407 [01:07<00:07, 19.21it/s]
distill-hard epoch 1/2:  90%|████████▉ | 1265/1407 [01:07<00:07, 18.86it/s]
distill-hard epoch 1/2:  90%|█████████ | 1268/1407 [01:07<00:07, 19.22it/s]
distill-hard epoch 1/2:  90%|█████████ | 1270/1407 [01:07<00:07, 18.75it/s]
distill-hard epoch 1/2:  90%|█████████ | 1272/1407 [01:07<00:07, 18.78it/s]
distill-hard epoch 1/2:  91%|█████████ | 1274/1407 [01:07<00:06, 19.01it/s]
distill-hard epoch 1/2:  91%|█████████ | 1277/1407 [01:08<00:06, 18.76it/s]
distill-hard epoch 1/2:  91%|█████████ | 1279/1407 [01:08<00:06, 18.86it/s]
distill-hard epoch 1/2:  91%|█████████ | 1281/1407 [01:08<00:06, 18.75it/s]
distill-hard epoch 1/2:  91%|█████████ | 1283/1407 [01:08<00:06, 18.45it/s]
distill-hard epoch 1/2:  91%|█████████▏| 1286/1407 [01:08<00:06, 18.91it/s]
distill-hard epoch 1/2:  92%|█████████▏| 1288/1407 [01:08<00:06, 18.73it/s]
distill-hard epoch 1/2:  92%|█████████▏| 1290/1407 [01:08<00:06, 18.82it/s]
distill-hard epoch 1/2:  92%|█████████▏| 1292/1407 [01:08<00:06, 18.83it/s]
distill-hard epoch 1/2:  92%|█████████▏| 1294/1407 [01:08<00:05, 18.88it/s]
distill-hard epoch 1/2:  92%|█████████▏| 1296/1407 [01:09<00:05, 18.88it/s]
distill-hard epoch 1/2:  92%|█████████▏| 1298/1407 [01:09<00:05, 19.02it/s]
distill-hard epoch 1/2:  92%|█████████▏| 1300/1407 [01:09<00:05, 19.03it/s]
distill-hard epoch 1/2:  93%|█████████▎| 1303/1407 [01:09<00:05, 19.29it/s]
distill-hard epoch 1/2:  93%|█████████▎| 1306/1407 [01:09<00:05, 19.53it/s]
distill-hard epoch 1/2:  93%|█████████▎| 1308/1407 [01:09<00:05, 19.63it/s]
distill-hard epoch 1/2:  93%|█████████▎| 1310/1407 [01:09<00:04, 19.51it/s]
distill-hard epoch 1/2:  93%|█████████▎| 1312/1407 [01:09<00:04, 19.19it/s]
distill-hard epoch 1/2:  93%|█████████▎| 1314/1407 [01:10<00:05, 18.53it/s]
distill-hard epoch 1/2:  94%|█████████▎| 1316/1407 [01:10<00:04, 18.75it/s]
distill-hard epoch 1/2:  94%|█████████▎| 1318/1407 [01:10<00:04, 18.55it/s]
distill-hard epoch 1/2:  94%|█████████▍| 1320/1407 [01:10<00:04, 18.18it/s]
distill-hard epoch 1/2:  94%|█████████▍| 1322/1407 [01:10<00:04, 18.37it/s]
distill-hard epoch 1/2:  94%|█████████▍| 1324/1407 [01:10<00:04, 18.67it/s]
distill-hard epoch 1/2:  94%|█████████▍| 1326/1407 [01:10<00:04, 19.05it/s]
distill-hard epoch 1/2:  94%|█████████▍| 1329/1407 [01:10<00:04, 19.34it/s]
distill-hard epoch 1/2:  95%|█████████▍| 1331/1407 [01:10<00:03, 19.06it/s]
distill-hard epoch 1/2:  95%|█████████▍| 1333/1407 [01:11<00:03, 18.88it/s]
distill-hard epoch 1/2:  95%|█████████▍| 1335/1407 [01:11<00:03, 18.68it/s]
distill-hard epoch 1/2:  95%|█████████▌| 1337/1407 [01:11<00:03, 18.52it/s]
distill-hard epoch 1/2:  95%|█████████▌| 1339/1407 [01:11<00:03, 18.50it/s]
distill-hard epoch 1/2:  95%|█████████▌| 1341/1407 [01:11<00:03, 18.71it/s]
distill-hard epoch 1/2:  95%|█████████▌| 1343/1407 [01:11<00:03, 18.71it/s]
distill-hard epoch 1/2:  96%|█████████▌| 1345/1407 [01:11<00:03, 18.20it/s]
distill-hard epoch 1/2:  96%|█████████▌| 1347/1407 [01:11<00:03, 18.45it/s]
distill-hard epoch 1/2:  96%|█████████▌| 1349/1407 [01:11<00:03, 18.60it/s]
distill-hard epoch 1/2:  96%|█████████▌| 1352/1407 [01:12<00:02, 18.50it/s]
distill-hard epoch 1/2:  96%|█████████▌| 1354/1407 [01:12<00:02, 18.21it/s]
distill-hard epoch 1/2:  96%|█████████▋| 1356/1407 [01:12<00:02, 18.21it/s]
distill-hard epoch 1/2:  97%|█████████▋| 1358/1407 [01:12<00:02, 18.49it/s]
distill-hard epoch 1/2:  97%|█████████▋| 1360/1407 [01:12<00:02, 18.51it/s]
distill-hard epoch 1/2:  97%|█████████▋| 1362/1407 [01:12<00:02, 18.51it/s]
distill-hard epoch 1/2:  97%|█████████▋| 1364/1407 [01:12<00:02, 18.77it/s]
distill-hard epoch 1/2:  97%|█████████▋| 1366/1407 [01:12<00:02, 18.69it/s]
distill-hard epoch 1/2:  97%|█████████▋| 1368/1407 [01:12<00:02, 18.96it/s]
distill-hard epoch 1/2:  97%|█████████▋| 1371/1407 [01:13<00:01, 19.11it/s]
distill-hard epoch 1/2:  98%|█████████▊| 1373/1407 [01:13<00:01, 18.95it/s]
distill-hard epoch 1/2:  98%|█████████▊| 1375/1407 [01:13<00:01, 18.91it/s]
distill-hard epoch 1/2:  98%|█████████▊| 1377/1407 [01:13<00:01, 18.97it/s]
distill-hard epoch 1/2:  98%|█████████▊| 1380/1407 [01:13<00:01, 19.44it/s]
distill-hard epoch 1/2:  98%|█████████▊| 1382/1407 [01:13<00:01, 19.35it/s]
distill-hard epoch 1/2:  98%|█████████▊| 1384/1407 [01:13<00:01, 19.19it/s]
distill-hard epoch 1/2:  99%|█████████▊| 1386/1407 [01:13<00:01, 18.88it/s]
distill-hard epoch 1/2:  99%|█████████▊| 1388/1407 [01:13<00:01, 18.66it/s]
distill-hard epoch 1/2:  99%|█████████▉| 1390/1407 [01:14<00:00, 18.44it/s]
distill-hard epoch 1/2:  99%|█████████▉| 1392/1407 [01:14<00:00, 18.87it/s]
distill-hard epoch 1/2:  99%|█████████▉| 1394/1407 [01:14<00:00, 18.80it/s]
distill-hard epoch 1/2:  99%|█████████▉| 1396/1407 [01:14<00:00, 18.64it/s]
distill-hard epoch 1/2:  99%|█████████▉| 1398/1407 [01:14<00:00, 18.56it/s]
distill-hard epoch 1/2: 100%|█████████▉| 1400/1407 [01:14<00:00, 18.57it/s]
distill-hard epoch 1/2: 100%|█████████▉| 1402/1407 [01:14<00:00, 18.37it/s]
distill-hard epoch 1/2: 100%|█████████▉| 1404/1407 [01:14<00:00, 18.66it/s]
distill-hard epoch 1/2: 100%|█████████▉| 1406/1407 [01:14<00:00, 18.04it/s]
  loss=0.1979 dev_acc=0.8739 (75s)
                                                                           

distill-hard epoch 2/2:   0%|          | 0/1407 [00:00<?, ?it/s]
distill-hard epoch 2/2:   0%|          | 2/1407 [00:00<01:13, 19.20it/s]
distill-hard epoch 2/2:   0%|          | 5/1407 [00:00<01:11, 19.60it/s]
distill-hard epoch 2/2:   0%|          | 7/1407 [00:00<01:12, 19.43it/s]
distill-hard epoch 2/2:   1%|          | 9/1407 [00:00<01:11, 19.46it/s]
distill-hard epoch 2/2:   1%|          | 11/1407 [00:00<01:12, 19.29it/s]
distill-hard epoch 2/2:   1%|          | 13/1407 [00:00<01:12, 19.26it/s]
distill-hard epoch 2/2:   1%|          | 15/1407 [00:00<01:14, 18.74it/s]
distill-hard epoch 2/2:   1%|          | 17/1407 [00:00<01:13, 19.02it/s]
distill-hard epoch 2/2:   1%|▏         | 19/1407 [00:00<01:13, 18.93it/s]
distill-hard epoch 2/2:   1%|▏         | 21/1407 [00:01<01:13, 18.75it/s]
distill-hard epoch 2/2:   2%|▏         | 23/1407 [00:01<01:15, 18.38it/s]
distill-hard epoch 2/2:   2%|▏         | 25/1407 [00:01<01:15, 18.26it/s]
distill-hard epoch 2/2:   2%|▏         | 27/1407 [00:01<01:15, 18.21it/s]
distill-hard epoch 2/2:   2%|▏         | 29/1407 [00:01<01:14, 18.46it/s]
distill-hard epoch 2/2:   2%|▏         | 31/1407 [00:01<01:13, 18.67it/s]
distill-hard epoch 2/2:   2%|▏         | 33/1407 [00:01<01:14, 18.50it/s]
distill-hard epoch 2/2:   2%|▏         | 35/1407 [00:01<01:13, 18.78it/s]
distill-hard epoch 2/2:   3%|▎         | 37/1407 [00:01<01:13, 18.71it/s]
distill-hard epoch 2/2:   3%|▎         | 39/1407 [00:02<01:14, 18.28it/s]
distill-hard epoch 2/2:   3%|▎         | 41/1407 [00:02<01:15, 18.10it/s]
distill-hard epoch 2/2:   3%|▎         | 43/1407 [00:02<01:14, 18.24it/s]
distill-hard epoch 2/2:   3%|▎         | 45/1407 [00:02<01:13, 18.62it/s]
distill-hard epoch 2/2:   3%|▎         | 47/1407 [00:02<01:13, 18.58it/s]
distill-hard epoch 2/2:   3%|▎         | 49/1407 [00:02<01:13, 18.45it/s]
distill-hard epoch 2/2:   4%|▎         | 51/1407 [00:02<01:13, 18.56it/s]
distill-hard epoch 2/2:   4%|▍         | 54/1407 [00:02<01:10, 19.23it/s]
distill-hard epoch 2/2:   4%|▍         | 56/1407 [00:02<01:09, 19.42it/s]
distill-hard epoch 2/2:   4%|▍         | 58/1407 [00:03<01:11, 18.94it/s]
distill-hard epoch 2/2:   4%|▍         | 60/1407 [00:03<01:10, 19.12it/s]
distill-hard epoch 2/2:   4%|▍         | 62/1407 [00:03<01:09, 19.26it/s]
distill-hard epoch 2/2:   5%|▍         | 65/1407 [00:03<01:09, 19.26it/s]
distill-hard epoch 2/2:   5%|▍         | 68/1407 [00:03<01:08, 19.45it/s]
distill-hard epoch 2/2:   5%|▍         | 70/1407 [00:03<01:10, 18.88it/s]
distill-hard epoch 2/2:   5%|▌         | 72/1407 [00:03<01:10, 19.02it/s]
distill-hard epoch 2/2:   5%|▌         | 74/1407 [00:03<01:10, 18.91it/s]
distill-hard epoch 2/2:   5%|▌         | 76/1407 [00:04<01:13, 18.21it/s]
distill-hard epoch 2/2:   6%|▌         | 78/1407 [00:04<01:11, 18.55it/s]
distill-hard epoch 2/2:   6%|▌         | 80/1407 [00:04<01:10, 18.70it/s]
distill-hard epoch 2/2:   6%|▌         | 82/1407 [00:04<01:09, 19.03it/s]
distill-hard epoch 2/2:   6%|▌         | 84/1407 [00:04<01:09, 18.98it/s]
distill-hard epoch 2/2:   6%|▌         | 86/1407 [00:04<01:09, 19.11it/s]
distill-hard epoch 2/2:   6%|▋         | 88/1407 [00:04<01:10, 18.80it/s]
distill-hard epoch 2/2:   6%|▋         | 91/1407 [00:04<01:08, 19.16it/s]
distill-hard epoch 2/2:   7%|▋         | 93/1407 [00:04<01:08, 19.31it/s]
distill-hard epoch 2/2:   7%|▋         | 95/1407 [00:05<01:09, 18.76it/s]
distill-hard epoch 2/2:   7%|▋         | 97/1407 [00:05<01:11, 18.37it/s]
distill-hard epoch 2/2:   7%|▋         | 99/1407 [00:05<01:10, 18.60it/s]
distill-hard epoch 2/2:   7%|▋         | 101/1407 [00:05<01:09, 18.79it/s]
distill-hard epoch 2/2:   7%|▋         | 103/1407 [00:05<01:09, 18.75it/s]
distill-hard epoch 2/2:   7%|▋         | 105/1407 [00:05<01:08, 18.90it/s]
distill-hard epoch 2/2:   8%|▊         | 107/1407 [00:05<01:09, 18.73it/s]
distill-hard epoch 2/2:   8%|▊         | 109/1407 [00:05<01:08, 18.84it/s]
distill-hard epoch 2/2:   8%|▊         | 111/1407 [00:05<01:09, 18.73it/s]
distill-hard epoch 2/2:   8%|▊         | 113/1407 [00:06<01:08, 18.98it/s]
distill-hard epoch 2/2:   8%|▊         | 115/1407 [00:06<01:07, 19.04it/s]
distill-hard epoch 2/2:   8%|▊         | 117/1407 [00:06<01:07, 19.13it/s]
distill-hard epoch 2/2:   8%|▊         | 119/1407 [00:06<01:09, 18.43it/s]
distill-hard epoch 2/2:   9%|▊         | 121/1407 [00:06<01:09, 18.54it/s]
distill-hard epoch 2/2:   9%|▊         | 123/1407 [00:06<01:08, 18.66it/s]
distill-hard epoch 2/2:   9%|▉         | 125/1407 [00:06<01:08, 18.78it/s]
distill-hard epoch 2/2:   9%|▉         | 127/1407 [00:06<01:08, 18.65it/s]
distill-hard epoch 2/2:   9%|▉         | 129/1407 [00:06<01:08, 18.60it/s]
distill-hard epoch 2/2:   9%|▉         | 132/1407 [00:07<01:06, 19.20it/s]
distill-hard epoch 2/2:  10%|▉         | 135/1407 [00:07<01:05, 19.35it/s]
distill-hard epoch 2/2:  10%|▉         | 138/1407 [00:07<01:05, 19.48it/s]
distill-hard epoch 2/2:  10%|▉         | 140/1407 [00:07<01:05, 19.38it/s]
distill-hard epoch 2/2:  10%|█         | 142/1407 [00:07<01:04, 19.46it/s]
distill-hard epoch 2/2:  10%|█         | 144/1407 [00:07<01:06, 19.06it/s]
distill-hard epoch 2/2:  10%|█         | 146/1407 [00:07<01:07, 18.71it/s]
distill-hard epoch 2/2:  11%|█         | 148/1407 [00:07<01:06, 18.98it/s]
distill-hard epoch 2/2:  11%|█         | 150/1407 [00:07<01:05, 19.19it/s]
distill-hard epoch 2/2:  11%|█         | 152/1407 [00:08<01:05, 19.30it/s]
distill-hard epoch 2/2:  11%|█         | 154/1407 [00:08<01:04, 19.49it/s]
distill-hard epoch 2/2:  11%|█         | 156/1407 [00:08<01:04, 19.31it/s]
distill-hard epoch 2/2:  11%|█         | 158/1407 [00:08<01:04, 19.30it/s]
distill-hard epoch 2/2:  11%|█▏        | 160/1407 [00:08<01:03, 19.49it/s]
distill-hard epoch 2/2:  12%|█▏        | 162/1407 [00:08<01:05, 18.98it/s]
distill-hard epoch 2/2:  12%|█▏        | 164/1407 [00:08<01:04, 19.14it/s]
distill-hard epoch 2/2:  12%|█▏        | 166/1407 [00:08<01:05, 18.96it/s]
distill-hard epoch 2/2:  12%|█▏        | 168/1407 [00:08<01:05, 18.98it/s]
distill-hard epoch 2/2:  12%|█▏        | 170/1407 [00:08<01:05, 18.85it/s]
distill-hard epoch 2/2:  12%|█▏        | 172/1407 [00:09<01:05, 18.91it/s]
distill-hard epoch 2/2:  12%|█▏        | 174/1407 [00:09<01:05, 18.79it/s]
distill-hard epoch 2/2:  13%|█▎        | 176/1407 [00:09<01:05, 18.87it/s]
distill-hard epoch 2/2:  13%|█▎        | 178/1407 [00:09<01:04, 19.02it/s]
distill-hard epoch 2/2:  13%|█▎        | 180/1407 [00:09<01:04, 19.02it/s]
distill-hard epoch 2/2:  13%|█▎        | 182/1407 [00:09<01:05, 18.57it/s]
distill-hard epoch 2/2:  13%|█▎        | 184/1407 [00:09<01:06, 18.45it/s]
distill-hard epoch 2/2:  13%|█▎        | 186/1407 [00:09<01:05, 18.59it/s]
distill-hard epoch 2/2:  13%|█▎        | 188/1407 [00:09<01:04, 18.90it/s]
distill-hard epoch 2/2:  14%|█▎        | 191/1407 [00:10<01:03, 19.17it/s]
distill-hard epoch 2/2:  14%|█▎        | 193/1407 [00:10<01:05, 18.56it/s]
distill-hard epoch 2/2:  14%|█▍        | 195/1407 [00:10<01:04, 18.78it/s]
distill-hard epoch 2/2:  14%|█▍        | 197/1407 [00:10<01:05, 18.56it/s]
distill-hard epoch 2/2:  14%|█▍        | 199/1407 [00:10<01:04, 18.71it/s]
distill-hard epoch 2/2:  14%|█▍        | 201/1407 [00:10<01:05, 18.55it/s]
distill-hard epoch 2/2:  14%|█▍        | 203/1407 [00:10<01:03, 18.89it/s]
distill-hard epoch 2/2:  15%|█▍        | 205/1407 [00:10<01:04, 18.74it/s]
distill-hard epoch 2/2:  15%|█▍        | 207/1407 [00:10<01:03, 18.94it/s]
distill-hard epoch 2/2:  15%|█▍        | 209/1407 [00:11<01:04, 18.57it/s]
distill-hard epoch 2/2:  15%|█▍        | 211/1407 [00:11<01:04, 18.46it/s]
distill-hard epoch 2/2:  15%|█▌        | 213/1407 [00:11<01:04, 18.63it/s]
distill-hard epoch 2/2:  15%|█▌        | 215/1407 [00:11<01:03, 18.74it/s]
distill-hard epoch 2/2:  15%|█▌        | 217/1407 [00:11<01:03, 18.71it/s]
distill-hard epoch 2/2:  16%|█▌        | 219/1407 [00:11<01:03, 18.77it/s]
distill-hard epoch 2/2:  16%|█▌        | 221/1407 [00:11<01:03, 18.63it/s]
distill-hard epoch 2/2:  16%|█▌        | 223/1407 [00:11<01:05, 18.14it/s]
distill-hard epoch 2/2:  16%|█▌        | 225/1407 [00:11<01:05, 18.05it/s]
distill-hard epoch 2/2:  16%|█▌        | 228/1407 [00:12<01:02, 18.85it/s]
distill-hard epoch 2/2:  16%|█▋        | 230/1407 [00:12<01:02, 18.87it/s]
distill-hard epoch 2/2:  16%|█▋        | 232/1407 [00:12<01:02, 18.86it/s]
distill-hard epoch 2/2:  17%|█▋        | 234/1407 [00:12<01:01, 19.07it/s]
distill-hard epoch 2/2:  17%|█▋        | 236/1407 [00:12<01:03, 18.30it/s]
distill-hard epoch 2/2:  17%|█▋        | 238/1407 [00:12<01:02, 18.64it/s]
distill-hard epoch 2/2:  17%|█▋        | 240/1407 [00:12<01:02, 18.60it/s]
distill-hard epoch 2/2:  17%|█▋        | 242/1407 [00:12<01:03, 18.49it/s]
distill-hard epoch 2/2:  17%|█▋        | 244/1407 [00:12<01:02, 18.70it/s]
distill-hard epoch 2/2:  17%|█▋        | 246/1407 [00:13<01:01, 18.80it/s]
distill-hard epoch 2/2:  18%|█▊        | 248/1407 [00:13<01:00, 19.04it/s]
distill-hard epoch 2/2:  18%|█▊        | 250/1407 [00:13<01:01, 18.88it/s]
distill-hard epoch 2/2:  18%|█▊        | 253/1407 [00:13<00:59, 19.36it/s]
distill-hard epoch 2/2:  18%|█▊        | 255/1407 [00:13<01:00, 19.07it/s]
distill-hard epoch 2/2:  18%|█▊        | 257/1407 [00:13<01:00, 18.92it/s]
distill-hard epoch 2/2:  18%|█▊        | 260/1407 [00:13<01:00, 18.97it/s]
distill-hard epoch 2/2:  19%|█▊        | 262/1407 [00:13<01:00, 19.07it/s]
distill-hard epoch 2/2:  19%|█▉        | 264/1407 [00:14<01:01, 18.59it/s]
distill-hard epoch 2/2:  19%|█▉        | 266/1407 [00:14<01:01, 18.69it/s]
distill-hard epoch 2/2:  19%|█▉        | 268/1407 [00:14<00:59, 18.99it/s]
distill-hard epoch 2/2:  19%|█▉        | 270/1407 [00:14<00:59, 18.99it/s]
distill-hard epoch 2/2:  19%|█▉        | 272/1407 [00:14<00:59, 19.22it/s]
distill-hard epoch 2/2:  19%|█▉        | 274/1407 [00:14<00:58, 19.35it/s]
distill-hard epoch 2/2:  20%|█▉        | 276/1407 [00:14<00:58, 19.48it/s]
distill-hard epoch 2/2:  20%|█▉        | 278/1407 [00:14<00:58, 19.36it/s]
distill-hard epoch 2/2:  20%|█▉        | 280/1407 [00:14<00:58, 19.24it/s]
distill-hard epoch 2/2:  20%|██        | 282/1407 [00:14<00:58, 19.08it/s]
distill-hard epoch 2/2:  20%|██        | 284/1407 [00:15<00:58, 19.15it/s]
distill-hard epoch 2/2:  20%|██        | 286/1407 [00:15<00:59, 18.98it/s]
distill-hard epoch 2/2:  20%|██        | 288/1407 [00:15<01:00, 18.48it/s]
distill-hard epoch 2/2:  21%|██        | 290/1407 [00:15<00:59, 18.68it/s]
distill-hard epoch 2/2:  21%|██        | 292/1407 [00:15<00:58, 18.98it/s]
distill-hard epoch 2/2:  21%|██        | 294/1407 [00:15<00:58, 18.89it/s]
distill-hard epoch 2/2:  21%|██        | 297/1407 [00:15<00:57, 19.33it/s]
distill-hard epoch 2/2:  21%|██▏       | 299/1407 [00:15<00:58, 19.03it/s]
distill-hard epoch 2/2:  21%|██▏       | 301/1407 [00:15<00:58, 18.79it/s]
distill-hard epoch 2/2:  22%|██▏       | 304/1407 [00:16<00:57, 19.20it/s]
distill-hard epoch 2/2:  22%|██▏       | 306/1407 [00:16<00:57, 19.13it/s]
distill-hard epoch 2/2:  22%|██▏       | 308/1407 [00:16<00:58, 18.89it/s]
distill-hard epoch 2/2:  22%|██▏       | 310/1407 [00:16<00:57, 19.10it/s]
distill-hard epoch 2/2:  22%|██▏       | 312/1407 [00:16<00:57, 18.94it/s]
distill-hard epoch 2/2:  22%|██▏       | 314/1407 [00:16<00:58, 18.75it/s]
distill-hard epoch 2/2:  22%|██▏       | 316/1407 [00:16<00:57, 18.83it/s]
distill-hard epoch 2/2:  23%|██▎       | 318/1407 [00:16<00:58, 18.75it/s]
distill-hard epoch 2/2:  23%|██▎       | 320/1407 [00:16<00:57, 18.78it/s]
distill-hard epoch 2/2:  23%|██▎       | 322/1407 [00:17<00:57, 18.86it/s]
distill-hard epoch 2/2:  23%|██▎       | 324/1407 [00:17<00:57, 18.90it/s]
distill-hard epoch 2/2:  23%|██▎       | 326/1407 [00:17<00:57, 18.89it/s]
distill-hard epoch 2/2:  23%|██▎       | 328/1407 [00:17<00:57, 18.67it/s]
distill-hard epoch 2/2:  23%|██▎       | 330/1407 [00:17<00:57, 18.71it/s]
distill-hard epoch 2/2:  24%|██▎       | 332/1407 [00:17<00:58, 18.52it/s]
distill-hard epoch 2/2:  24%|██▎       | 334/1407 [00:17<00:57, 18.53it/s]
distill-hard epoch 2/2:  24%|██▍       | 336/1407 [00:17<00:57, 18.49it/s]
distill-hard epoch 2/2:  24%|██▍       | 339/1407 [00:17<00:56, 18.77it/s]
distill-hard epoch 2/2:  24%|██▍       | 341/1407 [00:18<00:56, 18.75it/s]
distill-hard epoch 2/2:  24%|██▍       | 343/1407 [00:18<00:55, 19.06it/s]
distill-hard epoch 2/2:  25%|██▍       | 345/1407 [00:18<00:55, 19.22it/s]
distill-hard epoch 2/2:  25%|██▍       | 347/1407 [00:18<00:55, 19.17it/s]
distill-hard epoch 2/2:  25%|██▍       | 349/1407 [00:18<00:55, 19.06it/s]
distill-hard epoch 2/2:  25%|██▍       | 351/1407 [00:18<00:56, 18.72it/s]
distill-hard epoch 2/2:  25%|██▌       | 353/1407 [00:18<00:56, 18.59it/s]
distill-hard epoch 2/2:  25%|██▌       | 356/1407 [00:18<00:55, 18.95it/s]
distill-hard epoch 2/2:  25%|██▌       | 358/1407 [00:18<00:54, 19.10it/s]
distill-hard epoch 2/2:  26%|██▌       | 360/1407 [00:19<00:55, 18.91it/s]
distill-hard epoch 2/2:  26%|██▌       | 362/1407 [00:19<00:55, 18.98it/s]
distill-hard epoch 2/2:  26%|██▌       | 364/1407 [00:19<00:54, 19.00it/s]
distill-hard epoch 2/2:  26%|██▌       | 366/1407 [00:19<00:54, 19.04it/s]
distill-hard epoch 2/2:  26%|██▌       | 368/1407 [00:19<00:54, 19.22it/s]
distill-hard epoch 2/2:  26%|██▋       | 370/1407 [00:19<00:55, 18.63it/s]
distill-hard epoch 2/2:  26%|██▋       | 372/1407 [00:19<00:55, 18.71it/s]
distill-hard epoch 2/2:  27%|██▋       | 374/1407 [00:19<00:54, 18.85it/s]
distill-hard epoch 2/2:  27%|██▋       | 376/1407 [00:19<00:54, 18.97it/s]
distill-hard epoch 2/2:  27%|██▋       | 378/1407 [00:20<00:53, 19.09it/s]
distill-hard epoch 2/2:  27%|██▋       | 380/1407 [00:20<00:55, 18.40it/s]
distill-hard epoch 2/2:  27%|██▋       | 382/1407 [00:20<00:56, 18.19it/s]
distill-hard epoch 2/2:  27%|██▋       | 384/1407 [00:20<00:55, 18.35it/s]
distill-hard epoch 2/2:  27%|██▋       | 386/1407 [00:20<00:54, 18.58it/s]
distill-hard epoch 2/2:  28%|██▊       | 388/1407 [00:20<00:54, 18.71it/s]
distill-hard epoch 2/2:  28%|██▊       | 390/1407 [00:20<00:53, 19.02it/s]
distill-hard epoch 2/2:  28%|██▊       | 392/1407 [00:20<00:54, 18.74it/s]
distill-hard epoch 2/2:  28%|██▊       | 394/1407 [00:20<00:55, 18.33it/s]
distill-hard epoch 2/2:  28%|██▊       | 397/1407 [00:21<00:54, 18.68it/s]
distill-hard epoch 2/2:  28%|██▊       | 399/1407 [00:21<00:53, 18.99it/s]
distill-hard epoch 2/2:  29%|██▊       | 402/1407 [00:21<00:51, 19.45it/s]
distill-hard epoch 2/2:  29%|██▊       | 404/1407 [00:21<00:51, 19.57it/s]
distill-hard epoch 2/2:  29%|██▉       | 406/1407 [00:21<00:51, 19.59it/s]
distill-hard epoch 2/2:  29%|██▉       | 408/1407 [00:21<00:51, 19.39it/s]
distill-hard epoch 2/2:  29%|██▉       | 410/1407 [00:21<00:51, 19.24it/s]
distill-hard epoch 2/2:  29%|██▉       | 412/1407 [00:21<00:52, 19.01it/s]
distill-hard epoch 2/2:  29%|██▉       | 414/1407 [00:21<00:52, 18.85it/s]
distill-hard epoch 2/2:  30%|██▉       | 416/1407 [00:22<00:52, 18.75it/s]
distill-hard epoch 2/2:  30%|██▉       | 418/1407 [00:22<00:52, 18.67it/s]
distill-hard epoch 2/2:  30%|██▉       | 420/1407 [00:22<00:52, 18.69it/s]
distill-hard epoch 2/2:  30%|██▉       | 422/1407 [00:22<00:52, 18.89it/s]
distill-hard epoch 2/2:  30%|███       | 424/1407 [00:22<00:52, 18.80it/s]
distill-hard epoch 2/2:  30%|███       | 426/1407 [00:22<00:52, 18.73it/s]
distill-hard epoch 2/2:  30%|███       | 428/1407 [00:22<00:51, 19.04it/s]
distill-hard epoch 2/2:  31%|███       | 430/1407 [00:22<00:51, 18.81it/s]
distill-hard epoch 2/2:  31%|███       | 432/1407 [00:22<00:51, 18.80it/s]
distill-hard epoch 2/2:  31%|███       | 434/1407 [00:22<00:51, 18.90it/s]
distill-hard epoch 2/2:  31%|███       | 436/1407 [00:23<00:51, 18.93it/s]
distill-hard epoch 2/2:  31%|███       | 439/1407 [00:23<00:50, 19.16it/s]
distill-hard epoch 2/2:  31%|███▏      | 441/1407 [00:23<00:50, 18.96it/s]
distill-hard epoch 2/2:  31%|███▏      | 443/1407 [00:23<00:51, 18.71it/s]
distill-hard epoch 2/2:  32%|███▏      | 445/1407 [00:23<00:51, 18.61it/s]
distill-hard epoch 2/2:  32%|███▏      | 447/1407 [00:23<00:51, 18.54it/s]
distill-hard epoch 2/2:  32%|███▏      | 449/1407 [00:23<00:50, 18.94it/s]
distill-hard epoch 2/2:  32%|███▏      | 451/1407 [00:23<00:51, 18.72it/s]
distill-hard epoch 2/2:  32%|███▏      | 453/1407 [00:23<00:50, 19.06it/s]
distill-hard epoch 2/2:  32%|███▏      | 455/1407 [00:24<00:51, 18.58it/s]
distill-hard epoch 2/2:  32%|███▏      | 457/1407 [00:24<00:51, 18.52it/s]
distill-hard epoch 2/2:  33%|███▎      | 459/1407 [00:24<00:50, 18.93it/s]
distill-hard epoch 2/2:  33%|███▎      | 461/1407 [00:24<00:50, 18.70it/s]
distill-hard epoch 2/2:  33%|███▎      | 463/1407 [00:24<00:51, 18.45it/s]
distill-hard epoch 2/2:  33%|███▎      | 466/1407 [00:24<00:49, 19.07it/s]
distill-hard epoch 2/2:  33%|███▎      | 468/1407 [00:24<00:50, 18.57it/s]
distill-hard epoch 2/2:  33%|███▎      | 471/1407 [00:24<00:50, 18.63it/s]
distill-hard epoch 2/2:  34%|███▎      | 473/1407 [00:25<00:49, 18.88it/s]
distill-hard epoch 2/2:  34%|███▍      | 475/1407 [00:25<00:48, 19.09it/s]
distill-hard epoch 2/2:  34%|███▍      | 477/1407 [00:25<00:49, 18.92it/s]
distill-hard epoch 2/2:  34%|███▍      | 479/1407 [00:25<00:49, 18.72it/s]
distill-hard epoch 2/2:  34%|███▍      | 481/1407 [00:25<00:50, 18.39it/s]
distill-hard epoch 2/2:  34%|███▍      | 483/1407 [00:25<00:49, 18.48it/s]
distill-hard epoch 2/2:  34%|███▍      | 485/1407 [00:25<00:48, 18.87it/s]
distill-hard epoch 2/2:  35%|███▍      | 487/1407 [00:25<00:48, 19.10it/s]
distill-hard epoch 2/2:  35%|███▍      | 489/1407 [00:25<00:48, 19.00it/s]
distill-hard epoch 2/2:  35%|███▍      | 491/1407 [00:26<00:48, 19.06it/s]
distill-hard epoch 2/2:  35%|███▌      | 493/1407 [00:26<00:47, 19.05it/s]
distill-hard epoch 2/2:  35%|███▌      | 495/1407 [00:26<00:47, 19.12it/s]
distill-hard epoch 2/2:  35%|███▌      | 497/1407 [00:26<00:47, 19.16it/s]
distill-hard epoch 2/2:  35%|███▌      | 499/1407 [00:26<00:49, 18.34it/s]
distill-hard epoch 2/2:  36%|███▌      | 501/1407 [00:26<00:49, 18.28it/s]
distill-hard epoch 2/2:  36%|███▌      | 503/1407 [00:26<00:49, 18.38it/s]
distill-hard epoch 2/2:  36%|███▌      | 505/1407 [00:26<00:49, 18.17it/s]
distill-hard epoch 2/2:  36%|███▌      | 507/1407 [00:26<00:50, 17.92it/s]
distill-hard epoch 2/2:  36%|███▌      | 509/1407 [00:27<00:48, 18.36it/s]
distill-hard epoch 2/2:  36%|███▋      | 511/1407 [00:27<00:48, 18.44it/s]
distill-hard epoch 2/2:  36%|███▋      | 513/1407 [00:27<00:47, 18.83it/s]
distill-hard epoch 2/2:  37%|███▋      | 515/1407 [00:27<00:47, 18.83it/s]
distill-hard epoch 2/2:  37%|███▋      | 517/1407 [00:27<00:46, 19.02it/s]
distill-hard epoch 2/2:  37%|███▋      | 519/1407 [00:27<00:46, 18.90it/s]
distill-hard epoch 2/2:  37%|███▋      | 521/1407 [00:27<00:47, 18.72it/s]
distill-hard epoch 2/2:  37%|███▋      | 523/1407 [00:27<00:47, 18.56it/s]
distill-hard epoch 2/2:  37%|███▋      | 525/1407 [00:27<00:47, 18.71it/s]
distill-hard epoch 2/2:  37%|███▋      | 527/1407 [00:27<00:47, 18.60it/s]
distill-hard epoch 2/2:  38%|███▊      | 529/1407 [00:28<00:47, 18.60it/s]
distill-hard epoch 2/2:  38%|███▊      | 531/1407 [00:28<00:47, 18.33it/s]
distill-hard epoch 2/2:  38%|███▊      | 533/1407 [00:28<00:47, 18.25it/s]
distill-hard epoch 2/2:  38%|███▊      | 536/1407 [00:28<00:47, 18.33it/s]
distill-hard epoch 2/2:  38%|███▊      | 539/1407 [00:28<00:46, 18.84it/s]
distill-hard epoch 2/2:  38%|███▊      | 541/1407 [00:28<00:45, 19.01it/s]
distill-hard epoch 2/2:  39%|███▊      | 543/1407 [00:28<00:46, 18.60it/s]
distill-hard epoch 2/2:  39%|███▊      | 545/1407 [00:28<00:45, 18.88it/s]
distill-hard epoch 2/2:  39%|███▉      | 547/1407 [00:29<00:45, 19.11it/s]
distill-hard epoch 2/2:  39%|███▉      | 549/1407 [00:29<00:44, 19.09it/s]
distill-hard epoch 2/2:  39%|███▉      | 551/1407 [00:29<00:45, 19.01it/s]
distill-hard epoch 2/2:  39%|███▉      | 553/1407 [00:29<00:44, 19.00it/s]
distill-hard epoch 2/2:  39%|███▉      | 555/1407 [00:29<00:44, 19.10it/s]
distill-hard epoch 2/2:  40%|███▉      | 557/1407 [00:29<00:44, 19.15it/s]
distill-hard epoch 2/2:  40%|███▉      | 559/1407 [00:29<00:45, 18.75it/s]
distill-hard epoch 2/2:  40%|███▉      | 561/1407 [00:29<00:44, 18.87it/s]
distill-hard epoch 2/2:  40%|████      | 564/1407 [00:29<00:44, 19.08it/s]
distill-hard epoch 2/2:  40%|████      | 566/1407 [00:30<00:44, 19.00it/s]
distill-hard epoch 2/2:  40%|████      | 568/1407 [00:30<00:44, 18.83it/s]
distill-hard epoch 2/2:  41%|████      | 570/1407 [00:30<00:44, 18.83it/s]
distill-hard epoch 2/2:  41%|████      | 572/1407 [00:30<00:44, 18.56it/s]
distill-hard epoch 2/2:  41%|████      | 574/1407 [00:30<00:44, 18.76it/s]
distill-hard epoch 2/2:  41%|████      | 576/1407 [00:30<00:44, 18.65it/s]
distill-hard epoch 2/2:  41%|████      | 578/1407 [00:30<00:44, 18.73it/s]
distill-hard epoch 2/2:  41%|████      | 580/1407 [00:30<00:43, 18.89it/s]
distill-hard epoch 2/2:  41%|████▏     | 582/1407 [00:30<00:43, 19.03it/s]
distill-hard epoch 2/2:  42%|████▏     | 584/1407 [00:30<00:44, 18.61it/s]
distill-hard epoch 2/2:  42%|████▏     | 586/1407 [00:31<00:43, 18.79it/s]
distill-hard epoch 2/2:  42%|████▏     | 588/1407 [00:31<00:43, 18.81it/s]
distill-hard epoch 2/2:  42%|████▏     | 590/1407 [00:31<00:43, 18.58it/s]
distill-hard epoch 2/2:  42%|████▏     | 592/1407 [00:31<00:43, 18.54it/s]
distill-hard epoch 2/2:  42%|████▏     | 594/1407 [00:31<00:44, 18.34it/s]
distill-hard epoch 2/2:  42%|████▏     | 596/1407 [00:31<00:43, 18.69it/s]
distill-hard epoch 2/2:  43%|████▎     | 598/1407 [00:31<00:43, 18.41it/s]
distill-hard epoch 2/2:  43%|████▎     | 600/1407 [00:31<00:43, 18.47it/s]
distill-hard epoch 2/2:  43%|████▎     | 602/1407 [00:31<00:43, 18.36it/s]
distill-hard epoch 2/2:  43%|████▎     | 604/1407 [00:32<00:43, 18.30it/s]
distill-hard epoch 2/2:  43%|████▎     | 606/1407 [00:32<00:43, 18.35it/s]
distill-hard epoch 2/2:  43%|████▎     | 608/1407 [00:32<00:43, 18.41it/s]
distill-hard epoch 2/2:  43%|████▎     | 610/1407 [00:32<00:42, 18.74it/s]
distill-hard epoch 2/2:  43%|████▎     | 612/1407 [00:32<00:44, 17.99it/s]
distill-hard epoch 2/2:  44%|████▎     | 614/1407 [00:32<00:43, 18.27it/s]
distill-hard epoch 2/2:  44%|████▍     | 616/1407 [00:32<00:42, 18.41it/s]
distill-hard epoch 2/2:  44%|████▍     | 618/1407 [00:32<00:43, 18.29it/s]
distill-hard epoch 2/2:  44%|████▍     | 620/1407 [00:32<00:43, 18.02it/s]
distill-hard epoch 2/2:  44%|████▍     | 622/1407 [00:33<00:43, 17.92it/s]
distill-hard epoch 2/2:  44%|████▍     | 624/1407 [00:33<00:42, 18.32it/s]
distill-hard epoch 2/2:  44%|████▍     | 626/1407 [00:33<00:42, 18.32it/s]
distill-hard epoch 2/2:  45%|████▍     | 628/1407 [00:33<00:41, 18.76it/s]
distill-hard epoch 2/2:  45%|████▍     | 630/1407 [00:33<00:41, 18.88it/s]
distill-hard epoch 2/2:  45%|████▍     | 632/1407 [00:33<00:40, 19.11it/s]
distill-hard epoch 2/2:  45%|████▌     | 635/1407 [00:33<00:39, 19.48it/s]
distill-hard epoch 2/2:  45%|████▌     | 637/1407 [00:33<00:39, 19.56it/s]
distill-hard epoch 2/2:  45%|████▌     | 639/1407 [00:33<00:40, 19.16it/s]
distill-hard epoch 2/2:  46%|████▌     | 641/1407 [00:34<00:39, 19.20it/s]
distill-hard epoch 2/2:  46%|████▌     | 643/1407 [00:34<00:40, 18.95it/s]
distill-hard epoch 2/2:  46%|████▌     | 645/1407 [00:34<00:39, 19.20it/s]
distill-hard epoch 2/2:  46%|████▌     | 647/1407 [00:34<00:39, 19.12it/s]
distill-hard epoch 2/2:  46%|████▌     | 649/1407 [00:34<00:40, 18.94it/s]
distill-hard epoch 2/2:  46%|████▋     | 651/1407 [00:34<00:39, 19.08it/s]
distill-hard epoch 2/2:  46%|████▋     | 653/1407 [00:34<00:39, 18.99it/s]
distill-hard epoch 2/2:  47%|████▋     | 655/1407 [00:34<00:39, 18.86it/s]
distill-hard epoch 2/2:  47%|████▋     | 657/1407 [00:34<00:39, 19.07it/s]
distill-hard epoch 2/2:  47%|████▋     | 659/1407 [00:35<00:40, 18.32it/s]
distill-hard epoch 2/2:  47%|████▋     | 661/1407 [00:35<00:39, 18.74it/s]
distill-hard epoch 2/2:  47%|████▋     | 663/1407 [00:35<00:40, 18.32it/s]
distill-hard epoch 2/2:  47%|████▋     | 665/1407 [00:35<00:40, 18.42it/s]
distill-hard epoch 2/2:  47%|████▋     | 668/1407 [00:35<00:39, 18.90it/s]
distill-hard epoch 2/2:  48%|████▊     | 670/1407 [00:35<00:38, 19.02it/s]
distill-hard epoch 2/2:  48%|████▊     | 672/1407 [00:35<00:39, 18.44it/s]
distill-hard epoch 2/2:  48%|████▊     | 674/1407 [00:35<00:38, 18.82it/s]
distill-hard epoch 2/2:  48%|████▊     | 676/1407 [00:35<00:38, 19.07it/s]
distill-hard epoch 2/2:  48%|████▊     | 678/1407 [00:36<00:39, 18.66it/s]
distill-hard epoch 2/2:  48%|████▊     | 680/1407 [00:36<00:38, 18.91it/s]
distill-hard epoch 2/2:  48%|████▊     | 682/1407 [00:36<00:38, 19.03it/s]
distill-hard epoch 2/2:  49%|████▊     | 684/1407 [00:36<00:38, 19.00it/s]
distill-hard epoch 2/2:  49%|████▉     | 686/1407 [00:36<00:37, 19.16it/s]
distill-hard epoch 2/2:  49%|████▉     | 689/1407 [00:36<00:36, 19.56it/s]
distill-hard epoch 2/2:  49%|████▉     | 691/1407 [00:36<00:36, 19.44it/s]
distill-hard epoch 2/2:  49%|████▉     | 693/1407 [00:36<00:38, 18.66it/s]
distill-hard epoch 2/2:  49%|████▉     | 695/1407 [00:36<00:37, 18.91it/s]
distill-hard epoch 2/2:  50%|████▉     | 697/1407 [00:37<00:37, 18.91it/s]
distill-hard epoch 2/2:  50%|████▉     | 699/1407 [00:37<00:37, 18.74it/s]
distill-hard epoch 2/2:  50%|████▉     | 701/1407 [00:37<00:37, 18.76it/s]
distill-hard epoch 2/2:  50%|████▉     | 703/1407 [00:37<00:37, 18.76it/s]
distill-hard epoch 2/2:  50%|█████     | 705/1407 [00:37<00:37, 18.88it/s]
distill-hard epoch 2/2:  50%|█████     | 707/1407 [00:37<00:36, 18.99it/s]
distill-hard epoch 2/2:  50%|█████     | 709/1407 [00:37<00:37, 18.58it/s]
distill-hard epoch 2/2:  51%|█████     | 711/1407 [00:37<00:36, 18.88it/s]
distill-hard epoch 2/2:  51%|█████     | 713/1407 [00:37<00:37, 18.76it/s]
distill-hard epoch 2/2:  51%|█████     | 715/1407 [00:37<00:36, 18.71it/s]
distill-hard epoch 2/2:  51%|█████     | 717/1407 [00:38<00:37, 18.46it/s]
distill-hard epoch 2/2:  51%|█████     | 719/1407 [00:38<00:36, 18.78it/s]
distill-hard epoch 2/2:  51%|█████     | 721/1407 [00:38<00:36, 18.85it/s]
distill-hard epoch 2/2:  51%|█████▏    | 723/1407 [00:38<00:35, 19.07it/s]
distill-hard epoch 2/2:  52%|█████▏    | 725/1407 [00:38<00:36, 18.85it/s]
distill-hard epoch 2/2:  52%|█████▏    | 727/1407 [00:38<00:36, 18.58it/s]
distill-hard epoch 2/2:  52%|█████▏    | 729/1407 [00:38<00:36, 18.61it/s]
distill-hard epoch 2/2:  52%|█████▏    | 731/1407 [00:38<00:37, 18.16it/s]
distill-hard epoch 2/2:  52%|█████▏    | 733/1407 [00:38<00:36, 18.35it/s]
distill-hard epoch 2/2:  52%|█████▏    | 735/1407 [00:39<00:35, 18.77it/s]
distill-hard epoch 2/2:  52%|█████▏    | 737/1407 [00:39<00:35, 18.79it/s]
distill-hard epoch 2/2:  53%|█████▎    | 739/1407 [00:39<00:36, 18.55it/s]
distill-hard epoch 2/2:  53%|█████▎    | 741/1407 [00:39<00:35, 18.72it/s]
distill-hard epoch 2/2:  53%|█████▎    | 743/1407 [00:39<00:35, 18.90it/s]
distill-hard epoch 2/2:  53%|█████▎    | 745/1407 [00:39<00:36, 18.27it/s]
distill-hard epoch 2/2:  53%|█████▎    | 747/1407 [00:39<00:35, 18.61it/s]
distill-hard epoch 2/2:  53%|█████▎    | 749/1407 [00:39<00:35, 18.58it/s]
distill-hard epoch 2/2:  53%|█████▎    | 752/1407 [00:39<00:34, 18.93it/s]
distill-hard epoch 2/2:  54%|█████▎    | 754/1407 [00:40<00:34, 18.75it/s]
distill-hard epoch 2/2:  54%|█████▎    | 756/1407 [00:40<00:35, 18.55it/s]
distill-hard epoch 2/2:  54%|█████▍    | 758/1407 [00:40<00:34, 18.71it/s]
distill-hard epoch 2/2:  54%|█████▍    | 760/1407 [00:40<00:34, 18.61it/s]
distill-hard epoch 2/2:  54%|█████▍    | 762/1407 [00:40<00:34, 18.61it/s]
distill-hard epoch 2/2:  54%|█████▍    | 765/1407 [00:40<00:33, 19.12it/s]
distill-hard epoch 2/2:  55%|█████▍    | 767/1407 [00:40<00:33, 18.91it/s]
distill-hard epoch 2/2:  55%|█████▍    | 769/1407 [00:40<00:33, 18.89it/s]
distill-hard epoch 2/2:  55%|█████▍    | 771/1407 [00:40<00:34, 18.66it/s]
distill-hard epoch 2/2:  55%|█████▍    | 773/1407 [00:41<00:33, 18.94it/s]
distill-hard epoch 2/2:  55%|█████▌    | 775/1407 [00:41<00:33, 18.79it/s]
distill-hard epoch 2/2:  55%|█████▌    | 777/1407 [00:41<00:34, 18.38it/s]
distill-hard epoch 2/2:  55%|█████▌    | 779/1407 [00:41<00:34, 18.31it/s]
distill-hard epoch 2/2:  56%|█████▌    | 781/1407 [00:41<00:34, 18.04it/s]
distill-hard epoch 2/2:  56%|█████▌    | 783/1407 [00:41<00:34, 18.33it/s]
distill-hard epoch 2/2:  56%|█████▌    | 785/1407 [00:41<00:34, 18.15it/s]
distill-hard epoch 2/2:  56%|█████▌    | 787/1407 [00:41<00:33, 18.49it/s]
distill-hard epoch 2/2:  56%|█████▌    | 789/1407 [00:41<00:32, 18.90it/s]
distill-hard epoch 2/2:  56%|█████▌    | 791/1407 [00:42<00:32, 19.12it/s]
distill-hard epoch 2/2:  56%|█████▋    | 793/1407 [00:42<00:32, 19.07it/s]
distill-hard epoch 2/2:  57%|█████▋    | 795/1407 [00:42<00:31, 19.15it/s]
distill-hard epoch 2/2:  57%|█████▋    | 797/1407 [00:42<00:31, 19.14it/s]
distill-hard epoch 2/2:  57%|█████▋    | 800/1407 [00:42<00:31, 19.33it/s]
distill-hard epoch 2/2:  57%|█████▋    | 802/1407 [00:42<00:31, 19.30it/s]
distill-hard epoch 2/2:  57%|█████▋    | 804/1407 [00:42<00:31, 19.39it/s]
distill-hard epoch 2/2:  57%|█████▋    | 806/1407 [00:42<00:31, 19.33it/s]
distill-hard epoch 2/2:  57%|█████▋    | 808/1407 [00:42<00:32, 18.66it/s]
distill-hard epoch 2/2:  58%|█████▊    | 810/1407 [00:43<00:32, 18.17it/s]
distill-hard epoch 2/2:  58%|█████▊    | 812/1407 [00:43<00:32, 18.58it/s]
distill-hard epoch 2/2:  58%|█████▊    | 814/1407 [00:43<00:32, 18.33it/s]
distill-hard epoch 2/2:  58%|█████▊    | 816/1407 [00:43<00:32, 18.36it/s]
distill-hard epoch 2/2:  58%|█████▊    | 818/1407 [00:43<00:31, 18.43it/s]
distill-hard epoch 2/2:  58%|█████▊    | 821/1407 [00:43<00:31, 18.84it/s]
distill-hard epoch 2/2:  58%|█████▊    | 823/1407 [00:43<00:31, 18.72it/s]
distill-hard epoch 2/2:  59%|█████▊    | 825/1407 [00:43<00:31, 18.62it/s]
distill-hard epoch 2/2:  59%|█████▉    | 827/1407 [00:43<00:31, 18.39it/s]
distill-hard epoch 2/2:  59%|█████▉    | 829/1407 [00:44<00:31, 18.53it/s]
distill-hard epoch 2/2:  59%|█████▉    | 831/1407 [00:44<00:31, 18.45it/s]
distill-hard epoch 2/2:  59%|█████▉    | 833/1407 [00:44<00:30, 18.64it/s]
distill-hard epoch 2/2:  59%|█████▉    | 835/1407 [00:44<00:30, 18.81it/s]
distill-hard epoch 2/2:  59%|█████▉    | 837/1407 [00:44<00:29, 19.05it/s]
distill-hard epoch 2/2:  60%|█████▉    | 839/1407 [00:44<00:29, 19.00it/s]
distill-hard epoch 2/2:  60%|█████▉    | 841/1407 [00:44<00:30, 18.60it/s]
distill-hard epoch 2/2:  60%|█████▉    | 843/1407 [00:44<00:30, 18.31it/s]
distill-hard epoch 2/2:  60%|██████    | 845/1407 [00:44<00:30, 18.45it/s]
distill-hard epoch 2/2:  60%|██████    | 847/1407 [00:45<00:29, 18.86it/s]
distill-hard epoch 2/2:  60%|██████    | 849/1407 [00:45<00:30, 18.56it/s]
distill-hard epoch 2/2:  60%|██████    | 851/1407 [00:45<00:29, 18.56it/s]
distill-hard epoch 2/2:  61%|██████    | 853/1407 [00:45<00:29, 18.93it/s]
distill-hard epoch 2/2:  61%|██████    | 855/1407 [00:45<00:29, 18.64it/s]
distill-hard epoch 2/2:  61%|██████    | 857/1407 [00:45<00:29, 18.83it/s]
distill-hard epoch 2/2:  61%|██████    | 859/1407 [00:45<00:29, 18.73it/s]
distill-hard epoch 2/2:  61%|██████    | 861/1407 [00:45<00:28, 19.04it/s]
distill-hard epoch 2/2:  61%|██████▏   | 864/1407 [00:45<00:28, 19.20it/s]
distill-hard epoch 2/2:  62%|██████▏   | 866/1407 [00:46<00:27, 19.34it/s]
distill-hard epoch 2/2:  62%|██████▏   | 868/1407 [00:46<00:28, 19.22it/s]
distill-hard epoch 2/2:  62%|██████▏   | 870/1407 [00:46<00:28, 18.90it/s]
distill-hard epoch 2/2:  62%|██████▏   | 872/1407 [00:46<00:28, 18.64it/s]
distill-hard epoch 2/2:  62%|██████▏   | 874/1407 [00:46<00:28, 18.58it/s]
distill-hard epoch 2/2:  62%|██████▏   | 876/1407 [00:46<00:28, 18.96it/s]
distill-hard epoch 2/2:  62%|██████▏   | 878/1407 [00:46<00:27, 19.11it/s]
distill-hard epoch 2/2:  63%|██████▎   | 880/1407 [00:46<00:27, 18.92it/s]
distill-hard epoch 2/2:  63%|██████▎   | 882/1407 [00:46<00:27, 18.89it/s]
distill-hard epoch 2/2:  63%|██████▎   | 884/1407 [00:46<00:27, 19.02it/s]
distill-hard epoch 2/2:  63%|██████▎   | 886/1407 [00:47<00:27, 18.70it/s]
distill-hard epoch 2/2:  63%|██████▎   | 888/1407 [00:47<00:27, 18.77it/s]
distill-hard epoch 2/2:  63%|██████▎   | 891/1407 [00:47<00:26, 19.24it/s]
distill-hard epoch 2/2:  63%|██████▎   | 893/1407 [00:47<00:27, 18.76it/s]
distill-hard epoch 2/2:  64%|██████▎   | 895/1407 [00:47<00:27, 18.76it/s]
distill-hard epoch 2/2:  64%|██████▍   | 897/1407 [00:47<00:27, 18.89it/s]
distill-hard epoch 2/2:  64%|██████▍   | 899/1407 [00:47<00:27, 18.15it/s]
distill-hard epoch 2/2:  64%|██████▍   | 901/1407 [00:47<00:28, 17.72it/s]
distill-hard epoch 2/2:  64%|██████▍   | 904/1407 [00:48<00:27, 18.33it/s]
distill-hard epoch 2/2:  64%|██████▍   | 906/1407 [00:48<00:27, 18.33it/s]
distill-hard epoch 2/2:  65%|██████▍   | 908/1407 [00:48<00:27, 18.42it/s]
distill-hard epoch 2/2:  65%|██████▍   | 910/1407 [00:48<00:26, 18.72it/s]
distill-hard epoch 2/2:  65%|██████▍   | 912/1407 [00:48<00:27, 18.22it/s]
distill-hard epoch 2/2:  65%|██████▍   | 914/1407 [00:48<00:26, 18.60it/s]
distill-hard epoch 2/2:  65%|██████▌   | 916/1407 [00:48<00:26, 18.60it/s]
distill-hard epoch 2/2:  65%|██████▌   | 918/1407 [00:48<00:26, 18.28it/s]
distill-hard epoch 2/2:  65%|██████▌   | 920/1407 [00:48<00:26, 18.60it/s]
distill-hard epoch 2/2:  66%|██████▌   | 922/1407 [00:49<00:25, 18.98it/s]
distill-hard epoch 2/2:  66%|██████▌   | 924/1407 [00:49<00:26, 18.46it/s]
distill-hard epoch 2/2:  66%|██████▌   | 926/1407 [00:49<00:26, 17.84it/s]
distill-hard epoch 2/2:  66%|██████▌   | 928/1407 [00:49<00:26, 18.32it/s]
distill-hard epoch 2/2:  66%|██████▌   | 930/1407 [00:49<00:25, 18.50it/s]
distill-hard epoch 2/2:  66%|██████▌   | 932/1407 [00:49<00:25, 18.62it/s]
distill-hard epoch 2/2:  66%|██████▋   | 934/1407 [00:49<00:25, 18.90it/s]
distill-hard epoch 2/2:  67%|██████▋   | 937/1407 [00:49<00:24, 18.95it/s]
distill-hard epoch 2/2:  67%|██████▋   | 939/1407 [00:49<00:24, 19.10it/s]
distill-hard epoch 2/2:  67%|██████▋   | 941/1407 [00:50<00:24, 19.34it/s]
distill-hard epoch 2/2:  67%|██████▋   | 943/1407 [00:50<00:24, 19.18it/s]
distill-hard epoch 2/2:  67%|██████▋   | 946/1407 [00:50<00:23, 19.60it/s]
distill-hard epoch 2/2:  67%|██████▋   | 948/1407 [00:50<00:23, 19.49it/s]
distill-hard epoch 2/2:  68%|██████▊   | 951/1407 [00:50<00:23, 19.62it/s]
distill-hard epoch 2/2:  68%|██████▊   | 953/1407 [00:50<00:23, 19.62it/s]
distill-hard epoch 2/2:  68%|██████▊   | 955/1407 [00:50<00:23, 19.00it/s]
distill-hard epoch 2/2:  68%|██████▊   | 957/1407 [00:50<00:23, 18.82it/s]
distill-hard epoch 2/2:  68%|██████▊   | 959/1407 [00:50<00:23, 18.71it/s]
distill-hard epoch 2/2:  68%|██████▊   | 961/1407 [00:51<00:23, 18.93it/s]
distill-hard epoch 2/2:  68%|██████▊   | 963/1407 [00:51<00:23, 18.67it/s]
distill-hard epoch 2/2:  69%|██████▊   | 965/1407 [00:51<00:23, 18.82it/s]
distill-hard epoch 2/2:  69%|██████▊   | 967/1407 [00:51<00:23, 19.08it/s]
distill-hard epoch 2/2:  69%|██████▉   | 969/1407 [00:51<00:22, 19.10it/s]
distill-hard epoch 2/2:  69%|██████▉   | 971/1407 [00:51<00:22, 19.16it/s]
distill-hard epoch 2/2:  69%|██████▉   | 973/1407 [00:51<00:22, 19.23it/s]
distill-hard epoch 2/2:  69%|██████▉   | 975/1407 [00:51<00:22, 18.87it/s]
distill-hard epoch 2/2:  69%|██████▉   | 977/1407 [00:51<00:22, 18.91it/s]
distill-hard epoch 2/2:  70%|██████▉   | 979/1407 [00:52<00:22, 19.06it/s]
distill-hard epoch 2/2:  70%|██████▉   | 981/1407 [00:52<00:22, 18.72it/s]
distill-hard epoch 2/2:  70%|██████▉   | 983/1407 [00:52<00:22, 18.79it/s]
distill-hard epoch 2/2:  70%|███████   | 985/1407 [00:52<00:22, 19.04it/s]
distill-hard epoch 2/2:  70%|███████   | 987/1407 [00:52<00:21, 19.16it/s]
distill-hard epoch 2/2:  70%|███████   | 989/1407 [00:52<00:21, 19.22it/s]
distill-hard epoch 2/2:  70%|███████   | 991/1407 [00:52<00:21, 19.16it/s]
distill-hard epoch 2/2:  71%|███████   | 993/1407 [00:52<00:21, 19.10it/s]
distill-hard epoch 2/2:  71%|███████   | 995/1407 [00:52<00:21, 19.07it/s]
distill-hard epoch 2/2:  71%|███████   | 997/1407 [00:52<00:21, 18.80it/s]
distill-hard epoch 2/2:  71%|███████   | 999/1407 [00:53<00:21, 18.79it/s]
distill-hard epoch 2/2:  71%|███████   | 1002/1407 [00:53<00:21, 18.81it/s]
distill-hard epoch 2/2:  71%|███████▏  | 1004/1407 [00:53<00:21, 18.49it/s]
distill-hard epoch 2/2:  72%|███████▏  | 1007/1407 [00:53<00:21, 18.84it/s]
distill-hard epoch 2/2:  72%|███████▏  | 1009/1407 [00:53<00:21, 18.78it/s]
distill-hard epoch 2/2:  72%|███████▏  | 1011/1407 [00:53<00:20, 18.97it/s]
distill-hard epoch 2/2:  72%|███████▏  | 1013/1407 [00:53<00:20, 18.88it/s]
distill-hard epoch 2/2:  72%|███████▏  | 1015/1407 [00:53<00:20, 18.86it/s]
distill-hard epoch 2/2:  72%|███████▏  | 1017/1407 [00:54<00:20, 18.80it/s]
distill-hard epoch 2/2:  72%|███████▏  | 1019/1407 [00:54<00:20, 18.72it/s]
distill-hard epoch 2/2:  73%|███████▎  | 1021/1407 [00:54<00:20, 19.02it/s]
distill-hard epoch 2/2:  73%|███████▎  | 1023/1407 [00:54<00:20, 18.65it/s]
distill-hard epoch 2/2:  73%|███████▎  | 1025/1407 [00:54<00:21, 18.11it/s]
distill-hard epoch 2/2:  73%|███████▎  | 1027/1407 [00:54<00:21, 18.09it/s]
distill-hard epoch 2/2:  73%|███████▎  | 1029/1407 [00:54<00:21, 17.79it/s]
distill-hard epoch 2/2:  73%|███████▎  | 1031/1407 [00:54<00:21, 17.76it/s]
distill-hard epoch 2/2:  73%|███████▎  | 1033/1407 [00:54<00:20, 18.37it/s]
distill-hard epoch 2/2:  74%|███████▎  | 1035/1407 [00:55<00:20, 18.28it/s]
distill-hard epoch 2/2:  74%|███████▎  | 1037/1407 [00:55<00:20, 18.15it/s]
distill-hard epoch 2/2:  74%|███████▍  | 1039/1407 [00:55<00:19, 18.52it/s]
distill-hard epoch 2/2:  74%|███████▍  | 1041/1407 [00:55<00:20, 18.01it/s]
distill-hard epoch 2/2:  74%|███████▍  | 1043/1407 [00:55<00:20, 17.83it/s]
distill-hard epoch 2/2:  74%|███████▍  | 1046/1407 [00:55<00:19, 18.34it/s]
distill-hard epoch 2/2:  75%|███████▍  | 1049/1407 [00:55<00:19, 18.47it/s]
distill-hard epoch 2/2:  75%|███████▍  | 1051/1407 [00:55<00:19, 18.63it/s]
distill-hard epoch 2/2:  75%|███████▍  | 1053/1407 [00:56<00:19, 18.25it/s]
distill-hard epoch 2/2:  75%|███████▍  | 1055/1407 [00:56<00:18, 18.69it/s]
distill-hard epoch 2/2:  75%|███████▌  | 1057/1407 [00:56<00:19, 18.30it/s]
distill-hard epoch 2/2:  75%|███████▌  | 1059/1407 [00:56<00:18, 18.33it/s]
distill-hard epoch 2/2:  75%|███████▌  | 1062/1407 [00:56<00:18, 18.91it/s]
distill-hard epoch 2/2:  76%|███████▌  | 1064/1407 [00:56<00:18, 18.89it/s]
distill-hard epoch 2/2:  76%|███████▌  | 1066/1407 [00:56<00:18, 18.74it/s]
distill-hard epoch 2/2:  76%|███████▌  | 1069/1407 [00:56<00:17, 19.18it/s]
distill-hard epoch 2/2:  76%|███████▌  | 1071/1407 [00:56<00:17, 18.92it/s]
distill-hard epoch 2/2:  76%|███████▋  | 1073/1407 [00:57<00:17, 18.61it/s]
distill-hard epoch 2/2:  76%|███████▋  | 1075/1407 [00:57<00:18, 18.25it/s]
distill-hard epoch 2/2:  77%|███████▋  | 1077/1407 [00:57<00:18, 18.24it/s]
distill-hard epoch 2/2:  77%|███████▋  | 1079/1407 [00:57<00:18, 17.77it/s]
distill-hard epoch 2/2:  77%|███████▋  | 1081/1407 [00:57<00:17, 18.16it/s]
distill-hard epoch 2/2:  77%|███████▋  | 1083/1407 [00:57<00:17, 18.25it/s]
distill-hard epoch 2/2:  77%|███████▋  | 1085/1407 [00:57<00:17, 18.23it/s]
distill-hard epoch 2/2:  77%|███████▋  | 1087/1407 [00:57<00:17, 18.57it/s]
distill-hard epoch 2/2:  77%|███████▋  | 1090/1407 [00:58<00:16, 18.95it/s]
distill-hard epoch 2/2:  78%|███████▊  | 1092/1407 [00:58<00:16, 18.89it/s]
distill-hard epoch 2/2:  78%|███████▊  | 1094/1407 [00:58<00:16, 18.78it/s]
distill-hard epoch 2/2:  78%|███████▊  | 1096/1407 [00:58<00:16, 19.03it/s]
distill-hard epoch 2/2:  78%|███████▊  | 1098/1407 [00:58<00:16, 19.11it/s]
distill-hard epoch 2/2:  78%|███████▊  | 1100/1407 [00:58<00:15, 19.23it/s]
distill-hard epoch 2/2:  78%|███████▊  | 1102/1407 [00:58<00:16, 18.97it/s]
distill-hard epoch 2/2:  78%|███████▊  | 1104/1407 [00:58<00:15, 19.10it/s]
distill-hard epoch 2/2:  79%|███████▊  | 1106/1407 [00:58<00:15, 19.04it/s]
distill-hard epoch 2/2:  79%|███████▊  | 1108/1407 [00:58<00:15, 19.18it/s]
distill-hard epoch 2/2:  79%|███████▉  | 1110/1407 [00:59<00:15, 18.91it/s]
distill-hard epoch 2/2:  79%|███████▉  | 1113/1407 [00:59<00:15, 19.22it/s]
distill-hard epoch 2/2:  79%|███████▉  | 1115/1407 [00:59<00:15, 19.34it/s]
distill-hard epoch 2/2:  79%|███████▉  | 1117/1407 [00:59<00:15, 18.62it/s]
distill-hard epoch 2/2:  80%|███████▉  | 1119/1407 [00:59<00:15, 18.59it/s]
distill-hard epoch 2/2:  80%|███████▉  | 1121/1407 [00:59<00:15, 18.65it/s]
distill-hard epoch 2/2:  80%|███████▉  | 1123/1407 [00:59<00:15, 18.77it/s]
distill-hard epoch 2/2:  80%|███████▉  | 1125/1407 [00:59<00:14, 18.98it/s]
distill-hard epoch 2/2:  80%|████████  | 1127/1407 [00:59<00:15, 18.24it/s]
distill-hard epoch 2/2:  80%|████████  | 1129/1407 [01:00<00:15, 18.36it/s]
distill-hard epoch 2/2:  80%|████████  | 1131/1407 [01:00<00:14, 18.65it/s]
distill-hard epoch 2/2:  81%|████████  | 1133/1407 [01:00<00:14, 18.89it/s]
distill-hard epoch 2/2:  81%|████████  | 1135/1407 [01:00<00:14, 18.93it/s]
distill-hard epoch 2/2:  81%|████████  | 1137/1407 [01:00<00:14, 18.97it/s]
distill-hard epoch 2/2:  81%|████████  | 1139/1407 [01:00<00:14, 18.81it/s]
distill-hard epoch 2/2:  81%|████████  | 1141/1407 [01:00<00:13, 19.01it/s]
distill-hard epoch 2/2:  81%|████████  | 1143/1407 [01:00<00:13, 18.99it/s]
distill-hard epoch 2/2:  81%|████████▏ | 1145/1407 [01:00<00:13, 18.93it/s]
distill-hard epoch 2/2:  82%|████████▏ | 1147/1407 [01:01<00:13, 18.91it/s]
distill-hard epoch 2/2:  82%|████████▏ | 1149/1407 [01:01<00:13, 18.80it/s]
distill-hard epoch 2/2:  82%|████████▏ | 1151/1407 [01:01<00:13, 18.93it/s]
distill-hard epoch 2/2:  82%|████████▏ | 1153/1407 [01:01<00:13, 19.02it/s]
distill-hard epoch 2/2:  82%|████████▏ | 1155/1407 [01:01<00:13, 18.82it/s]
distill-hard epoch 2/2:  82%|████████▏ | 1157/1407 [01:01<00:13, 18.79it/s]
distill-hard epoch 2/2:  82%|████████▏ | 1159/1407 [01:01<00:13, 18.19it/s]
distill-hard epoch 2/2:  83%|████████▎ | 1161/1407 [01:01<00:13, 18.67it/s]
distill-hard epoch 2/2:  83%|████████▎ | 1163/1407 [01:01<00:13, 18.38it/s]
distill-hard epoch 2/2:  83%|████████▎ | 1165/1407 [01:02<00:13, 18.58it/s]
distill-hard epoch 2/2:  83%|████████▎ | 1167/1407 [01:02<00:12, 18.65it/s]
distill-hard epoch 2/2:  83%|████████▎ | 1169/1407 [01:02<00:12, 18.62it/s]
distill-hard epoch 2/2:  83%|████████▎ | 1171/1407 [01:02<00:12, 18.65it/s]
distill-hard epoch 2/2:  83%|████████▎ | 1174/1407 [01:02<00:12, 19.37it/s]
distill-hard epoch 2/2:  84%|████████▎ | 1176/1407 [01:02<00:12, 19.16it/s]
distill-hard epoch 2/2:  84%|████████▎ | 1178/1407 [01:02<00:12, 18.69it/s]
distill-hard epoch 2/2:  84%|████████▍ | 1180/1407 [01:02<00:12, 18.31it/s]
distill-hard epoch 2/2:  84%|████████▍ | 1182/1407 [01:02<00:12, 18.16it/s]
distill-hard epoch 2/2:  84%|████████▍ | 1184/1407 [01:03<00:12, 18.52it/s]
distill-hard epoch 2/2:  84%|████████▍ | 1187/1407 [01:03<00:11, 18.92it/s]
distill-hard epoch 2/2:  85%|████████▍ | 1189/1407 [01:03<00:11, 19.16it/s]
distill-hard epoch 2/2:  85%|████████▍ | 1191/1407 [01:03<00:11, 18.71it/s]
distill-hard epoch 2/2:  85%|████████▍ | 1193/1407 [01:03<00:11, 18.37it/s]
distill-hard epoch 2/2:  85%|████████▍ | 1195/1407 [01:03<00:11, 18.54it/s]
distill-hard epoch 2/2:  85%|████████▌ | 1197/1407 [01:03<00:11, 18.73it/s]
distill-hard epoch 2/2:  85%|████████▌ | 1199/1407 [01:03<00:11, 18.58it/s]
distill-hard epoch 2/2:  85%|████████▌ | 1201/1407 [01:03<00:11, 18.59it/s]
distill-hard epoch 2/2:  86%|████████▌ | 1203/1407 [01:04<00:10, 18.76it/s]
distill-hard epoch 2/2:  86%|████████▌ | 1205/1407 [01:04<00:10, 19.11it/s]
distill-hard epoch 2/2:  86%|████████▌ | 1207/1407 [01:04<00:10, 18.75it/s]
distill-hard epoch 2/2:  86%|████████▌ | 1209/1407 [01:04<00:10, 18.85it/s]
distill-hard epoch 2/2:  86%|████████▌ | 1211/1407 [01:04<00:10, 19.12it/s]
distill-hard epoch 2/2:  86%|████████▌ | 1213/1407 [01:04<00:10, 19.14it/s]
distill-hard epoch 2/2:  86%|████████▋ | 1215/1407 [01:04<00:09, 19.25it/s]
distill-hard epoch 2/2:  86%|████████▋ | 1217/1407 [01:04<00:09, 19.05it/s]
distill-hard epoch 2/2:  87%|████████▋ | 1219/1407 [01:04<00:09, 19.28it/s]
distill-hard epoch 2/2:  87%|████████▋ | 1221/1407 [01:04<00:09, 18.77it/s]
distill-hard epoch 2/2:  87%|████████▋ | 1223/1407 [01:05<00:09, 18.67it/s]
distill-hard epoch 2/2:  87%|████████▋ | 1225/1407 [01:05<00:09, 18.62it/s]
distill-hard epoch 2/2:  87%|████████▋ | 1227/1407 [01:05<00:09, 18.45it/s]
distill-hard epoch 2/2:  87%|████████▋ | 1229/1407 [01:05<00:09, 18.14it/s]
distill-hard epoch 2/2:  87%|████████▋ | 1231/1407 [01:05<00:09, 18.34it/s]
distill-hard epoch 2/2:  88%|████████▊ | 1233/1407 [01:05<00:09, 18.78it/s]
distill-hard epoch 2/2:  88%|████████▊ | 1235/1407 [01:05<00:09, 18.74it/s]
distill-hard epoch 2/2:  88%|████████▊ | 1237/1407 [01:05<00:08, 19.09it/s]
distill-hard epoch 2/2:  88%|████████▊ | 1239/1407 [01:05<00:08, 19.02it/s]
distill-hard epoch 2/2:  88%|████████▊ | 1241/1407 [01:06<00:08, 19.05it/s]
distill-hard epoch 2/2:  88%|████████▊ | 1243/1407 [01:06<00:08, 19.06it/s]
distill-hard epoch 2/2:  88%|████████▊ | 1245/1407 [01:06<00:08, 19.01it/s]
distill-hard epoch 2/2:  89%|████████▊ | 1247/1407 [01:06<00:08, 18.52it/s]
distill-hard epoch 2/2:  89%|████████▉ | 1249/1407 [01:06<00:08, 18.51it/s]
distill-hard epoch 2/2:  89%|████████▉ | 1251/1407 [01:06<00:08, 18.69it/s]
distill-hard epoch 2/2:  89%|████████▉ | 1253/1407 [01:06<00:08, 18.67it/s]
distill-hard epoch 2/2:  89%|████████▉ | 1255/1407 [01:06<00:08, 18.82it/s]
distill-hard epoch 2/2:  89%|████████▉ | 1257/1407 [01:06<00:07, 18.96it/s]
distill-hard epoch 2/2:  89%|████████▉ | 1259/1407 [01:07<00:11, 13.35it/s]
distill-hard epoch 2/2:  90%|████████▉ | 1261/1407 [01:07<00:09, 14.73it/s]
distill-hard epoch 2/2:  90%|████████▉ | 1263/1407 [01:07<00:09, 15.36it/s]
distill-hard epoch 2/2:  90%|████████▉ | 1265/1407 [01:07<00:08, 16.31it/s]
distill-hard epoch 2/2:  90%|█████████ | 1267/1407 [01:07<00:08, 17.26it/s]
distill-hard epoch 2/2:  90%|█████████ | 1269/1407 [01:07<00:07, 17.79it/s]
distill-hard epoch 2/2:  90%|█████████ | 1271/1407 [01:07<00:07, 17.91it/s]
distill-hard epoch 2/2:  90%|█████████ | 1273/1407 [01:07<00:07, 17.95it/s]
distill-hard epoch 2/2:  91%|█████████ | 1275/1407 [01:08<00:07, 18.09it/s]
distill-hard epoch 2/2:  91%|█████████ | 1277/1407 [01:08<00:07, 18.34it/s]
distill-hard epoch 2/2:  91%|█████████ | 1279/1407 [01:08<00:06, 18.51it/s]
distill-hard epoch 2/2:  91%|█████████ | 1281/1407 [01:08<00:06, 18.71it/s]
distill-hard epoch 2/2:  91%|█████████▏| 1284/1407 [01:08<00:06, 18.93it/s]
distill-hard epoch 2/2:  91%|█████████▏| 1286/1407 [01:08<00:06, 18.70it/s]
distill-hard epoch 2/2:  92%|█████████▏| 1288/1407 [01:08<00:06, 18.79it/s]
distill-hard epoch 2/2:  92%|█████████▏| 1290/1407 [01:08<00:06, 19.07it/s]
distill-hard epoch 2/2:  92%|█████████▏| 1292/1407 [01:08<00:05, 19.33it/s]
distill-hard epoch 2/2:  92%|█████████▏| 1294/1407 [01:09<00:05, 19.40it/s]
distill-hard epoch 2/2:  92%|█████████▏| 1296/1407 [01:09<00:05, 19.10it/s]
distill-hard epoch 2/2:  92%|█████████▏| 1298/1407 [01:09<00:05, 19.07it/s]
distill-hard epoch 2/2:  92%|█████████▏| 1300/1407 [01:09<00:05, 19.19it/s]
distill-hard epoch 2/2:  93%|█████████▎| 1303/1407 [01:09<00:05, 19.58it/s]
distill-hard epoch 2/2:  93%|█████████▎| 1305/1407 [01:09<00:05, 19.51it/s]
distill-hard epoch 2/2:  93%|█████████▎| 1307/1407 [01:09<00:05, 19.19it/s]
distill-hard epoch 2/2:  93%|█████████▎| 1309/1407 [01:09<00:05, 19.23it/s]
distill-hard epoch 2/2:  93%|█████████▎| 1311/1407 [01:09<00:05, 18.55it/s]
distill-hard epoch 2/2:  93%|█████████▎| 1313/1407 [01:10<00:05, 18.67it/s]
distill-hard epoch 2/2:  93%|█████████▎| 1315/1407 [01:10<00:04, 18.90it/s]
distill-hard epoch 2/2:  94%|█████████▎| 1317/1407 [01:10<00:04, 18.40it/s]
distill-hard epoch 2/2:  94%|█████████▎| 1319/1407 [01:10<00:04, 18.27it/s]
distill-hard epoch 2/2:  94%|█████████▍| 1321/1407 [01:10<00:04, 18.35it/s]
distill-hard epoch 2/2:  94%|█████████▍| 1323/1407 [01:10<00:04, 18.71it/s]
distill-hard epoch 2/2:  94%|█████████▍| 1325/1407 [01:10<00:04, 18.52it/s]
distill-hard epoch 2/2:  94%|█████████▍| 1327/1407 [01:10<00:04, 18.43it/s]
distill-hard epoch 2/2:  95%|█████████▍| 1330/1407 [01:10<00:04, 19.05it/s]
distill-hard epoch 2/2:  95%|█████████▍| 1332/1407 [01:11<00:04, 18.65it/s]
distill-hard epoch 2/2:  95%|█████████▍| 1334/1407 [01:11<00:03, 18.89it/s]
distill-hard epoch 2/2:  95%|█████████▍| 1336/1407 [01:11<00:03, 19.04it/s]
distill-hard epoch 2/2:  95%|█████████▌| 1338/1407 [01:11<00:03, 18.90it/s]
distill-hard epoch 2/2:  95%|█████████▌| 1341/1407 [01:11<00:03, 19.23it/s]
distill-hard epoch 2/2:  95%|█████████▌| 1343/1407 [01:11<00:03, 19.28it/s]
distill-hard epoch 2/2:  96%|█████████▌| 1345/1407 [01:11<00:03, 19.16it/s]
distill-hard epoch 2/2:  96%|█████████▌| 1347/1407 [01:11<00:03, 18.96it/s]
distill-hard epoch 2/2:  96%|█████████▌| 1349/1407 [01:11<00:03, 19.03it/s]
distill-hard epoch 2/2:  96%|█████████▌| 1351/1407 [01:12<00:02, 18.73it/s]
distill-hard epoch 2/2:  96%|█████████▌| 1353/1407 [01:12<00:02, 18.86it/s]
distill-hard epoch 2/2:  96%|█████████▋| 1355/1407 [01:12<00:02, 18.76it/s]
distill-hard epoch 2/2:  96%|█████████▋| 1357/1407 [01:12<00:02, 18.94it/s]
distill-hard epoch 2/2:  97%|█████████▋| 1359/1407 [01:12<00:02, 18.33it/s]
distill-hard epoch 2/2:  97%|█████████▋| 1362/1407 [01:12<00:02, 18.86it/s]
distill-hard epoch 2/2:  97%|█████████▋| 1364/1407 [01:12<00:02, 18.78it/s]
distill-hard epoch 2/2:  97%|█████████▋| 1366/1407 [01:12<00:02, 19.07it/s]
distill-hard epoch 2/2:  97%|█████████▋| 1368/1407 [01:12<00:02, 19.12it/s]
distill-hard epoch 2/2:  97%|█████████▋| 1370/1407 [01:13<00:01, 18.98it/s]
distill-hard epoch 2/2:  98%|█████████▊| 1372/1407 [01:13<00:01, 18.91it/s]
distill-hard epoch 2/2:  98%|█████████▊| 1374/1407 [01:13<00:01, 18.55it/s]
distill-hard epoch 2/2:  98%|█████████▊| 1376/1407 [01:13<00:01, 18.21it/s]
distill-hard epoch 2/2:  98%|█████████▊| 1378/1407 [01:13<00:01, 18.10it/s]
distill-hard epoch 2/2:  98%|█████████▊| 1380/1407 [01:13<00:01, 18.26it/s]
distill-hard epoch 2/2:  98%|█████████▊| 1382/1407 [01:13<00:01, 18.20it/s]
distill-hard epoch 2/2:  98%|█████████▊| 1384/1407 [01:13<00:01, 17.95it/s]
distill-hard epoch 2/2:  99%|█████████▊| 1386/1407 [01:13<00:01, 18.31it/s]
distill-hard epoch 2/2:  99%|█████████▊| 1388/1407 [01:14<00:01, 18.36it/s]
distill-hard epoch 2/2:  99%|█████████▉| 1390/1407 [01:14<00:00, 18.81it/s]
distill-hard epoch 2/2:  99%|█████████▉| 1392/1407 [01:14<00:00, 18.90it/s]
distill-hard epoch 2/2:  99%|█████████▉| 1394/1407 [01:14<00:00, 18.43it/s]
distill-hard epoch 2/2:  99%|█████████▉| 1396/1407 [01:14<00:00, 17.95it/s]
distill-hard epoch 2/2:  99%|█████████▉| 1398/1407 [01:14<00:00, 18.05it/s]
distill-hard epoch 2/2: 100%|█████████▉| 1400/1407 [01:14<00:00, 18.08it/s]
distill-hard epoch 2/2: 100%|█████████▉| 1402/1407 [01:14<00:00, 18.53it/s]
distill-hard epoch 2/2: 100%|█████████▉| 1404/1407 [01:14<00:00, 18.43it/s]
distill-hard epoch 2/2: 100%|█████████▉| 1406/1407 [01:14<00:00, 18.45it/s]
  loss=0.0096 dev_acc=0.8708 (75s)
蒸馏-hard: Test Acc=0.8705, 参数量=5,470,986（约20.9MB fp32 / checkpoint 见 D:\workspace_AI\workspace_traecode\xiangmu_traecode\Supply Chain NLP\models\checkpoints\distill_best.pt）
                                                                           

Loading weights:   0%|          | 0/199 [00:00<?, ?it/s]
Loading weights:  16%|█▌        | 32/199 [00:00<00:00, 319.82it/s]
Loading weights:  35%|███▍      | 69/199 [00:00<00:00, 339.39it/s]
Loading weights:  55%|█████▌    | 110/199 [00:00<00:00, 360.35it/s]
Loading weights: 100%|██████████| 199/199 [00:00<00:00, 624.31it/s]
[transformers] [1mBertModel LOAD REPORT[0m from: D:\workspace_AI\workspace_traecode\xiangmu_traecode\Supply Chain NLP
\models\bert-base-chinese
Key                                        | Status     |  | 
-------------------------------------------+------------+--+-
cls.seq_relationship.weight                | UNEXPECTED |  | 
cls.predictions.transform.dense.weight     | UNEXPECTED |  | 
cls.predictions.transform.LayerNorm.bias   | UNEXPECTED |  | 
cls.predictions.bias                       | UNEXPECTED |  | 
cls.predictions.transform.dense.bias       | UNEXPECTED |  | 
cls.predictions.transform.LayerNorm.weight | UNEXPECTED |  | 
cls.seq_relationship.bias                  | UNEXPECTED |  | 

Notes:
- UNEXPECTED:	can be ignored when loading from different task/architecture; not ok if you expect identical arch.
[蒸馏-intermediate] T=2.0, alpha=0.7, device=cuda, batches=1407

distill-intermediate epoch 1/2:   0%|          | 0/1407 [00:00<?, ?it/s]
distill-intermediate epoch 1/2:   0%|          | 2/1407 [00:00<01:31, 15.38it/s]
distill-intermediate epoch 1/2:   0%|          | 4/1407 [00:00<01:20, 17.45it/s]
distill-intermediate epoch 1/2:   0%|          | 6/1407 [00:00<01:16, 18.25it/s]
distill-intermediate epoch 1/2:   1%|          | 9/1407 [00:00<01:13, 18.98it/s]
distill-intermediate epoch 1/2:   1%|          | 11/1407 [00:00<01:13, 18.94it/s]
distill-intermediate epoch 1/2:   1%|          | 13/1407 [00:00<01:14, 18.81it/s]
distill-intermediate epoch 1/2:   1%|          | 15/1407 [00:00<01:12, 19.08it/s]
distill-intermediate epoch 1/2:   1%|          | 17/1407 [00:00<01:12, 19.06it/s]
distill-intermediate epoch 1/2:   1%|▏         | 19/1407 [00:01<01:13, 18.78it/s]
distill-intermediate epoch 1/2:   1%|▏         | 21/1407 [00:01<01:14, 18.48it/s]
distill-intermediate epoch 1/2:   2%|▏         | 23/1407 [00:01<01:14, 18.62it/s]
distill-intermediate epoch 1/2:   2%|▏         | 25/1407 [00:01<01:12, 18.98it/s]
distill-intermediate epoch 1/2:   2%|▏         | 27/1407 [00:01<01:12, 19.11it/s]
distill-intermediate epoch 1/2:   2%|▏         | 29/1407 [00:01<01:11, 19.30it/s]
distill-intermediate epoch 1/2:   2%|▏         | 31/1407 [00:01<01:12, 18.92it/s]
distill-intermediate epoch 1/2:   2%|▏         | 33/1407 [00:01<01:15, 18.13it/s]
distill-intermediate epoch 1/2:   2%|▏         | 35/1407 [00:01<01:15, 18.26it/s]
distill-intermediate epoch 1/2:   3%|▎         | 37/1407 [00:01<01:14, 18.27it/s]
distill-intermediate epoch 1/2:   3%|▎         | 39/1407 [00:02<01:14, 18.46it/s]
distill-intermediate epoch 1/2:   3%|▎         | 41/1407 [00:02<01:13, 18.70it/s]
distill-intermediate epoch 1/2:   3%|▎         | 43/1407 [00:02<01:13, 18.63it/s]
distill-intermediate epoch 1/2:   3%|▎         | 45/1407 [00:02<01:13, 18.61it/s]
distill-intermediate epoch 1/2:   3%|▎         | 47/1407 [00:02<01:13, 18.57it/s]
distill-intermediate epoch 1/2:   3%|▎         | 49/1407 [00:02<01:13, 18.54it/s]
distill-intermediate epoch 1/2:   4%|▎         | 51/1407 [00:02<01:15, 17.95it/s]
distill-intermediate epoch 1/2:   4%|▍         | 53/1407 [00:02<01:15, 17.98it/s]
distill-intermediate epoch 1/2:   4%|▍         | 55/1407 [00:02<01:15, 17.80it/s]
distill-intermediate epoch 1/2:   4%|▍         | 58/1407 [00:03<01:12, 18.63it/s]
distill-intermediate epoch 1/2:   4%|▍         | 60/1407 [00:03<01:11, 18.83it/s]
distill-intermediate epoch 1/2:   4%|▍         | 62/1407 [00:03<01:11, 18.74it/s]
distill-intermediate epoch 1/2:   5%|▍         | 64/1407 [00:03<01:11, 18.69it/s]
distill-intermediate epoch 1/2:   5%|▍         | 66/1407 [00:03<01:12, 18.54it/s]
distill-intermediate epoch 1/2:   5%|▍         | 68/1407 [00:03<01:13, 18.29it/s]
distill-intermediate epoch 1/2:   5%|▍         | 70/1407 [00:03<01:11, 18.62it/s]
distill-intermediate epoch 1/2:   5%|▌         | 72/1407 [00:03<01:12, 18.50it/s]
distill-intermediate epoch 1/2:   5%|▌         | 74/1407 [00:03<01:11, 18.62it/s]
distill-intermediate epoch 1/2:   5%|▌         | 76/1407 [00:04<01:10, 18.92it/s]
distill-intermediate epoch 1/2:   6%|▌         | 78/1407 [00:04<01:11, 18.54it/s]
distill-intermediate epoch 1/2:   6%|▌         | 80/1407 [00:04<01:13, 18.11it/s]
distill-intermediate epoch 1/2:   6%|▌         | 83/1407 [00:04<01:11, 18.62it/s]
distill-intermediate epoch 1/2:   6%|▌         | 85/1407 [00:04<01:10, 18.78it/s]
distill-intermediate epoch 1/2:   6%|▌         | 87/1407 [00:04<01:09, 18.91it/s]
distill-intermediate epoch 1/2:   6%|▋         | 89/1407 [00:04<01:09, 18.86it/s]
distill-intermediate epoch 1/2:   6%|▋         | 91/1407 [00:04<01:08, 19.09it/s]
distill-intermediate epoch 1/2:   7%|▋         | 93/1407 [00:05<01:10, 18.61it/s]
distill-intermediate epoch 1/2:   7%|▋         | 95/1407 [00:05<01:10, 18.59it/s]
distill-intermediate epoch 1/2:   7%|▋         | 97/1407 [00:05<01:12, 18.16it/s]
distill-intermediate epoch 1/2:   7%|▋         | 99/1407 [00:05<01:10, 18.48it/s]
distill-intermediate epoch 1/2:   7%|▋         | 101/1407 [00:05<01:12, 18.06it/s]
distill-intermediate epoch 1/2:   7%|▋         | 103/1407 [00:05<01:10, 18.43it/s]
distill-intermediate epoch 1/2:   7%|▋         | 105/1407 [00:05<01:09, 18.62it/s]
distill-intermediate epoch 1/2:   8%|▊         | 107/1407 [00:05<01:09, 18.74it/s]
distill-intermediate epoch 1/2:   8%|▊         | 109/1407 [00:05<01:09, 18.64it/s]
distill-intermediate epoch 1/2:   8%|▊         | 111/1407 [00:05<01:08, 19.01it/s]
distill-intermediate epoch 1/2:   8%|▊         | 113/1407 [00:06<01:10, 18.35it/s]
distill-intermediate epoch 1/2:   8%|▊         | 115/1407 [00:06<01:09, 18.53it/s]
distill-intermediate epoch 1/2:   8%|▊         | 117/1407 [00:06<01:08, 18.76it/s]
distill-intermediate epoch 1/2:   8%|▊         | 119/1407 [00:06<01:08, 18.67it/s]
distill-intermediate epoch 1/2:   9%|▊         | 121/1407 [00:06<01:09, 18.41it/s]
distill-intermediate epoch 1/2:   9%|▊         | 123/1407 [00:06<01:10, 18.16it/s]
distill-intermediate epoch 1/2:   9%|▉         | 125/1407 [00:06<01:11, 18.04it/s]
distill-intermediate epoch 1/2:   9%|▉         | 127/1407 [00:06<01:10, 18.15it/s]
distill-intermediate epoch 1/2:   9%|▉         | 129/1407 [00:06<01:09, 18.29it/s]
distill-intermediate epoch 1/2:   9%|▉         | 131/1407 [00:07<01:10, 18.17it/s]
distill-intermediate epoch 1/2:   9%|▉         | 133/1407 [00:07<01:09, 18.40it/s]
distill-intermediate epoch 1/2:  10%|▉         | 135/1407 [00:07<01:09, 18.43it/s]
distill-intermediate epoch 1/2:  10%|▉         | 137/1407 [00:07<01:08, 18.49it/s]
distill-intermediate epoch 1/2:  10%|▉         | 139/1407 [00:07<01:08, 18.48it/s]
distill-intermediate epoch 1/2:  10%|█         | 141/1407 [00:07<01:08, 18.60it/s]
distill-intermediate epoch 1/2:  10%|█         | 143/1407 [00:07<01:06, 18.96it/s]
distill-intermediate epoch 1/2:  10%|█         | 145/1407 [00:07<01:05, 19.22it/s]
distill-intermediate epoch 1/2:  10%|█         | 147/1407 [00:07<01:05, 19.20it/s]
distill-intermediate epoch 1/2:  11%|█         | 150/1407 [00:08<01:03, 19.72it/s]
distill-intermediate epoch 1/2:  11%|█         | 152/1407 [00:08<01:04, 19.43it/s]
distill-intermediate epoch 1/2:  11%|█         | 154/1407 [00:08<01:04, 19.28it/s]
distill-intermediate epoch 1/2:  11%|█         | 156/1407 [00:08<01:07, 18.62it/s]
distill-intermediate epoch 1/2:  11%|█         | 158/1407 [00:08<01:06, 18.75it/s]
distill-intermediate epoch 1/2:  11%|█▏        | 160/1407 [00:08<01:08, 18.21it/s]
distill-intermediate epoch 1/2:  12%|█▏        | 162/1407 [00:08<01:08, 18.20it/s]
distill-intermediate epoch 1/2:  12%|█▏        | 164/1407 [00:08<01:06, 18.65it/s]
distill-intermediate epoch 1/2:  12%|█▏        | 166/1407 [00:08<01:05, 18.93it/s]
distill-intermediate epoch 1/2:  12%|█▏        | 168/1407 [00:09<01:05, 19.06it/s]
distill-intermediate epoch 1/2:  12%|█▏        | 170/1407 [00:09<01:07, 18.46it/s]
distill-intermediate epoch 1/2:  12%|█▏        | 172/1407 [00:09<01:06, 18.69it/s]
distill-intermediate epoch 1/2:  12%|█▏        | 174/1407 [00:09<01:04, 18.99it/s]
distill-intermediate epoch 1/2:  13%|█▎        | 176/1407 [00:09<01:04, 19.04it/s]
distill-intermediate epoch 1/2:  13%|█▎        | 178/1407 [00:09<01:03, 19.31it/s]
distill-intermediate epoch 1/2:  13%|█▎        | 180/1407 [00:09<01:06, 18.49it/s]
distill-intermediate epoch 1/2:  13%|█▎        | 182/1407 [00:09<01:07, 18.18it/s]
distill-intermediate epoch 1/2:  13%|█▎        | 184/1407 [00:09<01:07, 18.19it/s]
distill-intermediate epoch 1/2:  13%|█▎        | 186/1407 [00:10<01:06, 18.30it/s]
distill-intermediate epoch 1/2:  13%|█▎        | 188/1407 [00:10<01:06, 18.28it/s]
distill-intermediate epoch 1/2:  14%|█▎        | 190/1407 [00:10<01:05, 18.65it/s]
distill-intermediate epoch 1/2:  14%|█▎        | 192/1407 [00:10<01:05, 18.65it/s]
distill-intermediate epoch 1/2:  14%|█▍        | 194/1407 [00:10<01:04, 18.75it/s]
distill-intermediate epoch 1/2:  14%|█▍        | 197/1407 [00:10<01:04, 18.77it/s]
distill-intermediate epoch 1/2:  14%|█▍        | 199/1407 [00:10<01:04, 18.76it/s]
distill-intermediate epoch 1/2:  14%|█▍        | 201/1407 [00:10<01:03, 18.94it/s]
distill-intermediate epoch 1/2:  14%|█▍        | 203/1407 [00:10<01:04, 18.80it/s]
distill-intermediate epoch 1/2:  15%|█▍        | 205/1407 [00:11<01:02, 19.12it/s]
distill-intermediate epoch 1/2:  15%|█▍        | 207/1407 [00:11<01:02, 19.14it/s]
distill-intermediate epoch 1/2:  15%|█▍        | 209/1407 [00:11<01:03, 18.96it/s]
distill-intermediate epoch 1/2:  15%|█▍        | 211/1407 [00:11<01:04, 18.69it/s]
distill-intermediate epoch 1/2:  15%|█▌        | 213/1407 [00:11<01:03, 18.77it/s]
distill-intermediate epoch 1/2:  15%|█▌        | 215/1407 [00:11<01:06, 18.02it/s]
distill-intermediate epoch 1/2:  15%|█▌        | 217/1407 [00:11<01:07, 17.69it/s]
distill-intermediate epoch 1/2:  16%|█▌        | 219/1407 [00:11<01:05, 18.27it/s]
distill-intermediate epoch 1/2:  16%|█▌        | 222/1407 [00:11<01:02, 18.92it/s]
distill-intermediate epoch 1/2:  16%|█▌        | 224/1407 [00:12<01:02, 18.90it/s]
distill-intermediate epoch 1/2:  16%|█▌        | 227/1407 [00:12<01:00, 19.36it/s]
distill-intermediate epoch 1/2:  16%|█▋        | 229/1407 [00:12<01:00, 19.38it/s]
distill-intermediate epoch 1/2:  16%|█▋        | 231/1407 [00:12<01:01, 18.97it/s]
distill-intermediate epoch 1/2:  17%|█▋        | 233/1407 [00:12<01:01, 18.98it/s]
distill-intermediate epoch 1/2:  17%|█▋        | 235/1407 [00:12<01:03, 18.52it/s]
distill-intermediate epoch 1/2:  17%|█▋        | 237/1407 [00:12<01:03, 18.44it/s]
distill-intermediate epoch 1/2:  17%|█▋        | 239/1407 [00:12<01:04, 18.21it/s]
distill-intermediate epoch 1/2:  17%|█▋        | 241/1407 [00:12<01:04, 18.04it/s]
distill-intermediate epoch 1/2:  17%|█▋        | 243/1407 [00:13<01:04, 18.10it/s]
distill-intermediate epoch 1/2:  17%|█▋        | 245/1407 [00:13<01:03, 18.42it/s]
distill-intermediate epoch 1/2:  18%|█▊        | 247/1407 [00:13<01:04, 18.00it/s]
distill-intermediate epoch 1/2:  18%|█▊        | 249/1407 [00:13<01:04, 17.85it/s]
distill-intermediate epoch 1/2:  18%|█▊        | 251/1407 [00:13<01:04, 17.93it/s]
distill-intermediate epoch 1/2:  18%|█▊        | 253/1407 [00:13<01:03, 18.23it/s]
distill-intermediate epoch 1/2:  18%|█▊        | 255/1407 [00:13<01:02, 18.40it/s]
distill-intermediate epoch 1/2:  18%|█▊        | 257/1407 [00:13<01:02, 18.40it/s]
distill-intermediate epoch 1/2:  18%|█▊        | 259/1407 [00:13<01:03, 18.07it/s]
distill-intermediate epoch 1/2:  19%|█▊        | 261/1407 [00:14<01:03, 18.19it/s]
distill-intermediate epoch 1/2:  19%|█▊        | 263/1407 [00:14<01:01, 18.52it/s]
distill-intermediate epoch 1/2:  19%|█▉        | 265/1407 [00:14<01:01, 18.47it/s]
distill-intermediate epoch 1/2:  19%|█▉        | 267/1407 [00:14<01:02, 18.27it/s]
distill-intermediate epoch 1/2:  19%|█▉        | 269/1407 [00:14<01:00, 18.67it/s]
distill-intermediate epoch 1/2:  19%|█▉        | 271/1407 [00:14<01:00, 18.85it/s]
distill-intermediate epoch 1/2:  19%|█▉        | 273/1407 [00:14<00:59, 19.17it/s]
distill-intermediate epoch 1/2:  20%|█▉        | 275/1407 [00:14<01:00, 18.79it/s]
distill-intermediate epoch 1/2:  20%|█▉        | 277/1407 [00:14<00:59, 18.90it/s]
distill-intermediate epoch 1/2:  20%|█▉        | 279/1407 [00:14<00:58, 19.15it/s]
distill-intermediate epoch 1/2:  20%|█▉        | 281/1407 [00:15<00:58, 19.31it/s]
distill-intermediate epoch 1/2:  20%|██        | 283/1407 [00:15<00:59, 18.95it/s]
distill-intermediate epoch 1/2:  20%|██        | 285/1407 [00:15<01:00, 18.45it/s]
distill-intermediate epoch 1/2:  20%|██        | 287/1407 [00:15<01:01, 18.21it/s]
distill-intermediate epoch 1/2:  21%|██        | 289/1407 [00:15<01:01, 18.10it/s]
distill-intermediate epoch 1/2:  21%|██        | 291/1407 [00:15<01:01, 18.08it/s]
distill-intermediate epoch 1/2:  21%|██        | 293/1407 [00:15<01:00, 18.27it/s]
distill-intermediate epoch 1/2:  21%|██        | 295/1407 [00:15<01:00, 18.31it/s]
distill-intermediate epoch 1/2:  21%|██        | 297/1407 [00:15<01:00, 18.32it/s]
distill-intermediate epoch 1/2:  21%|██▏       | 299/1407 [00:16<01:02, 17.73it/s]
distill-intermediate epoch 1/2:  21%|██▏       | 301/1407 [00:16<01:01, 18.09it/s]
distill-intermediate epoch 1/2:  22%|██▏       | 303/1407 [00:16<01:00, 18.39it/s]
distill-intermediate epoch 1/2:  22%|██▏       | 305/1407 [00:16<01:00, 18.32it/s]
distill-intermediate epoch 1/2:  22%|██▏       | 307/1407 [00:16<01:00, 18.08it/s]
distill-intermediate epoch 1/2:  22%|██▏       | 309/1407 [00:16<01:00, 18.20it/s]
distill-intermediate epoch 1/2:  22%|██▏       | 311/1407 [00:16<00:59, 18.50it/s]
distill-intermediate epoch 1/2:  22%|██▏       | 313/1407 [00:16<00:59, 18.46it/s]
distill-intermediate epoch 1/2:  22%|██▏       | 315/1407 [00:16<00:58, 18.55it/s]
distill-intermediate epoch 1/2:  23%|██▎       | 317/1407 [00:17<00:58, 18.71it/s]
distill-intermediate epoch 1/2:  23%|██▎       | 319/1407 [00:17<00:57, 18.76it/s]
distill-intermediate epoch 1/2:  23%|██▎       | 321/1407 [00:17<00:58, 18.63it/s]
distill-intermediate epoch 1/2:  23%|██▎       | 323/1407 [00:17<00:58, 18.44it/s]
distill-intermediate epoch 1/2:  23%|██▎       | 325/1407 [00:17<00:58, 18.58it/s]
distill-intermediate epoch 1/2:  23%|██▎       | 327/1407 [00:17<00:57, 18.75it/s]
distill-intermediate epoch 1/2:  23%|██▎       | 329/1407 [00:17<00:58, 18.27it/s]
distill-intermediate epoch 1/2:  24%|██▎       | 331/1407 [00:17<00:58, 18.29it/s]
distill-intermediate epoch 1/2:  24%|██▎       | 333/1407 [00:17<00:58, 18.47it/s]
distill-intermediate epoch 1/2:  24%|██▍       | 335/1407 [00:18<00:58, 18.46it/s]
distill-intermediate epoch 1/2:  24%|██▍       | 337/1407 [00:18<00:58, 18.25it/s]
distill-intermediate epoch 1/2:  24%|██▍       | 339/1407 [00:18<00:58, 18.38it/s]
distill-intermediate epoch 1/2:  24%|██▍       | 341/1407 [00:18<00:58, 18.38it/s]
distill-intermediate epoch 1/2:  24%|██▍       | 343/1407 [00:18<00:56, 18.76it/s]
distill-intermediate epoch 1/2:  25%|██▍       | 345/1407 [00:18<00:55, 18.99it/s]
distill-intermediate epoch 1/2:  25%|██▍       | 347/1407 [00:18<00:55, 19.02it/s]
distill-intermediate epoch 1/2:  25%|██▍       | 349/1407 [00:18<00:54, 19.28it/s]
distill-intermediate epoch 1/2:  25%|██▍       | 351/1407 [00:18<00:54, 19.35it/s]
distill-intermediate epoch 1/2:  25%|██▌       | 353/1407 [00:18<00:54, 19.28it/s]
distill-intermediate epoch 1/2:  25%|██▌       | 355/1407 [00:19<00:55, 18.96it/s]
distill-intermediate epoch 1/2:  25%|██▌       | 358/1407 [00:19<00:54, 19.09it/s]
distill-intermediate epoch 1/2:  26%|██▌       | 360/1407 [00:19<00:54, 19.31it/s]
distill-intermediate epoch 1/2:  26%|██▌       | 362/1407 [00:19<00:55, 18.99it/s]
distill-intermediate epoch 1/2:  26%|██▌       | 364/1407 [00:19<00:55, 18.89it/s]
distill-intermediate epoch 1/2:  26%|██▌       | 366/1407 [00:19<00:57, 18.06it/s]
distill-intermediate epoch 1/2:  26%|██▌       | 368/1407 [00:19<00:57, 18.06it/s]
distill-intermediate epoch 1/2:  26%|██▋       | 370/1407 [00:19<00:56, 18.46it/s]
distill-intermediate epoch 1/2:  26%|██▋       | 372/1407 [00:20<00:56, 18.16it/s]
distill-intermediate epoch 1/2:  27%|██▋       | 374/1407 [00:20<00:58, 17.63it/s]
distill-intermediate epoch 1/2:  27%|██▋       | 376/1407 [00:20<00:57, 17.79it/s]
distill-intermediate epoch 1/2:  27%|██▋       | 378/1407 [00:20<00:57, 17.92it/s]
distill-intermediate epoch 1/2:  27%|██▋       | 380/1407 [00:20<00:56, 18.13it/s]
distill-intermediate epoch 1/2:  27%|██▋       | 382/1407 [00:20<00:56, 18.23it/s]
distill-intermediate epoch 1/2:  27%|██▋       | 384/1407 [00:20<00:56, 18.19it/s]
distill-intermediate epoch 1/2:  27%|██▋       | 386/1407 [00:20<00:56, 18.11it/s]
distill-intermediate epoch 1/2:  28%|██▊       | 388/1407 [00:20<00:55, 18.46it/s]
distill-intermediate epoch 1/2:  28%|██▊       | 390/1407 [00:21<00:54, 18.56it/s]
distill-intermediate epoch 1/2:  28%|██▊       | 392/1407 [00:21<00:54, 18.58it/s]
distill-intermediate epoch 1/2:  28%|██▊       | 394/1407 [00:21<00:54, 18.65it/s]
distill-intermediate epoch 1/2:  28%|██▊       | 396/1407 [00:21<00:54, 18.51it/s]
distill-intermediate epoch 1/2:  28%|██▊       | 398/1407 [00:21<00:54, 18.52it/s]
distill-intermediate epoch 1/2:  28%|██▊       | 400/1407 [00:21<00:53, 18.81it/s]
distill-intermediate epoch 1/2:  29%|██▊       | 402/1407 [00:21<00:53, 18.67it/s]
distill-intermediate epoch 1/2:  29%|██▊       | 404/1407 [00:21<00:54, 18.50it/s]
distill-intermediate epoch 1/2:  29%|██▉       | 406/1407 [00:21<00:54, 18.30it/s]
distill-intermediate epoch 1/2:  29%|██▉       | 408/1407 [00:21<00:54, 18.28it/s]
distill-intermediate epoch 1/2:  29%|██▉       | 410/1407 [00:22<00:54, 18.45it/s]
distill-intermediate epoch 1/2:  29%|██▉       | 412/1407 [00:22<00:53, 18.44it/s]
distill-intermediate epoch 1/2:  29%|██▉       | 414/1407 [00:22<00:53, 18.43it/s]
distill-intermediate epoch 1/2:  30%|██▉       | 416/1407 [00:22<00:53, 18.44it/s]
distill-intermediate epoch 1/2:  30%|██▉       | 418/1407 [00:22<00:54, 18.18it/s]
distill-intermediate epoch 1/2:  30%|██▉       | 420/1407 [00:22<00:53, 18.40it/s]
distill-intermediate epoch 1/2:  30%|██▉       | 422/1407 [00:22<00:52, 18.59it/s]
distill-intermediate epoch 1/2:  30%|███       | 424/1407 [00:22<00:53, 18.23it/s]
distill-intermediate epoch 1/2:  30%|███       | 426/1407 [00:22<00:52, 18.72it/s]
distill-intermediate epoch 1/2:  30%|███       | 428/1407 [00:23<00:51, 18.83it/s]
distill-intermediate epoch 1/2:  31%|███       | 430/1407 [00:23<00:51, 19.15it/s]
distill-intermediate epoch 1/2:  31%|███       | 432/1407 [00:23<00:52, 18.66it/s]
distill-intermediate epoch 1/2:  31%|███       | 434/1407 [00:23<00:53, 18.31it/s]
distill-intermediate epoch 1/2:  31%|███       | 436/1407 [00:23<00:53, 18.27it/s]
distill-intermediate epoch 1/2:  31%|███       | 438/1407 [00:23<00:52, 18.39it/s]
distill-intermediate epoch 1/2:  31%|███▏      | 440/1407 [00:23<00:51, 18.78it/s]
distill-intermediate epoch 1/2:  31%|███▏      | 442/1407 [00:23<00:50, 19.11it/s]
distill-intermediate epoch 1/2:  32%|███▏      | 444/1407 [00:23<00:51, 18.83it/s]
distill-intermediate epoch 1/2:  32%|███▏      | 446/1407 [00:24<00:52, 18.20it/s]
distill-intermediate epoch 1/2:  32%|███▏      | 448/1407 [00:24<00:51, 18.57it/s]
distill-intermediate epoch 1/2:  32%|███▏      | 450/1407 [00:24<00:51, 18.75it/s]
distill-intermediate epoch 1/2:  32%|███▏      | 452/1407 [00:24<00:50, 19.00it/s]
distill-intermediate epoch 1/2:  32%|███▏      | 454/1407 [00:24<00:49, 19.11it/s]
distill-intermediate epoch 1/2:  32%|███▏      | 456/1407 [00:24<00:50, 18.87it/s]
distill-intermediate epoch 1/2:  33%|███▎      | 458/1407 [00:24<00:50, 18.90it/s]
distill-intermediate epoch 1/2:  33%|███▎      | 460/1407 [00:24<00:49, 19.20it/s]
distill-intermediate epoch 1/2:  33%|███▎      | 462/1407 [00:24<00:49, 19.03it/s]
distill-intermediate epoch 1/2:  33%|███▎      | 464/1407 [00:24<00:50, 18.76it/s]
distill-intermediate epoch 1/2:  33%|███▎      | 466/1407 [00:25<00:49, 18.91it/s]
distill-intermediate epoch 1/2:  33%|███▎      | 468/1407 [00:25<00:50, 18.58it/s]
distill-intermediate epoch 1/2:  33%|███▎      | 470/1407 [00:25<00:50, 18.73it/s]
distill-intermediate epoch 1/2:  34%|███▎      | 472/1407 [00:25<00:50, 18.67it/s]
distill-intermediate epoch 1/2:  34%|███▎      | 474/1407 [00:25<00:50, 18.48it/s]
distill-intermediate epoch 1/2:  34%|███▍      | 476/1407 [00:25<00:52, 17.85it/s]
distill-intermediate epoch 1/2:  34%|███▍      | 478/1407 [00:25<00:50, 18.24it/s]
distill-intermediate epoch 1/2:  34%|███▍      | 480/1407 [00:25<00:51, 18.09it/s]
distill-intermediate epoch 1/2:  34%|███▍      | 482/1407 [00:25<00:50, 18.27it/s]
distill-intermediate epoch 1/2:  34%|███▍      | 484/1407 [00:26<00:50, 18.24it/s]
distill-intermediate epoch 1/2:  35%|███▍      | 486/1407 [00:26<00:49, 18.70it/s]
distill-intermediate epoch 1/2:  35%|███▍      | 488/1407 [00:26<00:49, 18.48it/s]
distill-intermediate epoch 1/2:  35%|███▍      | 490/1407 [00:26<00:49, 18.52it/s]
distill-intermediate epoch 1/2:  35%|███▍      | 492/1407 [00:26<00:48, 18.70it/s]
distill-intermediate epoch 1/2:  35%|███▌      | 494/1407 [00:26<00:48, 18.99it/s]
distill-intermediate epoch 1/2:  35%|███▌      | 496/1407 [00:26<00:49, 18.59it/s]
distill-intermediate epoch 1/2:  35%|███▌      | 498/1407 [00:26<00:48, 18.66it/s]
distill-intermediate epoch 1/2:  36%|███▌      | 500/1407 [00:26<00:49, 18.50it/s]
distill-intermediate epoch 1/2:  36%|███▌      | 502/1407 [00:27<00:48, 18.73it/s]
distill-intermediate epoch 1/2:  36%|███▌      | 504/1407 [00:27<00:48, 18.76it/s]
distill-intermediate epoch 1/2:  36%|███▌      | 506/1407 [00:27<00:47, 18.82it/s]
distill-intermediate epoch 1/2:  36%|███▌      | 508/1407 [00:27<00:47, 18.78it/s]
distill-intermediate epoch 1/2:  36%|███▌      | 510/1407 [00:27<00:48, 18.51it/s]
distill-intermediate epoch 1/2:  36%|███▋      | 512/1407 [00:27<00:48, 18.48it/s]
distill-intermediate epoch 1/2:  37%|███▋      | 514/1407 [00:27<00:47, 18.83it/s]
distill-intermediate epoch 1/2:  37%|███▋      | 516/1407 [00:27<00:47, 18.59it/s]
distill-intermediate epoch 1/2:  37%|███▋      | 519/1407 [00:27<00:46, 19.20it/s]
distill-intermediate epoch 1/2:  37%|███▋      | 521/1407 [00:28<00:46, 19.21it/s]
distill-intermediate epoch 1/2:  37%|███▋      | 524/1407 [00:28<00:45, 19.47it/s]
distill-intermediate epoch 1/2:  37%|███▋      | 526/1407 [00:28<00:45, 19.28it/s]
distill-intermediate epoch 1/2:  38%|███▊      | 528/1407 [00:28<00:45, 19.19it/s]
distill-intermediate epoch 1/2:  38%|███▊      | 530/1407 [00:28<00:45, 19.12it/s]
distill-intermediate epoch 1/2:  38%|███▊      | 532/1407 [00:28<00:46, 18.71it/s]
distill-intermediate epoch 1/2:  38%|███▊      | 534/1407 [00:28<00:46, 18.77it/s]
distill-intermediate epoch 1/2:  38%|███▊      | 536/1407 [00:28<00:47, 18.45it/s]
distill-intermediate epoch 1/2:  38%|███▊      | 538/1407 [00:28<00:47, 18.28it/s]
distill-intermediate epoch 1/2:  38%|███▊      | 540/1407 [00:29<00:48, 18.06it/s]
distill-intermediate epoch 1/2:  39%|███▊      | 542/1407 [00:29<00:47, 18.36it/s]
distill-intermediate epoch 1/2:  39%|███▊      | 544/1407 [00:29<00:47, 18.29it/s]
distill-intermediate epoch 1/2:  39%|███▉      | 546/1407 [00:29<00:46, 18.33it/s]
distill-intermediate epoch 1/2:  39%|███▉      | 548/1407 [00:29<00:45, 18.69it/s]
distill-intermediate epoch 1/2:  39%|███▉      | 550/1407 [00:29<00:46, 18.26it/s]
distill-intermediate epoch 1/2:  39%|███▉      | 552/1407 [00:29<00:47, 18.07it/s]
distill-intermediate epoch 1/2:  39%|███▉      | 554/1407 [00:29<00:46, 18.38it/s]
distill-intermediate epoch 1/2:  40%|███▉      | 556/1407 [00:29<00:45, 18.59it/s]
distill-intermediate epoch 1/2:  40%|███▉      | 558/1407 [00:30<00:46, 18.26it/s]
distill-intermediate epoch 1/2:  40%|███▉      | 560/1407 [00:30<00:45, 18.58it/s]
distill-intermediate epoch 1/2:  40%|███▉      | 562/1407 [00:30<00:45, 18.56it/s]
distill-intermediate epoch 1/2:  40%|████      | 564/1407 [00:30<00:44, 18.77it/s]
distill-intermediate epoch 1/2:  40%|████      | 566/1407 [00:30<00:46, 18.26it/s]
distill-intermediate epoch 1/2:  40%|████      | 568/1407 [00:30<00:45, 18.38it/s]
distill-intermediate epoch 1/2:  41%|████      | 570/1407 [00:30<00:45, 18.23it/s]
distill-intermediate epoch 1/2:  41%|████      | 572/1407 [00:30<00:45, 18.45it/s]
distill-intermediate epoch 1/2:  41%|████      | 574/1407 [00:30<00:44, 18.72it/s]
distill-intermediate epoch 1/2:  41%|████      | 576/1407 [00:31<00:45, 18.44it/s]
distill-intermediate epoch 1/2:  41%|████      | 578/1407 [00:31<00:44, 18.61it/s]
distill-intermediate epoch 1/2:  41%|████      | 580/1407 [00:31<00:44, 18.71it/s]
distill-intermediate epoch 1/2:  41%|████▏     | 582/1407 [00:31<00:43, 19.00it/s]
distill-intermediate epoch 1/2:  42%|████▏     | 584/1407 [00:31<00:43, 19.10it/s]
distill-intermediate epoch 1/2:  42%|████▏     | 586/1407 [00:31<00:43, 18.91it/s]
distill-intermediate epoch 1/2:  42%|████▏     | 588/1407 [00:31<00:43, 19.01it/s]
distill-intermediate epoch 1/2:  42%|████▏     | 590/1407 [00:31<00:42, 19.04it/s]
distill-intermediate epoch 1/2:  42%|████▏     | 592/1407 [00:31<00:42, 19.19it/s]
distill-intermediate epoch 1/2:  42%|████▏     | 594/1407 [00:31<00:42, 18.99it/s]
distill-intermediate epoch 1/2:  42%|████▏     | 596/1407 [00:32<00:43, 18.65it/s]
distill-intermediate epoch 1/2:  43%|████▎     | 598/1407 [00:32<00:43, 18.73it/s]
distill-intermediate epoch 1/2:  43%|████▎     | 600/1407 [00:32<00:43, 18.71it/s]
distill-intermediate epoch 1/2:  43%|████▎     | 602/1407 [00:32<00:42, 18.76it/s]
distill-intermediate epoch 1/2:  43%|████▎     | 604/1407 [00:32<00:43, 18.60it/s]
distill-intermediate epoch 1/2:  43%|████▎     | 606/1407 [00:32<00:43, 18.54it/s]
distill-intermediate epoch 1/2:  43%|████▎     | 608/1407 [00:32<00:43, 18.20it/s]
distill-intermediate epoch 1/2:  43%|████▎     | 610/1407 [00:32<00:43, 18.44it/s]
distill-intermediate epoch 1/2:  43%|████▎     | 612/1407 [00:32<00:43, 18.13it/s]
distill-intermediate epoch 1/2:  44%|████▎     | 614/1407 [00:33<00:43, 18.28it/s]
distill-intermediate epoch 1/2:  44%|████▍     | 616/1407 [00:33<00:42, 18.59it/s]
distill-intermediate epoch 1/2:  44%|████▍     | 618/1407 [00:33<00:41, 18.88it/s]
distill-intermediate epoch 1/2:  44%|████▍     | 620/1407 [00:33<00:41, 19.03it/s]
distill-intermediate epoch 1/2:  44%|████▍     | 622/1407 [00:33<00:42, 18.58it/s]
distill-intermediate epoch 1/2:  44%|████▍     | 624/1407 [00:33<00:42, 18.35it/s]
distill-intermediate epoch 1/2:  44%|████▍     | 626/1407 [00:33<00:41, 18.68it/s]
distill-intermediate epoch 1/2:  45%|████▍     | 628/1407 [00:33<00:41, 18.77it/s]
distill-intermediate epoch 1/2:  45%|████▍     | 630/1407 [00:33<00:40, 19.10it/s]
distill-intermediate epoch 1/2:  45%|████▍     | 632/1407 [00:34<00:41, 18.47it/s]
distill-intermediate epoch 1/2:  45%|████▌     | 634/1407 [00:34<00:40, 18.87it/s]
distill-intermediate epoch 1/2:  45%|████▌     | 636/1407 [00:34<00:41, 18.69it/s]
distill-intermediate epoch 1/2:  45%|████▌     | 638/1407 [00:34<00:41, 18.63it/s]
distill-intermediate epoch 1/2:  45%|████▌     | 640/1407 [00:34<00:40, 18.99it/s]
distill-intermediate epoch 1/2:  46%|████▌     | 642/1407 [00:34<00:41, 18.55it/s]
distill-intermediate epoch 1/2:  46%|████▌     | 644/1407 [00:34<00:41, 18.32it/s]
distill-intermediate epoch 1/2:  46%|████▌     | 646/1407 [00:34<00:40, 18.57it/s]
distill-intermediate epoch 1/2:  46%|████▌     | 648/1407 [00:34<00:40, 18.74it/s]
distill-intermediate epoch 1/2:  46%|████▌     | 650/1407 [00:34<00:40, 18.67it/s]
distill-intermediate epoch 1/2:  46%|████▋     | 652/1407 [00:35<00:39, 18.88it/s]
distill-intermediate epoch 1/2:  46%|████▋     | 654/1407 [00:35<00:39, 19.16it/s]
distill-intermediate epoch 1/2:  47%|████▋     | 656/1407 [00:35<00:39, 19.25it/s]
distill-intermediate epoch 1/2:  47%|████▋     | 658/1407 [00:35<00:39, 19.06it/s]
distill-intermediate epoch 1/2:  47%|████▋     | 660/1407 [00:35<00:39, 19.08it/s]
distill-intermediate epoch 1/2:  47%|████▋     | 662/1407 [00:35<00:39, 18.98it/s]
distill-intermediate epoch 1/2:  47%|████▋     | 664/1407 [00:35<00:39, 19.00it/s]
distill-intermediate epoch 1/2:  47%|████▋     | 666/1407 [00:35<00:39, 18.91it/s]
distill-intermediate epoch 1/2:  47%|████▋     | 668/1407 [00:35<00:38, 19.08it/s]
distill-intermediate epoch 1/2:  48%|████▊     | 670/1407 [00:36<00:39, 18.90it/s]
distill-intermediate epoch 1/2:  48%|████▊     | 672/1407 [00:36<00:38, 19.10it/s]
distill-intermediate epoch 1/2:  48%|████▊     | 674/1407 [00:36<00:40, 18.29it/s]
distill-intermediate epoch 1/2:  48%|████▊     | 676/1407 [00:36<00:40, 18.14it/s]
distill-intermediate epoch 1/2:  48%|████▊     | 678/1407 [00:36<00:39, 18.49it/s]
distill-intermediate epoch 1/2:  48%|████▊     | 680/1407 [00:36<00:39, 18.63it/s]
distill-intermediate epoch 1/2:  48%|████▊     | 682/1407 [00:36<00:38, 18.93it/s]
distill-intermediate epoch 1/2:  49%|████▊     | 684/1407 [00:36<00:38, 18.60it/s]
distill-intermediate epoch 1/2:  49%|████▉     | 686/1407 [00:36<00:38, 18.86it/s]
distill-intermediate epoch 1/2:  49%|████▉     | 688/1407 [00:36<00:38, 18.72it/s]
distill-intermediate epoch 1/2:  49%|████▉     | 690/1407 [00:37<00:38, 18.43it/s]
distill-intermediate epoch 1/2:  49%|████▉     | 692/1407 [00:37<00:38, 18.33it/s]
distill-intermediate epoch 1/2:  49%|████▉     | 694/1407 [00:37<00:38, 18.75it/s]
distill-intermediate epoch 1/2:  49%|████▉     | 696/1407 [00:37<00:37, 18.80it/s]
distill-intermediate epoch 1/2:  50%|████▉     | 698/1407 [00:37<00:38, 18.43it/s]
distill-intermediate epoch 1/2:  50%|████▉     | 700/1407 [00:37<00:37, 18.64it/s]
distill-intermediate epoch 1/2:  50%|████▉     | 702/1407 [00:37<00:37, 18.99it/s]
distill-intermediate epoch 1/2:  50%|█████     | 704/1407 [00:37<00:37, 18.76it/s]
distill-intermediate epoch 1/2:  50%|█████     | 706/1407 [00:37<00:37, 18.73it/s]
distill-intermediate epoch 1/2:  50%|█████     | 708/1407 [00:38<00:38, 18.23it/s]
distill-intermediate epoch 1/2:  50%|█████     | 710/1407 [00:38<00:38, 18.26it/s]
distill-intermediate epoch 1/2:  51%|█████     | 712/1407 [00:38<00:37, 18.71it/s]
distill-intermediate epoch 1/2:  51%|█████     | 714/1407 [00:38<00:37, 18.56it/s]
distill-intermediate epoch 1/2:  51%|█████     | 717/1407 [00:38<00:36, 18.79it/s]
distill-intermediate epoch 1/2:  51%|█████     | 719/1407 [00:38<00:36, 19.03it/s]
distill-intermediate epoch 1/2:  51%|█████     | 721/1407 [00:38<00:35, 19.13it/s]
distill-intermediate epoch 1/2:  51%|█████▏    | 723/1407 [00:38<00:35, 19.06it/s]
distill-intermediate epoch 1/2:  52%|█████▏    | 725/1407 [00:38<00:36, 18.71it/s]
distill-intermediate epoch 1/2:  52%|█████▏    | 727/1407 [00:39<00:36, 18.62it/s]
distill-intermediate epoch 1/2:  52%|█████▏    | 729/1407 [00:39<00:36, 18.62it/s]
distill-intermediate epoch 1/2:  52%|█████▏    | 731/1407 [00:39<00:36, 18.38it/s]
distill-intermediate epoch 1/2:  52%|█████▏    | 733/1407 [00:39<00:36, 18.23it/s]
distill-intermediate epoch 1/2:  52%|█████▏    | 735/1407 [00:39<00:36, 18.54it/s]
distill-intermediate epoch 1/2:  52%|█████▏    | 737/1407 [00:39<00:35, 18.93it/s]
distill-intermediate epoch 1/2:  53%|█████▎    | 739/1407 [00:39<00:35, 18.92it/s]
distill-intermediate epoch 1/2:  53%|█████▎    | 741/1407 [00:39<00:35, 18.81it/s]
distill-intermediate epoch 1/2:  53%|█████▎    | 743/1407 [00:39<00:34, 18.98it/s]
distill-intermediate epoch 1/2:  53%|█████▎    | 745/1407 [00:40<00:35, 18.79it/s]
distill-intermediate epoch 1/2:  53%|█████▎    | 747/1407 [00:40<00:35, 18.70it/s]
distill-intermediate epoch 1/2:  53%|█████▎    | 749/1407 [00:40<00:36, 18.09it/s]
distill-intermediate epoch 1/2:  53%|█████▎    | 751/1407 [00:40<00:35, 18.51it/s]
distill-intermediate epoch 1/2:  54%|█████▎    | 753/1407 [00:40<00:36, 18.07it/s]
distill-intermediate epoch 1/2:  54%|█████▎    | 755/1407 [00:40<00:36, 18.01it/s]
distill-intermediate epoch 1/2:  54%|█████▍    | 758/1407 [00:40<00:34, 18.90it/s]
distill-intermediate epoch 1/2:  54%|█████▍    | 760/1407 [00:40<00:34, 18.71it/s]
distill-intermediate epoch 1/2:  54%|█████▍    | 762/1407 [00:40<00:33, 18.97it/s]
distill-intermediate epoch 1/2:  54%|█████▍    | 764/1407 [00:41<00:34, 18.85it/s]
distill-intermediate epoch 1/2:  54%|█████▍    | 766/1407 [00:41<00:33, 19.01it/s]
distill-intermediate epoch 1/2:  55%|█████▍    | 768/1407 [00:41<00:33, 19.18it/s]
distill-intermediate epoch 1/2:  55%|█████▍    | 770/1407 [00:41<00:33, 19.20it/s]
distill-intermediate epoch 1/2:  55%|█████▍    | 772/1407 [00:41<00:33, 19.20it/s]
distill-intermediate epoch 1/2:  55%|█████▌    | 774/1407 [00:41<00:32, 19.24it/s]
distill-intermediate epoch 1/2:  55%|█████▌    | 776/1407 [00:41<00:33, 18.89it/s]
distill-intermediate epoch 1/2:  55%|█████▌    | 778/1407 [00:41<00:33, 18.88it/s]
distill-intermediate epoch 1/2:  55%|█████▌    | 780/1407 [00:41<00:33, 18.93it/s]
distill-intermediate epoch 1/2:  56%|█████▌    | 782/1407 [00:41<00:33, 18.92it/s]
distill-intermediate epoch 1/2:  56%|█████▌    | 784/1407 [00:42<00:33, 18.72it/s]
distill-intermediate epoch 1/2:  56%|█████▌    | 786/1407 [00:42<00:33, 18.79it/s]
distill-intermediate epoch 1/2:  56%|█████▌    | 788/1407 [00:42<00:32, 18.96it/s]
distill-intermediate epoch 1/2:  56%|█████▌    | 790/1407 [00:42<00:32, 18.78it/s]
distill-intermediate epoch 1/2:  56%|█████▋    | 792/1407 [00:42<00:33, 18.63it/s]
distill-intermediate epoch 1/2:  56%|█████▋    | 794/1407 [00:42<00:32, 18.73it/s]
distill-intermediate epoch 1/2:  57%|█████▋    | 796/1407 [00:42<00:33, 18.50it/s]
distill-intermediate epoch 1/2:  57%|█████▋    | 798/1407 [00:42<00:34, 17.91it/s]
distill-intermediate epoch 1/2:  57%|█████▋    | 800/1407 [00:42<00:32, 18.41it/s]
distill-intermediate epoch 1/2:  57%|█████▋    | 802/1407 [00:43<00:32, 18.35it/s]
distill-intermediate epoch 1/2:  57%|█████▋    | 804/1407 [00:43<00:32, 18.60it/s]
distill-intermediate epoch 1/2:  57%|█████▋    | 806/1407 [00:43<00:32, 18.39it/s]
distill-intermediate epoch 1/2:  57%|█████▋    | 808/1407 [00:43<00:32, 18.33it/s]
distill-intermediate epoch 1/2:  58%|█████▊    | 810/1407 [00:43<00:32, 18.44it/s]
distill-intermediate epoch 1/2:  58%|█████▊    | 812/1407 [00:43<00:32, 18.43it/s]
distill-intermediate epoch 1/2:  58%|█████▊    | 814/1407 [00:43<00:32, 18.39it/s]
distill-intermediate epoch 1/2:  58%|█████▊    | 816/1407 [00:43<00:32, 18.11it/s]
distill-intermediate epoch 1/2:  58%|█████▊    | 818/1407 [00:43<00:32, 18.04it/s]
distill-intermediate epoch 1/2:  58%|█████▊    | 820/1407 [00:44<00:31, 18.38it/s]
distill-intermediate epoch 1/2:  58%|█████▊    | 822/1407 [00:44<00:31, 18.40it/s]
distill-intermediate epoch 1/2:  59%|█████▊    | 824/1407 [00:44<00:32, 18.17it/s]
distill-intermediate epoch 1/2:  59%|█████▊    | 826/1407 [00:44<00:31, 18.45it/s]
distill-intermediate epoch 1/2:  59%|█████▉    | 828/1407 [00:44<00:31, 18.43it/s]
distill-intermediate epoch 1/2:  59%|█████▉    | 830/1407 [00:44<00:31, 18.36it/s]
distill-intermediate epoch 1/2:  59%|█████▉    | 832/1407 [00:44<00:30, 18.74it/s]
distill-intermediate epoch 1/2:  59%|█████▉    | 834/1407 [00:44<00:30, 18.96it/s]
distill-intermediate epoch 1/2:  59%|█████▉    | 836/1407 [00:44<00:30, 18.62it/s]
distill-intermediate epoch 1/2:  60%|█████▉    | 838/1407 [00:45<00:30, 18.76it/s]
distill-intermediate epoch 1/2:  60%|█████▉    | 840/1407 [00:45<00:31, 18.25it/s]
distill-intermediate epoch 1/2:  60%|█████▉    | 842/1407 [00:45<00:30, 18.49it/s]
distill-intermediate epoch 1/2:  60%|█████▉    | 844/1407 [00:45<00:31, 18.00it/s]
distill-intermediate epoch 1/2:  60%|██████    | 846/1407 [00:45<00:30, 18.23it/s]
distill-intermediate epoch 1/2:  60%|██████    | 848/1407 [00:45<00:29, 18.70it/s]
distill-intermediate epoch 1/2:  60%|██████    | 850/1407 [00:45<00:30, 18.52it/s]
distill-intermediate epoch 1/2:  61%|██████    | 852/1407 [00:45<00:30, 18.39it/s]
distill-intermediate epoch 1/2:  61%|██████    | 854/1407 [00:45<00:29, 18.48it/s]
distill-intermediate epoch 1/2:  61%|██████    | 856/1407 [00:46<00:29, 18.86it/s]
distill-intermediate epoch 1/2:  61%|██████    | 858/1407 [00:46<00:28, 18.95it/s]
distill-intermediate epoch 1/2:  61%|██████    | 860/1407 [00:46<00:29, 18.77it/s]
distill-intermediate epoch 1/2:  61%|██████▏   | 863/1407 [00:46<00:28, 19.25it/s]
distill-intermediate epoch 1/2:  61%|██████▏   | 865/1407 [00:46<00:28, 19.18it/s]
distill-intermediate epoch 1/2:  62%|██████▏   | 868/1407 [00:46<00:27, 19.38it/s]
distill-intermediate epoch 1/2:  62%|██████▏   | 870/1407 [00:46<00:27, 19.49it/s]
distill-intermediate epoch 1/2:  62%|██████▏   | 872/1407 [00:46<00:27, 19.46it/s]
distill-intermediate epoch 1/2:  62%|██████▏   | 874/1407 [00:46<00:28, 18.93it/s]
distill-intermediate epoch 1/2:  62%|██████▏   | 876/1407 [00:47<00:28, 18.83it/s]
distill-intermediate epoch 1/2:  62%|██████▏   | 879/1407 [00:47<00:27, 19.31it/s]
distill-intermediate epoch 1/2:  63%|██████▎   | 881/1407 [00:47<00:27, 19.05it/s]
distill-intermediate epoch 1/2:  63%|██████▎   | 883/1407 [00:47<00:27, 18.85it/s]
distill-intermediate epoch 1/2:  63%|██████▎   | 885/1407 [00:47<00:27, 18.97it/s]
distill-intermediate epoch 1/2:  63%|██████▎   | 887/1407 [00:47<00:27, 19.24it/s]
distill-intermediate epoch 1/2:  63%|██████▎   | 889/1407 [00:47<00:27, 18.91it/s]
distill-intermediate epoch 1/2:  63%|██████▎   | 891/1407 [00:47<00:27, 18.73it/s]
distill-intermediate epoch 1/2:  63%|██████▎   | 893/1407 [00:47<00:26, 19.07it/s]
distill-intermediate epoch 1/2:  64%|██████▎   | 895/1407 [00:48<00:27, 18.94it/s]
distill-intermediate epoch 1/2:  64%|██████▍   | 897/1407 [00:48<00:26, 19.22it/s]
distill-intermediate epoch 1/2:  64%|██████▍   | 900/1407 [00:48<00:26, 19.24it/s]
distill-intermediate epoch 1/2:  64%|██████▍   | 902/1407 [00:48<00:26, 19.18it/s]
distill-intermediate epoch 1/2:  64%|██████▍   | 904/1407 [00:48<00:26, 18.76it/s]
distill-intermediate epoch 1/2:  64%|██████▍   | 906/1407 [00:48<00:26, 18.63it/s]
distill-intermediate epoch 1/2:  65%|██████▍   | 908/1407 [00:48<00:27, 18.35it/s]
distill-intermediate epoch 1/2:  65%|██████▍   | 910/1407 [00:48<00:27, 18.25it/s]
distill-intermediate epoch 1/2:  65%|██████▍   | 912/1407 [00:48<00:26, 18.51it/s]
distill-intermediate epoch 1/2:  65%|██████▍   | 914/1407 [00:49<00:27, 18.16it/s]
distill-intermediate epoch 1/2:  65%|██████▌   | 916/1407 [00:49<00:26, 18.30it/s]
distill-intermediate epoch 1/2:  65%|██████▌   | 919/1407 [00:49<00:26, 18.76it/s]
distill-intermediate epoch 1/2:  65%|██████▌   | 921/1407 [00:49<00:25, 18.82it/s]
distill-intermediate epoch 1/2:  66%|██████▌   | 923/1407 [00:49<00:26, 18.47it/s]
distill-intermediate epoch 1/2:  66%|██████▌   | 925/1407 [00:49<00:27, 17.78it/s]
distill-intermediate epoch 1/2:  66%|██████▌   | 927/1407 [00:49<00:26, 17.88it/s]
distill-intermediate epoch 1/2:  66%|██████▌   | 929/1407 [00:49<00:27, 17.69it/s]
distill-intermediate epoch 1/2:  66%|██████▌   | 931/1407 [00:50<00:26, 17.84it/s]
distill-intermediate epoch 1/2:  66%|██████▋   | 933/1407 [00:50<00:26, 17.64it/s]
distill-intermediate epoch 1/2:  66%|██████▋   | 935/1407 [00:50<00:26, 18.00it/s]
distill-intermediate epoch 1/2:  67%|██████▋   | 937/1407 [00:50<00:26, 17.95it/s]
distill-intermediate epoch 1/2:  67%|██████▋   | 939/1407 [00:50<00:25, 18.35it/s]
distill-intermediate epoch 1/2:  67%|██████▋   | 941/1407 [00:50<00:25, 18.49it/s]
distill-intermediate epoch 1/2:  67%|██████▋   | 943/1407 [00:50<00:24, 18.67it/s]
distill-intermediate epoch 1/2:  67%|██████▋   | 945/1407 [00:50<00:24, 18.70it/s]
distill-intermediate epoch 1/2:  67%|██████▋   | 947/1407 [00:50<00:24, 18.57it/s]
distill-intermediate epoch 1/2:  67%|██████▋   | 949/1407 [00:50<00:24, 18.69it/s]
distill-intermediate epoch 1/2:  68%|██████▊   | 951/1407 [00:51<00:25, 18.20it/s]
distill-intermediate epoch 1/2:  68%|██████▊   | 953/1407 [00:51<00:24, 18.51it/s]
distill-intermediate epoch 1/2:  68%|██████▊   | 955/1407 [00:51<00:24, 18.47it/s]
distill-intermediate epoch 1/2:  68%|██████▊   | 957/1407 [00:51<00:24, 18.44it/s]
distill-intermediate epoch 1/2:  68%|██████▊   | 959/1407 [00:51<00:24, 18.43it/s]
distill-intermediate epoch 1/2:  68%|██████▊   | 961/1407 [00:51<00:23, 18.74it/s]
distill-intermediate epoch 1/2:  68%|██████▊   | 963/1407 [00:51<00:23, 18.89it/s]
distill-intermediate epoch 1/2:  69%|██████▊   | 965/1407 [00:51<00:23, 18.98it/s]
distill-intermediate epoch 1/2:  69%|██████▊   | 967/1407 [00:51<00:23, 18.52it/s]
distill-intermediate epoch 1/2:  69%|██████▉   | 970/1407 [00:52<00:23, 18.99it/s]
distill-intermediate epoch 1/2:  69%|██████▉   | 972/1407 [00:52<00:22, 19.14it/s]
distill-intermediate epoch 1/2:  69%|██████▉   | 974/1407 [00:52<00:22, 19.30it/s]
distill-intermediate epoch 1/2:  69%|██████▉   | 977/1407 [00:52<00:22, 19.24it/s]
distill-intermediate epoch 1/2:  70%|██████▉   | 979/1407 [00:52<00:22, 19.17it/s]
distill-intermediate epoch 1/2:  70%|██████▉   | 981/1407 [00:52<00:22, 18.96it/s]
distill-intermediate epoch 1/2:  70%|██████▉   | 983/1407 [00:52<00:22, 19.11it/s]
distill-intermediate epoch 1/2:  70%|███████   | 985/1407 [00:52<00:21, 19.23it/s]
distill-intermediate epoch 1/2:  70%|███████   | 987/1407 [00:52<00:21, 19.40it/s]
distill-intermediate epoch 1/2:  70%|███████   | 989/1407 [00:53<00:22, 18.88it/s]
distill-intermediate epoch 1/2:  70%|███████   | 991/1407 [00:53<00:22, 18.82it/s]
distill-intermediate epoch 1/2:  71%|███████   | 993/1407 [00:53<00:22, 18.75it/s]
distill-intermediate epoch 1/2:  71%|███████   | 995/1407 [00:53<00:21, 18.77it/s]
distill-intermediate epoch 1/2:  71%|███████   | 997/1407 [00:53<00:21, 18.71it/s]
distill-intermediate epoch 1/2:  71%|███████   | 999/1407 [00:53<00:21, 18.59it/s]
distill-intermediate epoch 1/2:  71%|███████   | 1001/1407 [00:53<00:21, 18.87it/s]
distill-intermediate epoch 1/2:  71%|███████▏  | 1003/1407 [00:53<00:21, 18.72it/s]
distill-intermediate epoch 1/2:  71%|███████▏  | 1005/1407 [00:53<00:21, 18.45it/s]
distill-intermediate epoch 1/2:  72%|███████▏  | 1007/1407 [00:54<00:22, 17.81it/s]
distill-intermediate epoch 1/2:  72%|███████▏  | 1010/1407 [00:54<00:21, 18.76it/s]
distill-intermediate epoch 1/2:  72%|███████▏  | 1012/1407 [00:54<00:21, 18.79it/s]
distill-intermediate epoch 1/2:  72%|███████▏  | 1014/1407 [00:54<00:20, 19.05it/s]
distill-intermediate epoch 1/2:  72%|███████▏  | 1016/1407 [00:54<00:20, 19.14it/s]
distill-intermediate epoch 1/2:  72%|███████▏  | 1019/1407 [00:54<00:20, 18.96it/s]
distill-intermediate epoch 1/2:  73%|███████▎  | 1021/1407 [00:54<00:20, 19.20it/s]
distill-intermediate epoch 1/2:  73%|███████▎  | 1023/1407 [00:54<00:20, 18.69it/s]
distill-intermediate epoch 1/2:  73%|███████▎  | 1025/1407 [00:55<00:20, 18.42it/s]
distill-intermediate epoch 1/2:  73%|███████▎  | 1027/1407 [00:55<00:20, 18.75it/s]
distill-intermediate epoch 1/2:  73%|███████▎  | 1029/1407 [00:55<00:20, 18.86it/s]
distill-intermediate epoch 1/2:  73%|███████▎  | 1031/1407 [00:55<00:19, 19.09it/s]
distill-intermediate epoch 1/2:  73%|███████▎  | 1033/1407 [00:55<00:19, 19.32it/s]
distill-intermediate epoch 1/2:  74%|███████▎  | 1035/1407 [00:55<00:19, 19.35it/s]
distill-intermediate epoch 1/2:  74%|███████▎  | 1037/1407 [00:55<00:19, 19.46it/s]
distill-intermediate epoch 1/2:  74%|███████▍  | 1039/1407 [00:55<00:19, 19.34it/s]
distill-intermediate epoch 1/2:  74%|███████▍  | 1042/1407 [00:55<00:18, 19.61it/s]
distill-intermediate epoch 1/2:  74%|███████▍  | 1044/1407 [00:56<00:18, 19.20it/s]
distill-intermediate epoch 1/2:  74%|███████▍  | 1046/1407 [00:56<00:18, 19.11it/s]
distill-intermediate epoch 1/2:  74%|███████▍  | 1048/1407 [00:56<00:18, 19.27it/s]
distill-intermediate epoch 1/2:  75%|███████▍  | 1050/1407 [00:56<00:18, 19.18it/s]
distill-intermediate epoch 1/2:  75%|███████▍  | 1052/1407 [00:56<00:18, 18.93it/s]
distill-intermediate epoch 1/2:  75%|███████▍  | 1054/1407 [00:56<00:18, 18.78it/s]
distill-intermediate epoch 1/2:  75%|███████▌  | 1056/1407 [00:56<00:18, 18.90it/s]
distill-intermediate epoch 1/2:  75%|███████▌  | 1058/1407 [00:56<00:19, 18.27it/s]
distill-intermediate epoch 1/2:  75%|███████▌  | 1060/1407 [00:56<00:18, 18.42it/s]
distill-intermediate epoch 1/2:  75%|███████▌  | 1062/1407 [00:56<00:18, 18.69it/s]
distill-intermediate epoch 1/2:  76%|███████▌  | 1064/1407 [00:57<00:18, 18.49it/s]
distill-intermediate epoch 1/2:  76%|███████▌  | 1066/1407 [00:57<00:18, 18.36it/s]
distill-intermediate epoch 1/2:  76%|███████▌  | 1068/1407 [00:57<00:18, 18.27it/s]
distill-intermediate epoch 1/2:  76%|███████▌  | 1071/1407 [00:57<00:18, 18.51it/s]
distill-intermediate epoch 1/2:  76%|███████▋  | 1073/1407 [00:57<00:17, 18.74it/s]
distill-intermediate epoch 1/2:  76%|███████▋  | 1075/1407 [00:57<00:17, 18.81it/s]
distill-intermediate epoch 1/2:  77%|███████▋  | 1077/1407 [00:57<00:17, 18.85it/s]
distill-intermediate epoch 1/2:  77%|███████▋  | 1079/1407 [00:58<00:24, 13.33it/s]
distill-intermediate epoch 1/2:  77%|███████▋  | 1081/1407 [00:58<00:22, 14.64it/s]
distill-intermediate epoch 1/2:  77%|███████▋  | 1083/1407 [00:58<00:20, 15.81it/s]
distill-intermediate epoch 1/2:  77%|███████▋  | 1085/1407 [00:58<00:19, 16.51it/s]
distill-intermediate epoch 1/2:  77%|███████▋  | 1087/1407 [00:58<00:18, 16.97it/s]
distill-intermediate epoch 1/2:  77%|███████▋  | 1089/1407 [00:58<00:18, 17.45it/s]
distill-intermediate epoch 1/2:  78%|███████▊  | 1091/1407 [00:58<00:17, 17.87it/s]
distill-intermediate epoch 1/2:  78%|███████▊  | 1093/1407 [00:58<00:17, 18.45it/s]
distill-intermediate epoch 1/2:  78%|███████▊  | 1095/1407 [00:58<00:16, 18.75it/s]
distill-intermediate epoch 1/2:  78%|███████▊  | 1097/1407 [00:58<00:16, 18.47it/s]
distill-intermediate epoch 1/2:  78%|███████▊  | 1099/1407 [00:59<00:16, 18.58it/s]
distill-intermediate epoch 1/2:  78%|███████▊  | 1101/1407 [00:59<00:16, 18.74it/s]
distill-intermediate epoch 1/2:  78%|███████▊  | 1103/1407 [00:59<00:16, 18.87it/s]
distill-intermediate epoch 1/2:  79%|███████▊  | 1105/1407 [00:59<00:15, 19.13it/s]
distill-intermediate epoch 1/2:  79%|███████▊  | 1107/1407 [00:59<00:15, 19.08it/s]
distill-intermediate epoch 1/2:  79%|███████▉  | 1109/1407 [00:59<00:15, 18.86it/s]
distill-intermediate epoch 1/2:  79%|███████▉  | 1111/1407 [00:59<00:15, 19.18it/s]
distill-intermediate epoch 1/2:  79%|███████▉  | 1113/1407 [00:59<00:15, 19.15it/s]
distill-intermediate epoch 1/2:  79%|███████▉  | 1115/1407 [00:59<00:15, 19.20it/s]
distill-intermediate epoch 1/2:  79%|███████▉  | 1118/1407 [01:00<00:15, 19.25it/s]
distill-intermediate epoch 1/2:  80%|███████▉  | 1120/1407 [01:00<00:15, 18.58it/s]
distill-intermediate epoch 1/2:  80%|███████▉  | 1122/1407 [01:00<00:15, 18.95it/s]
distill-intermediate epoch 1/2:  80%|███████▉  | 1124/1407 [01:00<00:15, 18.57it/s]
distill-intermediate epoch 1/2:  80%|████████  | 1126/1407 [01:00<00:14, 18.83it/s]
distill-intermediate epoch 1/2:  80%|████████  | 1128/1407 [01:00<00:14, 19.06it/s]
distill-intermediate epoch 1/2:  80%|████████  | 1130/1407 [01:00<00:14, 18.97it/s]
distill-intermediate epoch 1/2:  80%|████████  | 1132/1407 [01:00<00:14, 18.95it/s]
distill-intermediate epoch 1/2:  81%|████████  | 1134/1407 [01:00<00:14, 18.33it/s]
distill-intermediate epoch 1/2:  81%|████████  | 1136/1407 [01:01<00:14, 18.52it/s]
distill-intermediate epoch 1/2:  81%|████████  | 1138/1407 [01:01<00:14, 18.89it/s]
distill-intermediate epoch 1/2:  81%|████████  | 1140/1407 [01:01<00:14, 18.91it/s]
distill-intermediate epoch 1/2:  81%|████████  | 1142/1407 [01:01<00:13, 18.95it/s]
distill-intermediate epoch 1/2:  81%|████████▏ | 1144/1407 [01:01<00:14, 18.55it/s]
distill-intermediate epoch 1/2:  81%|████████▏ | 1146/1407 [01:01<00:14, 18.56it/s]
distill-intermediate epoch 1/2:  82%|████████▏ | 1148/1407 [01:01<00:13, 18.81it/s]
distill-intermediate epoch 1/2:  82%|████████▏ | 1150/1407 [01:01<00:13, 18.67it/s]
distill-intermediate epoch 1/2:  82%|████████▏ | 1152/1407 [01:01<00:13, 18.94it/s]
distill-intermediate epoch 1/2:  82%|████████▏ | 1154/1407 [01:02<00:13, 18.70it/s]
distill-intermediate epoch 1/2:  82%|████████▏ | 1156/1407 [01:02<00:13, 18.79it/s]
distill-intermediate epoch 1/2:  82%|████████▏ | 1158/1407 [01:02<00:13, 19.00it/s]
distill-intermediate epoch 1/2:  82%|████████▏ | 1160/1407 [01:02<00:12, 19.00it/s]
distill-intermediate epoch 1/2:  83%|████████▎ | 1163/1407 [01:02<00:12, 19.24it/s]
distill-intermediate epoch 1/2:  83%|████████▎ | 1165/1407 [01:02<00:12, 19.34it/s]
distill-intermediate epoch 1/2:  83%|████████▎ | 1167/1407 [01:02<00:12, 18.87it/s]
distill-intermediate epoch 1/2:  83%|████████▎ | 1169/1407 [01:02<00:12, 18.81it/s]
distill-intermediate epoch 1/2:  83%|████████▎ | 1171/1407 [01:02<00:12, 18.92it/s]
distill-intermediate epoch 1/2:  83%|████████▎ | 1173/1407 [01:02<00:12, 19.15it/s]
distill-intermediate epoch 1/2:  84%|████████▎ | 1175/1407 [01:03<00:12, 19.30it/s]
distill-intermediate epoch 1/2:  84%|████████▎ | 1177/1407 [01:03<00:11, 19.25it/s]
distill-intermediate epoch 1/2:  84%|████████▍ | 1179/1407 [01:03<00:11, 19.21it/s]
distill-intermediate epoch 1/2:  84%|████████▍ | 1181/1407 [01:03<00:12, 18.69it/s]
distill-intermediate epoch 1/2:  84%|████████▍ | 1183/1407 [01:03<00:11, 18.84it/s]
distill-intermediate epoch 1/2:  84%|████████▍ | 1185/1407 [01:03<00:12, 18.48it/s]
distill-intermediate epoch 1/2:  84%|████████▍ | 1187/1407 [01:03<00:11, 18.71it/s]
distill-intermediate epoch 1/2:  85%|████████▍ | 1189/1407 [01:03<00:11, 19.00it/s]
distill-intermediate epoch 1/2:  85%|████████▍ | 1191/1407 [01:03<00:11, 18.60it/s]
distill-intermediate epoch 1/2:  85%|████████▍ | 1193/1407 [01:04<00:11, 18.36it/s]
distill-intermediate epoch 1/2:  85%|████████▍ | 1195/1407 [01:04<00:11, 18.39it/s]
distill-intermediate epoch 1/2:  85%|████████▌ | 1197/1407 [01:04<00:11, 18.52it/s]
distill-intermediate epoch 1/2:  85%|████████▌ | 1199/1407 [01:04<00:11, 18.29it/s]
distill-intermediate epoch 1/2:  85%|████████▌ | 1201/1407 [01:04<00:11, 18.16it/s]
distill-intermediate epoch 1/2:  86%|████████▌ | 1203/1407 [01:04<00:11, 18.52it/s]
distill-intermediate epoch 1/2:  86%|████████▌ | 1205/1407 [01:04<00:10, 18.46it/s]
distill-intermediate epoch 1/2:  86%|████████▌ | 1207/1407 [01:04<00:10, 18.89it/s]
distill-intermediate epoch 1/2:  86%|████████▌ | 1209/1407 [01:04<00:10, 18.81it/s]
distill-intermediate epoch 1/2:  86%|████████▌ | 1211/1407 [01:05<00:10, 18.96it/s]
distill-intermediate epoch 1/2:  86%|████████▌ | 1213/1407 [01:05<00:10, 18.72it/s]
distill-intermediate epoch 1/2:  86%|████████▋ | 1215/1407 [01:05<00:10, 18.46it/s]
distill-intermediate epoch 1/2:  86%|████████▋ | 1217/1407 [01:05<00:10, 18.70it/s]
distill-intermediate epoch 1/2:  87%|████████▋ | 1219/1407 [01:05<00:10, 18.77it/s]
distill-intermediate epoch 1/2:  87%|████████▋ | 1221/1407 [01:05<00:09, 18.74it/s]
distill-intermediate epoch 1/2:  87%|████████▋ | 1223/1407 [01:05<00:09, 18.61it/s]
distill-intermediate epoch 1/2:  87%|████████▋ | 1225/1407 [01:05<00:09, 18.96it/s]
distill-intermediate epoch 1/2:  87%|████████▋ | 1227/1407 [01:05<00:09, 18.80it/s]
distill-intermediate epoch 1/2:  87%|████████▋ | 1229/1407 [01:05<00:09, 18.62it/s]
distill-intermediate epoch 1/2:  87%|████████▋ | 1231/1407 [01:06<00:09, 18.84it/s]
distill-intermediate epoch 1/2:  88%|████████▊ | 1233/1407 [01:06<00:09, 18.63it/s]
distill-intermediate epoch 1/2:  88%|████████▊ | 1235/1407 [01:06<00:09, 18.84it/s]
distill-intermediate epoch 1/2:  88%|████████▊ | 1237/1407 [01:06<00:09, 18.70it/s]
distill-intermediate epoch 1/2:  88%|████████▊ | 1240/1407 [01:06<00:08, 19.19it/s]
distill-intermediate epoch 1/2:  88%|████████▊ | 1242/1407 [01:06<00:08, 19.27it/s]
distill-intermediate epoch 1/2:  88%|████████▊ | 1244/1407 [01:06<00:08, 19.21it/s]
distill-intermediate epoch 1/2:  89%|████████▊ | 1247/1407 [01:06<00:08, 19.53it/s]
distill-intermediate epoch 1/2:  89%|████████▉ | 1250/1407 [01:07<00:08, 19.48it/s]
distill-intermediate epoch 1/2:  89%|████████▉ | 1252/1407 [01:07<00:07, 19.56it/s]
distill-intermediate epoch 1/2:  89%|████████▉ | 1254/1407 [01:07<00:07, 19.67it/s]
distill-intermediate epoch 1/2:  89%|████████▉ | 1257/1407 [01:07<00:07, 19.90it/s]
distill-intermediate epoch 1/2:  89%|████████▉ | 1259/1407 [01:07<00:07, 19.66it/s]
distill-intermediate epoch 1/2:  90%|████████▉ | 1261/1407 [01:07<00:07, 19.53it/s]
distill-intermediate epoch 1/2:  90%|████████▉ | 1263/1407 [01:07<00:07, 19.23it/s]
distill-intermediate epoch 1/2:  90%|████████▉ | 1265/1407 [01:07<00:07, 18.93it/s]
distill-intermediate epoch 1/2:  90%|█████████ | 1267/1407 [01:07<00:07, 18.54it/s]
distill-intermediate epoch 1/2:  90%|█████████ | 1269/1407 [01:08<00:07, 18.66it/s]
distill-intermediate epoch 1/2:  90%|█████████ | 1271/1407 [01:08<00:07, 18.63it/s]
distill-intermediate epoch 1/2:  90%|█████████ | 1273/1407 [01:08<00:07, 18.72it/s]
distill-intermediate epoch 1/2:  91%|█████████ | 1275/1407 [01:08<00:07, 18.40it/s]
distill-intermediate epoch 1/2:  91%|█████████ | 1277/1407 [01:08<00:06, 18.69it/s]
distill-intermediate epoch 1/2:  91%|█████████ | 1279/1407 [01:08<00:06, 18.61it/s]
distill-intermediate epoch 1/2:  91%|█████████ | 1281/1407 [01:08<00:06, 18.89it/s]
distill-intermediate epoch 1/2:  91%|█████████ | 1283/1407 [01:08<00:06, 18.90it/s]
distill-intermediate epoch 1/2:  91%|█████████▏| 1285/1407 [01:08<00:06, 18.74it/s]
distill-intermediate epoch 1/2:  91%|█████████▏| 1287/1407 [01:09<00:06, 18.82it/s]
distill-intermediate epoch 1/2:  92%|█████████▏| 1289/1407 [01:09<00:06, 18.77it/s]
distill-intermediate epoch 1/2:  92%|█████████▏| 1291/1407 [01:09<00:06, 19.07it/s]
distill-intermediate epoch 1/2:  92%|█████████▏| 1293/1407 [01:09<00:06, 18.66it/s]
distill-intermediate epoch 1/2:  92%|█████████▏| 1295/1407 [01:09<00:06, 18.55it/s]
distill-intermediate epoch 1/2:  92%|█████████▏| 1297/1407 [01:09<00:06, 18.06it/s]
distill-intermediate epoch 1/2:  92%|█████████▏| 1299/1407 [01:09<00:05, 18.34it/s]
distill-intermediate epoch 1/2:  92%|█████████▏| 1301/1407 [01:09<00:05, 18.07it/s]
distill-intermediate epoch 1/2:  93%|█████████▎| 1303/1407 [01:09<00:05, 17.61it/s]
distill-intermediate epoch 1/2:  93%|█████████▎| 1305/1407 [01:10<00:05, 18.10it/s]
distill-intermediate epoch 1/2:  93%|█████████▎| 1307/1407 [01:10<00:05, 18.31it/s]
distill-intermediate epoch 1/2:  93%|█████████▎| 1309/1407 [01:10<00:05, 18.62it/s]
distill-intermediate epoch 1/2:  93%|█████████▎| 1311/1407 [01:10<00:05, 18.28it/s]
distill-intermediate epoch 1/2:  93%|█████████▎| 1313/1407 [01:10<00:05, 18.15it/s]
distill-intermediate epoch 1/2:  93%|█████████▎| 1315/1407 [01:10<00:05, 18.28it/s]
distill-intermediate epoch 1/2:  94%|█████████▎| 1317/1407 [01:10<00:04, 18.74it/s]
distill-intermediate epoch 1/2:  94%|█████████▎| 1319/1407 [01:10<00:04, 18.40it/s]
distill-intermediate epoch 1/2:  94%|█████████▍| 1321/1407 [01:10<00:04, 18.70it/s]
distill-intermediate epoch 1/2:  94%|█████████▍| 1323/1407 [01:11<00:04, 18.50it/s]
distill-intermediate epoch 1/2:  94%|█████████▍| 1325/1407 [01:11<00:04, 18.65it/s]
distill-intermediate epoch 1/2:  94%|█████████▍| 1327/1407 [01:11<00:04, 18.43it/s]
distill-intermediate epoch 1/2:  94%|█████████▍| 1329/1407 [01:11<00:04, 18.34it/s]
distill-intermediate epoch 1/2:  95%|█████████▍| 1331/1407 [01:11<00:04, 18.54it/s]
distill-intermediate epoch 1/2:  95%|█████████▍| 1333/1407 [01:11<00:03, 18.66it/s]
distill-intermediate epoch 1/2:  95%|█████████▍| 1335/1407 [01:11<00:03, 18.42it/s]
distill-intermediate epoch 1/2:  95%|█████████▌| 1337/1407 [01:11<00:03, 18.73it/s]
distill-intermediate epoch 1/2:  95%|█████████▌| 1339/1407 [01:11<00:03, 18.42it/s]
distill-intermediate epoch 1/2:  95%|█████████▌| 1341/1407 [01:11<00:03, 18.63it/s]
distill-intermediate epoch 1/2:  95%|█████████▌| 1343/1407 [01:12<00:03, 18.19it/s]
distill-intermediate epoch 1/2:  96%|█████████▌| 1345/1407 [01:12<00:03, 18.54it/s]
distill-intermediate epoch 1/2:  96%|█████████▌| 1347/1407 [01:12<00:03, 18.28it/s]
distill-intermediate epoch 1/2:  96%|█████████▌| 1349/1407 [01:12<00:03, 18.55it/s]
distill-intermediate epoch 1/2:  96%|█████████▌| 1351/1407 [01:12<00:03, 18.36it/s]
distill-intermediate epoch 1/2:  96%|█████████▌| 1353/1407 [01:12<00:02, 18.82it/s]
distill-intermediate epoch 1/2:  96%|█████████▋| 1355/1407 [01:12<00:02, 18.44it/s]
distill-intermediate epoch 1/2:  96%|█████████▋| 1357/1407 [01:12<00:02, 18.38it/s]
distill-intermediate epoch 1/2:  97%|█████████▋| 1360/1407 [01:13<00:02, 18.63it/s]
distill-intermediate epoch 1/2:  97%|█████████▋| 1362/1407 [01:13<00:02, 18.59it/s]
distill-intermediate epoch 1/2:  97%|█████████▋| 1364/1407 [01:13<00:02, 18.75it/s]
distill-intermediate epoch 1/2:  97%|█████████▋| 1366/1407 [01:13<00:02, 18.86it/s]
distill-intermediate epoch 1/2:  97%|█████████▋| 1369/1407 [01:13<00:01, 19.21it/s]
distill-intermediate epoch 1/2:  97%|█████████▋| 1371/1407 [01:13<00:01, 19.07it/s]
distill-intermediate epoch 1/2:  98%|█████████▊| 1373/1407 [01:13<00:01, 18.90it/s]
distill-intermediate epoch 1/2:  98%|█████████▊| 1375/1407 [01:13<00:01, 19.16it/s]
distill-intermediate epoch 1/2:  98%|█████████▊| 1377/1407 [01:13<00:01, 18.98it/s]
distill-intermediate epoch 1/2:  98%|█████████▊| 1379/1407 [01:13<00:01, 19.06it/s]
distill-intermediate epoch 1/2:  98%|█████████▊| 1381/1407 [01:14<00:01, 19.19it/s]
distill-intermediate epoch 1/2:  98%|█████████▊| 1384/1407 [01:14<00:01, 19.40it/s]
distill-intermediate epoch 1/2:  99%|█████████▊| 1386/1407 [01:14<00:01, 19.06it/s]
distill-intermediate epoch 1/2:  99%|█████████▊| 1388/1407 [01:14<00:00, 19.07it/s]
distill-intermediate epoch 1/2:  99%|█████████▉| 1390/1407 [01:14<00:00, 18.68it/s]
distill-intermediate epoch 1/2:  99%|█████████▉| 1392/1407 [01:14<00:00, 18.84it/s]
distill-intermediate epoch 1/2:  99%|█████████▉| 1394/1407 [01:14<00:00, 18.23it/s]
distill-intermediate epoch 1/2:  99%|█████████▉| 1396/1407 [01:14<00:00, 18.62it/s]
distill-intermediate epoch 1/2:  99%|█████████▉| 1398/1407 [01:15<00:00, 18.74it/s]
distill-intermediate epoch 1/2: 100%|█████████▉| 1400/1407 [01:15<00:00, 19.03it/s]
distill-intermediate epoch 1/2: 100%|█████████▉| 1402/1407 [01:15<00:00, 19.05it/s]
distill-intermediate epoch 1/2: 100%|█████████▉| 1404/1407 [01:15<00:00, 19.13it/s]
distill-intermediate epoch 1/2: 100%|█████████▉| 1406/1407 [01:15<00:00, 19.15it/s]
  loss=0.1726 dev_acc=0.8732 (76s)
                                                                                   

distill-intermediate epoch 2/2:   0%|          | 0/1407 [00:00<?, ?it/s]
distill-intermediate epoch 2/2:   0%|          | 2/1407 [00:00<01:17, 18.20it/s]
distill-intermediate epoch 2/2:   0%|          | 4/1407 [00:00<01:15, 18.48it/s]
distill-intermediate epoch 2/2:   0%|          | 6/1407 [00:00<01:13, 18.94it/s]
distill-intermediate epoch 2/2:   1%|          | 8/1407 [00:00<01:14, 18.78it/s]
distill-intermediate epoch 2/2:   1%|          | 10/1407 [00:00<01:14, 18.66it/s]
distill-intermediate epoch 2/2:   1%|          | 12/1407 [00:00<01:14, 18.84it/s]
distill-intermediate epoch 2/2:   1%|          | 14/1407 [00:00<01:13, 19.05it/s]
distill-intermediate epoch 2/2:   1%|          | 16/1407 [00:00<01:16, 18.23it/s]
distill-intermediate epoch 2/2:   1%|▏         | 18/1407 [00:00<01:16, 18.23it/s]
distill-intermediate epoch 2/2:   1%|▏         | 20/1407 [00:01<01:15, 18.42it/s]
distill-intermediate epoch 2/2:   2%|▏         | 22/1407 [00:01<01:15, 18.33it/s]
distill-intermediate epoch 2/2:   2%|▏         | 25/1407 [00:01<01:14, 18.63it/s]
distill-intermediate epoch 2/2:   2%|▏         | 27/1407 [00:01<01:15, 18.35it/s]
distill-intermediate epoch 2/2:   2%|▏         | 29/1407 [00:01<01:14, 18.43it/s]
distill-intermediate epoch 2/2:   2%|▏         | 31/1407 [00:01<01:14, 18.37it/s]
distill-intermediate epoch 2/2:   2%|▏         | 33/1407 [00:01<01:13, 18.61it/s]
distill-intermediate epoch 2/2:   3%|▎         | 36/1407 [00:01<01:11, 19.17it/s]
distill-intermediate epoch 2/2:   3%|▎         | 38/1407 [00:02<01:12, 18.98it/s]
distill-intermediate epoch 2/2:   3%|▎         | 40/1407 [00:02<01:12, 18.88it/s]
distill-intermediate epoch 2/2:   3%|▎         | 42/1407 [00:02<01:12, 18.95it/s]
distill-intermediate epoch 2/2:   3%|▎         | 44/1407 [00:02<01:12, 18.90it/s]
distill-intermediate epoch 2/2:   3%|▎         | 46/1407 [00:02<01:11, 18.96it/s]
distill-intermediate epoch 2/2:   3%|▎         | 48/1407 [00:02<01:13, 18.59it/s]
distill-intermediate epoch 2/2:   4%|▎         | 50/1407 [00:02<01:13, 18.58it/s]
distill-intermediate epoch 2/2:   4%|▎         | 52/1407 [00:02<01:12, 18.69it/s]
distill-intermediate epoch 2/2:   4%|▍         | 54/1407 [00:02<01:11, 18.82it/s]
distill-intermediate epoch 2/2:   4%|▍         | 56/1407 [00:03<01:13, 18.46it/s]
distill-intermediate epoch 2/2:   4%|▍         | 58/1407 [00:03<01:13, 18.42it/s]
distill-intermediate epoch 2/2:   4%|▍         | 60/1407 [00:03<01:14, 18.13it/s]
distill-intermediate epoch 2/2:   4%|▍         | 62/1407 [00:03<01:13, 18.28it/s]
distill-intermediate epoch 2/2:   5%|▍         | 64/1407 [00:03<01:13, 18.34it/s]
distill-intermediate epoch 2/2:   5%|▍         | 67/1407 [00:03<01:11, 18.71it/s]
distill-intermediate epoch 2/2:   5%|▍         | 69/1407 [00:03<01:11, 18.81it/s]
distill-intermediate epoch 2/2:   5%|▌         | 71/1407 [00:03<01:12, 18.51it/s]
distill-intermediate epoch 2/2:   5%|▌         | 73/1407 [00:03<01:10, 18.89it/s]
distill-intermediate epoch 2/2:   5%|▌         | 75/1407 [00:04<01:10, 18.84it/s]
distill-intermediate epoch 2/2:   5%|▌         | 77/1407 [00:04<01:12, 18.35it/s]
distill-intermediate epoch 2/2:   6%|▌         | 79/1407 [00:04<01:13, 18.10it/s]
distill-intermediate epoch 2/2:   6%|▌         | 81/1407 [00:04<01:12, 18.30it/s]
distill-intermediate epoch 2/2:   6%|▌         | 84/1407 [00:04<01:10, 18.69it/s]
distill-intermediate epoch 2/2:   6%|▌         | 86/1407 [00:04<01:10, 18.85it/s]
distill-intermediate epoch 2/2:   6%|▋         | 88/1407 [00:04<01:10, 18.68it/s]
distill-intermediate epoch 2/2:   6%|▋         | 90/1407 [00:04<01:10, 18.71it/s]
distill-intermediate epoch 2/2:   7%|▋         | 92/1407 [00:04<01:11, 18.52it/s]
distill-intermediate epoch 2/2:   7%|▋         | 94/1407 [00:05<01:10, 18.55it/s]
distill-intermediate epoch 2/2:   7%|▋         | 96/1407 [00:05<01:09, 18.89it/s]
distill-intermediate epoch 2/2:   7%|▋         | 98/1407 [00:05<01:09, 18.91it/s]
distill-intermediate epoch 2/2:   7%|▋         | 100/1407 [00:05<01:09, 18.94it/s]
distill-intermediate epoch 2/2:   7%|▋         | 102/1407 [00:05<01:10, 18.50it/s]
distill-intermediate epoch 2/2:   7%|▋         | 104/1407 [00:05<01:10, 18.47it/s]
distill-intermediate epoch 2/2:   8%|▊         | 106/1407 [00:05<01:09, 18.64it/s]
distill-intermediate epoch 2/2:   8%|▊         | 108/1407 [00:05<01:09, 18.81it/s]
distill-intermediate epoch 2/2:   8%|▊         | 110/1407 [00:05<01:08, 19.07it/s]
distill-intermediate epoch 2/2:   8%|▊         | 112/1407 [00:06<01:08, 18.79it/s]
distill-intermediate epoch 2/2:   8%|▊         | 115/1407 [00:06<01:07, 19.24it/s]
distill-intermediate epoch 2/2:   8%|▊         | 117/1407 [00:06<01:06, 19.26it/s]
distill-intermediate epoch 2/2:   8%|▊         | 119/1407 [00:06<01:07, 19.12it/s]
distill-intermediate epoch 2/2:   9%|▊         | 121/1407 [00:06<01:06, 19.29it/s]
distill-intermediate epoch 2/2:   9%|▊         | 123/1407 [00:06<01:07, 18.93it/s]
distill-intermediate epoch 2/2:   9%|▉         | 125/1407 [00:06<01:08, 18.81it/s]
distill-intermediate epoch 2/2:   9%|▉         | 127/1407 [00:06<01:09, 18.50it/s]
distill-intermediate epoch 2/2:   9%|▉         | 129/1407 [00:06<01:08, 18.53it/s]
distill-intermediate epoch 2/2:   9%|▉         | 131/1407 [00:07<01:10, 18.21it/s]
distill-intermediate epoch 2/2:   9%|▉         | 133/1407 [00:07<01:10, 18.13it/s]
distill-intermediate epoch 2/2:  10%|▉         | 135/1407 [00:07<01:09, 18.39it/s]
distill-intermediate epoch 2/2:  10%|▉         | 138/1407 [00:07<01:06, 18.97it/s]
distill-intermediate epoch 2/2:  10%|▉         | 140/1407 [00:07<01:05, 19.21it/s]
distill-intermediate epoch 2/2:  10%|█         | 142/1407 [00:07<01:09, 18.28it/s]
distill-intermediate epoch 2/2:  10%|█         | 144/1407 [00:07<01:07, 18.61it/s]
distill-intermediate epoch 2/2:  10%|█         | 146/1407 [00:07<01:06, 18.93it/s]
distill-intermediate epoch 2/2:  11%|█         | 148/1407 [00:07<01:08, 18.45it/s]
distill-intermediate epoch 2/2:  11%|█         | 150/1407 [00:08<01:07, 18.61it/s]
distill-intermediate epoch 2/2:  11%|█         | 152/1407 [00:08<01:08, 18.39it/s]
distill-intermediate epoch 2/2:  11%|█         | 154/1407 [00:08<01:07, 18.69it/s]
distill-intermediate epoch 2/2:  11%|█         | 156/1407 [00:08<01:07, 18.62it/s]
distill-intermediate epoch 2/2:  11%|█         | 158/1407 [00:08<01:07, 18.62it/s]
distill-intermediate epoch 2/2:  11%|█▏        | 160/1407 [00:08<01:09, 17.92it/s]
distill-intermediate epoch 2/2:  12%|█▏        | 162/1407 [00:08<01:08, 18.19it/s]
distill-intermediate epoch 2/2:  12%|█▏        | 164/1407 [00:08<01:10, 17.67it/s]
distill-intermediate epoch 2/2:  12%|█▏        | 166/1407 [00:08<01:07, 18.29it/s]
distill-intermediate epoch 2/2:  12%|█▏        | 168/1407 [00:09<01:06, 18.54it/s]
distill-intermediate epoch 2/2:  12%|█▏        | 170/1407 [00:09<01:08, 17.98it/s]
distill-intermediate epoch 2/2:  12%|█▏        | 172/1407 [00:09<01:07, 18.21it/s]
distill-intermediate epoch 2/2:  12%|█▏        | 174/1407 [00:09<01:06, 18.45it/s]
distill-intermediate epoch 2/2:  13%|█▎        | 176/1407 [00:09<01:06, 18.60it/s]
distill-intermediate epoch 2/2:  13%|█▎        | 178/1407 [00:09<01:06, 18.60it/s]
distill-intermediate epoch 2/2:  13%|█▎        | 180/1407 [00:09<01:05, 18.78it/s]
distill-intermediate epoch 2/2:  13%|█▎        | 182/1407 [00:09<01:05, 18.73it/s]
distill-intermediate epoch 2/2:  13%|█▎        | 184/1407 [00:09<01:04, 19.09it/s]
distill-intermediate epoch 2/2:  13%|█▎        | 186/1407 [00:09<01:04, 18.90it/s]
distill-intermediate epoch 2/2:  13%|█▎        | 188/1407 [00:10<01:04, 18.96it/s]
distill-intermediate epoch 2/2:  14%|█▎        | 190/1407 [00:10<01:04, 18.76it/s]
distill-intermediate epoch 2/2:  14%|█▎        | 192/1407 [00:10<01:04, 18.85it/s]
distill-intermediate epoch 2/2:  14%|█▍        | 194/1407 [00:10<01:03, 19.07it/s]
distill-intermediate epoch 2/2:  14%|█▍        | 196/1407 [00:10<01:02, 19.23it/s]
distill-intermediate epoch 2/2:  14%|█▍        | 198/1407 [00:10<01:04, 18.85it/s]
distill-intermediate epoch 2/2:  14%|█▍        | 200/1407 [00:10<01:05, 18.30it/s]
distill-intermediate epoch 2/2:  14%|█▍        | 202/1407 [00:10<01:04, 18.56it/s]
distill-intermediate epoch 2/2:  14%|█▍        | 204/1407 [00:10<01:04, 18.75it/s]
distill-intermediate epoch 2/2:  15%|█▍        | 206/1407 [00:11<01:03, 18.93it/s]
distill-intermediate epoch 2/2:  15%|█▍        | 208/1407 [00:11<01:04, 18.54it/s]
distill-intermediate epoch 2/2:  15%|█▍        | 210/1407 [00:11<01:04, 18.59it/s]
distill-intermediate epoch 2/2:  15%|█▌        | 212/1407 [00:11<01:04, 18.46it/s]
distill-intermediate epoch 2/2:  15%|█▌        | 214/1407 [00:11<01:03, 18.74it/s]
distill-intermediate epoch 2/2:  15%|█▌        | 216/1407 [00:11<01:04, 18.37it/s]
distill-intermediate epoch 2/2:  15%|█▌        | 218/1407 [00:11<01:04, 18.40it/s]
distill-intermediate epoch 2/2:  16%|█▌        | 220/1407 [00:11<01:04, 18.49it/s]
distill-intermediate epoch 2/2:  16%|█▌        | 222/1407 [00:11<01:04, 18.34it/s]
distill-intermediate epoch 2/2:  16%|█▌        | 224/1407 [00:12<01:04, 18.45it/s]
distill-intermediate epoch 2/2:  16%|█▌        | 226/1407 [00:12<01:04, 18.36it/s]
distill-intermediate epoch 2/2:  16%|█▌        | 228/1407 [00:12<01:05, 17.95it/s]
distill-intermediate epoch 2/2:  16%|█▋        | 230/1407 [00:12<01:04, 18.29it/s]
distill-intermediate epoch 2/2:  16%|█▋        | 232/1407 [00:12<01:02, 18.65it/s]
distill-intermediate epoch 2/2:  17%|█▋        | 235/1407 [00:12<01:00, 19.24it/s]
distill-intermediate epoch 2/2:  17%|█▋        | 237/1407 [00:12<01:00, 19.29it/s]
distill-intermediate epoch 2/2:  17%|█▋        | 239/1407 [00:12<01:01, 18.84it/s]
distill-intermediate epoch 2/2:  17%|█▋        | 241/1407 [00:12<01:02, 18.61it/s]
distill-intermediate epoch 2/2:  17%|█▋        | 243/1407 [00:13<01:01, 18.91it/s]
distill-intermediate epoch 2/2:  17%|█▋        | 245/1407 [00:13<01:01, 18.87it/s]
distill-intermediate epoch 2/2:  18%|█▊        | 247/1407 [00:13<01:01, 18.98it/s]
distill-intermediate epoch 2/2:  18%|█▊        | 249/1407 [00:13<01:01, 18.98it/s]
distill-intermediate epoch 2/2:  18%|█▊        | 251/1407 [00:13<01:01, 18.71it/s]
distill-intermediate epoch 2/2:  18%|█▊        | 253/1407 [00:13<01:01, 18.91it/s]
distill-intermediate epoch 2/2:  18%|█▊        | 255/1407 [00:13<00:59, 19.21it/s]
distill-intermediate epoch 2/2:  18%|█▊        | 257/1407 [00:13<00:59, 19.24it/s]
distill-intermediate epoch 2/2:  18%|█▊        | 259/1407 [00:13<01:00, 18.90it/s]
distill-intermediate epoch 2/2:  19%|█▊        | 261/1407 [00:13<01:01, 18.68it/s]
distill-intermediate epoch 2/2:  19%|█▊        | 263/1407 [00:14<01:01, 18.54it/s]
distill-intermediate epoch 2/2:  19%|█▉        | 265/1407 [00:14<01:02, 18.18it/s]
distill-intermediate epoch 2/2:  19%|█▉        | 267/1407 [00:14<01:00, 18.69it/s]
distill-intermediate epoch 2/2:  19%|█▉        | 269/1407 [00:14<01:00, 18.82it/s]
distill-intermediate epoch 2/2:  19%|█▉        | 271/1407 [00:14<01:00, 18.68it/s]
distill-intermediate epoch 2/2:  19%|█▉        | 273/1407 [00:14<01:00, 18.76it/s]
distill-intermediate epoch 2/2:  20%|█▉        | 275/1407 [00:14<01:00, 18.71it/s]
distill-intermediate epoch 2/2:  20%|█▉        | 277/1407 [00:14<00:59, 18.97it/s]
distill-intermediate epoch 2/2:  20%|█▉        | 280/1407 [00:14<00:58, 19.31it/s]
distill-intermediate epoch 2/2:  20%|██        | 282/1407 [00:15<00:57, 19.40it/s]
distill-intermediate epoch 2/2:  20%|██        | 284/1407 [00:15<00:57, 19.42it/s]
distill-intermediate epoch 2/2:  20%|██        | 286/1407 [00:15<00:58, 19.31it/s]
distill-intermediate epoch 2/2:  20%|██        | 288/1407 [00:15<00:58, 19.26it/s]
distill-intermediate epoch 2/2:  21%|██        | 290/1407 [00:15<00:58, 19.03it/s]
distill-intermediate epoch 2/2:  21%|██        | 292/1407 [00:15<00:59, 18.68it/s]
distill-intermediate epoch 2/2:  21%|██        | 294/1407 [00:15<01:00, 18.41it/s]
distill-intermediate epoch 2/2:  21%|██        | 296/1407 [00:15<01:00, 18.22it/s]
distill-intermediate epoch 2/2:  21%|██        | 298/1407 [00:15<01:03, 17.56it/s]
distill-intermediate epoch 2/2:  21%|██▏       | 301/1407 [00:16<01:00, 18.29it/s]
distill-intermediate epoch 2/2:  22%|██▏       | 303/1407 [00:16<01:00, 18.13it/s]
distill-intermediate epoch 2/2:  22%|██▏       | 305/1407 [00:16<01:00, 18.14it/s]
distill-intermediate epoch 2/2:  22%|██▏       | 307/1407 [00:16<01:00, 18.20it/s]
distill-intermediate epoch 2/2:  22%|██▏       | 309/1407 [00:16<01:00, 18.13it/s]
distill-intermediate epoch 2/2:  22%|██▏       | 311/1407 [00:16<00:59, 18.57it/s]
distill-intermediate epoch 2/2:  22%|██▏       | 313/1407 [00:16<00:58, 18.84it/s]
distill-intermediate epoch 2/2:  22%|██▏       | 315/1407 [00:16<00:58, 18.77it/s]
distill-intermediate epoch 2/2:  23%|██▎       | 317/1407 [00:16<00:57, 18.95it/s]
distill-intermediate epoch 2/2:  23%|██▎       | 319/1407 [00:17<00:56, 19.16it/s]
distill-intermediate epoch 2/2:  23%|██▎       | 321/1407 [00:17<00:56, 19.27it/s]
distill-intermediate epoch 2/2:  23%|██▎       | 323/1407 [00:17<00:57, 18.99it/s]
distill-intermediate epoch 2/2:  23%|██▎       | 325/1407 [00:17<00:56, 19.18it/s]
distill-intermediate epoch 2/2:  23%|██▎       | 327/1407 [00:17<00:56, 19.01it/s]
distill-intermediate epoch 2/2:  23%|██▎       | 329/1407 [00:17<00:57, 18.79it/s]
distill-intermediate epoch 2/2:  24%|██▎       | 331/1407 [00:17<00:57, 18.86it/s]
distill-intermediate epoch 2/2:  24%|██▎       | 333/1407 [00:17<00:56, 18.88it/s]
distill-intermediate epoch 2/2:  24%|██▍       | 335/1407 [00:17<00:58, 18.21it/s]
distill-intermediate epoch 2/2:  24%|██▍       | 337/1407 [00:18<00:59, 17.92it/s]
distill-intermediate epoch 2/2:  24%|██▍       | 339/1407 [00:18<00:58, 18.14it/s]
distill-intermediate epoch 2/2:  24%|██▍       | 341/1407 [00:18<00:58, 18.35it/s]
distill-intermediate epoch 2/2:  24%|██▍       | 343/1407 [00:18<00:58, 18.23it/s]
distill-intermediate epoch 2/2:  25%|██▍       | 345/1407 [00:18<00:57, 18.38it/s]
distill-intermediate epoch 2/2:  25%|██▍       | 347/1407 [00:18<00:57, 18.54it/s]
distill-intermediate epoch 2/2:  25%|██▍       | 349/1407 [00:18<00:56, 18.63it/s]
distill-intermediate epoch 2/2:  25%|██▍       | 351/1407 [00:18<00:57, 18.46it/s]
distill-intermediate epoch 2/2:  25%|██▌       | 353/1407 [00:18<00:56, 18.56it/s]
distill-intermediate epoch 2/2:  25%|██▌       | 356/1407 [00:19<00:55, 19.01it/s]
distill-intermediate epoch 2/2:  25%|██▌       | 358/1407 [00:19<00:56, 18.65it/s]
distill-intermediate epoch 2/2:  26%|██▌       | 360/1407 [00:19<00:56, 18.68it/s]
distill-intermediate epoch 2/2:  26%|██▌       | 362/1407 [00:19<00:55, 18.88it/s]
distill-intermediate epoch 2/2:  26%|██▌       | 364/1407 [00:19<00:54, 19.03it/s]
distill-intermediate epoch 2/2:  26%|██▌       | 366/1407 [00:19<00:54, 19.00it/s]
distill-intermediate epoch 2/2:  26%|██▌       | 368/1407 [00:19<00:55, 18.80it/s]
distill-intermediate epoch 2/2:  26%|██▋       | 370/1407 [00:19<00:55, 18.79it/s]
distill-intermediate epoch 2/2:  26%|██▋       | 372/1407 [00:19<00:56, 18.42it/s]
distill-intermediate epoch 2/2:  27%|██▋       | 374/1407 [00:20<00:56, 18.22it/s]
distill-intermediate epoch 2/2:  27%|██▋       | 376/1407 [00:20<00:56, 18.37it/s]
distill-intermediate epoch 2/2:  27%|██▋       | 378/1407 [00:20<00:57, 17.79it/s]
distill-intermediate epoch 2/2:  27%|██▋       | 380/1407 [00:20<00:56, 18.12it/s]
distill-intermediate epoch 2/2:  27%|██▋       | 383/1407 [00:20<00:54, 18.75it/s]
distill-intermediate epoch 2/2:  27%|██▋       | 385/1407 [00:20<00:53, 19.00it/s]
distill-intermediate epoch 2/2:  28%|██▊       | 387/1407 [00:20<00:54, 18.67it/s]
distill-intermediate epoch 2/2:  28%|██▊       | 389/1407 [00:20<00:54, 18.60it/s]
distill-intermediate epoch 2/2:  28%|██▊       | 391/1407 [00:20<00:54, 18.80it/s]
distill-intermediate epoch 2/2:  28%|██▊       | 393/1407 [00:21<00:53, 18.90it/s]
distill-intermediate epoch 2/2:  28%|██▊       | 395/1407 [00:21<00:54, 18.73it/s]
distill-intermediate epoch 2/2:  28%|██▊       | 397/1407 [00:21<00:53, 19.03it/s]
distill-intermediate epoch 2/2:  28%|██▊       | 400/1407 [00:21<00:52, 19.17it/s]
distill-intermediate epoch 2/2:  29%|██▊       | 402/1407 [00:21<00:54, 18.50it/s]
distill-intermediate epoch 2/2:  29%|██▊       | 404/1407 [00:21<00:55, 18.15it/s]
distill-intermediate epoch 2/2:  29%|██▉       | 406/1407 [00:21<00:55, 18.19it/s]
distill-intermediate epoch 2/2:  29%|██▉       | 408/1407 [00:21<00:54, 18.29it/s]
distill-intermediate epoch 2/2:  29%|██▉       | 410/1407 [00:21<00:53, 18.50it/s]
distill-intermediate epoch 2/2:  29%|██▉       | 412/1407 [00:22<00:53, 18.53it/s]
distill-intermediate epoch 2/2:  29%|██▉       | 414/1407 [00:22<00:55, 17.99it/s]
distill-intermediate epoch 2/2:  30%|██▉       | 416/1407 [00:22<00:54, 18.29it/s]
distill-intermediate epoch 2/2:  30%|██▉       | 418/1407 [00:22<00:55, 17.80it/s]
distill-intermediate epoch 2/2:  30%|██▉       | 420/1407 [00:22<00:54, 18.17it/s]
distill-intermediate epoch 2/2:  30%|██▉       | 422/1407 [00:22<00:55, 17.74it/s]
distill-intermediate epoch 2/2:  30%|███       | 424/1407 [00:22<00:55, 17.68it/s]
distill-intermediate epoch 2/2:  30%|███       | 426/1407 [00:22<00:54, 17.88it/s]
distill-intermediate epoch 2/2:  30%|███       | 428/1407 [00:22<00:55, 17.79it/s]
distill-intermediate epoch 2/2:  31%|███       | 430/1407 [00:23<00:53, 18.15it/s]
distill-intermediate epoch 2/2:  31%|███       | 432/1407 [00:23<00:52, 18.55it/s]
distill-intermediate epoch 2/2:  31%|███       | 434/1407 [00:23<00:52, 18.69it/s]
distill-intermediate epoch 2/2:  31%|███       | 436/1407 [00:23<00:52, 18.67it/s]
distill-intermediate epoch 2/2:  31%|███       | 438/1407 [00:23<00:50, 19.03it/s]
distill-intermediate epoch 2/2:  31%|███▏      | 440/1407 [00:23<00:50, 19.11it/s]
distill-intermediate epoch 2/2:  31%|███▏      | 442/1407 [00:23<00:50, 19.12it/s]
distill-intermediate epoch 2/2:  32%|███▏      | 444/1407 [00:23<00:50, 18.91it/s]
distill-intermediate epoch 2/2:  32%|███▏      | 446/1407 [00:23<00:51, 18.48it/s]
distill-intermediate epoch 2/2:  32%|███▏      | 448/1407 [00:24<00:51, 18.50it/s]
distill-intermediate epoch 2/2:  32%|███▏      | 450/1407 [00:24<00:52, 18.36it/s]
distill-intermediate epoch 2/2:  32%|███▏      | 452/1407 [00:24<00:52, 18.35it/s]
distill-intermediate epoch 2/2:  32%|███▏      | 454/1407 [00:24<00:51, 18.49it/s]
distill-intermediate epoch 2/2:  32%|███▏      | 456/1407 [00:24<00:50, 18.82it/s]
distill-intermediate epoch 2/2:  33%|███▎      | 458/1407 [00:24<00:50, 18.64it/s]
distill-intermediate epoch 2/2:  33%|███▎      | 461/1407 [00:24<00:49, 19.04it/s]
distill-intermediate epoch 2/2:  33%|███▎      | 464/1407 [00:24<00:48, 19.29it/s]
distill-intermediate epoch 2/2:  33%|███▎      | 466/1407 [00:25<00:49, 19.00it/s]
distill-intermediate epoch 2/2:  33%|███▎      | 468/1407 [00:25<00:49, 18.80it/s]
distill-intermediate epoch 2/2:  33%|███▎      | 470/1407 [00:25<00:49, 19.01it/s]
distill-intermediate epoch 2/2:  34%|███▎      | 472/1407 [00:25<00:49, 18.83it/s]
distill-intermediate epoch 2/2:  34%|███▍      | 475/1407 [00:25<00:50, 18.59it/s]
distill-intermediate epoch 2/2:  34%|███▍      | 477/1407 [00:25<00:49, 18.61it/s]
distill-intermediate epoch 2/2:  34%|███▍      | 479/1407 [00:25<00:49, 18.68it/s]
distill-intermediate epoch 2/2:  34%|███▍      | 481/1407 [00:25<00:48, 19.01it/s]
distill-intermediate epoch 2/2:  34%|███▍      | 483/1407 [00:25<00:49, 18.78it/s]
distill-intermediate epoch 2/2:  34%|███▍      | 485/1407 [00:26<00:49, 18.62it/s]
distill-intermediate epoch 2/2:  35%|███▍      | 487/1407 [00:26<00:49, 18.62it/s]
distill-intermediate epoch 2/2:  35%|███▍      | 489/1407 [00:26<00:49, 18.70it/s]
distill-intermediate epoch 2/2:  35%|███▍      | 491/1407 [00:26<00:49, 18.59it/s]
distill-intermediate epoch 2/2:  35%|███▌      | 493/1407 [00:26<00:49, 18.52it/s]
distill-intermediate epoch 2/2:  35%|███▌      | 495/1407 [00:26<00:49, 18.31it/s]
distill-intermediate epoch 2/2:  35%|███▌      | 497/1407 [00:26<00:48, 18.60it/s]
distill-intermediate epoch 2/2:  35%|███▌      | 499/1407 [00:26<00:49, 18.47it/s]
distill-intermediate epoch 2/2:  36%|███▌      | 501/1407 [00:26<00:48, 18.73it/s]
distill-intermediate epoch 2/2:  36%|███▌      | 503/1407 [00:26<00:48, 18.63it/s]
distill-intermediate epoch 2/2:  36%|███▌      | 505/1407 [00:27<00:48, 18.48it/s]
distill-intermediate epoch 2/2:  36%|███▌      | 507/1407 [00:27<00:48, 18.75it/s]
distill-intermediate epoch 2/2:  36%|███▌      | 509/1407 [00:27<00:48, 18.65it/s]
distill-intermediate epoch 2/2:  36%|███▋      | 511/1407 [00:27<00:48, 18.64it/s]
distill-intermediate epoch 2/2:  36%|███▋      | 513/1407 [00:27<00:48, 18.58it/s]
distill-intermediate epoch 2/2:  37%|███▋      | 515/1407 [00:27<00:48, 18.51it/s]
distill-intermediate epoch 2/2:  37%|███▋      | 517/1407 [00:27<00:48, 18.28it/s]
distill-intermediate epoch 2/2:  37%|███▋      | 519/1407 [00:27<00:48, 18.15it/s]
distill-intermediate epoch 2/2:  37%|███▋      | 521/1407 [00:27<00:47, 18.63it/s]
distill-intermediate epoch 2/2:  37%|███▋      | 523/1407 [00:28<00:47, 18.68it/s]
distill-intermediate epoch 2/2:  37%|███▋      | 525/1407 [00:28<00:47, 18.55it/s]
distill-intermediate epoch 2/2:  37%|███▋      | 527/1407 [00:28<00:47, 18.63it/s]
distill-intermediate epoch 2/2:  38%|███▊      | 529/1407 [00:28<00:46, 18.73it/s]
distill-intermediate epoch 2/2:  38%|███▊      | 531/1407 [00:28<00:46, 18.79it/s]
distill-intermediate epoch 2/2:  38%|███▊      | 533/1407 [00:28<00:46, 18.94it/s]
distill-intermediate epoch 2/2:  38%|███▊      | 535/1407 [00:28<00:46, 18.95it/s]
distill-intermediate epoch 2/2:  38%|███▊      | 537/1407 [00:28<00:45, 18.92it/s]
distill-intermediate epoch 2/2:  38%|███▊      | 539/1407 [00:28<00:47, 18.23it/s]
distill-intermediate epoch 2/2:  38%|███▊      | 541/1407 [00:29<00:47, 18.31it/s]
distill-intermediate epoch 2/2:  39%|███▊      | 543/1407 [00:29<00:46, 18.48it/s]
distill-intermediate epoch 2/2:  39%|███▊      | 545/1407 [00:29<00:47, 18.31it/s]
distill-intermediate epoch 2/2:  39%|███▉      | 547/1407 [00:29<00:45, 18.75it/s]
distill-intermediate epoch 2/2:  39%|███▉      | 549/1407 [00:29<00:46, 18.42it/s]
distill-intermediate epoch 2/2:  39%|███▉      | 551/1407 [00:29<00:45, 18.67it/s]
distill-intermediate epoch 2/2:  39%|███▉      | 553/1407 [00:29<00:46, 18.52it/s]
distill-intermediate epoch 2/2:  39%|███▉      | 555/1407 [00:29<00:47, 18.07it/s]
distill-intermediate epoch 2/2:  40%|███▉      | 557/1407 [00:29<00:46, 18.31it/s]
distill-intermediate epoch 2/2:  40%|███▉      | 559/1407 [00:30<00:46, 18.18it/s]
distill-intermediate epoch 2/2:  40%|███▉      | 561/1407 [00:30<00:45, 18.61it/s]
distill-intermediate epoch 2/2:  40%|████      | 563/1407 [00:30<00:45, 18.49it/s]
distill-intermediate epoch 2/2:  40%|████      | 565/1407 [00:30<00:45, 18.51it/s]
distill-intermediate epoch 2/2:  40%|████      | 567/1407 [00:30<00:45, 18.46it/s]
distill-intermediate epoch 2/2:  40%|████      | 569/1407 [00:30<00:45, 18.41it/s]
distill-intermediate epoch 2/2:  41%|████      | 571/1407 [00:30<00:44, 18.76it/s]
distill-intermediate epoch 2/2:  41%|████      | 573/1407 [00:30<00:44, 18.69it/s]
distill-intermediate epoch 2/2:  41%|████      | 575/1407 [00:30<00:45, 18.34it/s]
distill-intermediate epoch 2/2:  41%|████      | 577/1407 [00:30<00:44, 18.74it/s]
distill-intermediate epoch 2/2:  41%|████      | 579/1407 [00:31<00:44, 18.61it/s]
distill-intermediate epoch 2/2:  41%|████▏     | 581/1407 [00:31<00:44, 18.69it/s]
distill-intermediate epoch 2/2:  41%|████▏     | 583/1407 [00:31<00:44, 18.55it/s]
distill-intermediate epoch 2/2:  42%|████▏     | 585/1407 [00:31<00:44, 18.60it/s]
distill-intermediate epoch 2/2:  42%|████▏     | 587/1407 [00:31<00:43, 18.90it/s]
distill-intermediate epoch 2/2:  42%|████▏     | 589/1407 [00:31<00:43, 18.65it/s]
distill-intermediate epoch 2/2:  42%|████▏     | 591/1407 [00:31<00:43, 18.76it/s]
distill-intermediate epoch 2/2:  42%|████▏     | 593/1407 [00:31<00:43, 18.81it/s]
distill-intermediate epoch 2/2:  42%|████▏     | 595/1407 [00:31<00:44, 18.22it/s]
distill-intermediate epoch 2/2:  42%|████▏     | 597/1407 [00:32<00:43, 18.67it/s]
distill-intermediate epoch 2/2:  43%|████▎     | 599/1407 [00:32<00:42, 18.88it/s]
distill-intermediate epoch 2/2:  43%|████▎     | 601/1407 [00:32<00:42, 19.04it/s]
distill-intermediate epoch 2/2:  43%|████▎     | 603/1407 [00:32<00:41, 19.15it/s]
distill-intermediate epoch 2/2:  43%|████▎     | 605/1407 [00:32<00:41, 19.17it/s]
distill-intermediate epoch 2/2:  43%|████▎     | 607/1407 [00:32<00:41, 19.15it/s]
distill-intermediate epoch 2/2:  43%|████▎     | 609/1407 [00:32<00:42, 18.91it/s]
distill-intermediate epoch 2/2:  43%|████▎     | 611/1407 [00:32<00:42, 18.91it/s]
distill-intermediate epoch 2/2:  44%|████▎     | 613/1407 [00:32<00:41, 18.97it/s]
distill-intermediate epoch 2/2:  44%|████▎     | 615/1407 [00:32<00:41, 19.11it/s]
distill-intermediate epoch 2/2:  44%|████▍     | 617/1407 [00:33<00:40, 19.29it/s]
distill-intermediate epoch 2/2:  44%|████▍     | 619/1407 [00:33<00:40, 19.38it/s]
distill-intermediate epoch 2/2:  44%|████▍     | 621/1407 [00:33<00:40, 19.25it/s]
distill-intermediate epoch 2/2:  44%|████▍     | 623/1407 [00:33<00:40, 19.46it/s]
distill-intermediate epoch 2/2:  44%|████▍     | 625/1407 [00:33<00:42, 18.53it/s]
distill-intermediate epoch 2/2:  45%|████▍     | 627/1407 [00:33<00:41, 18.61it/s]
distill-intermediate epoch 2/2:  45%|████▍     | 629/1407 [00:33<00:42, 18.36it/s]
distill-intermediate epoch 2/2:  45%|████▍     | 631/1407 [00:33<00:42, 18.11it/s]
distill-intermediate epoch 2/2:  45%|████▍     | 633/1407 [00:33<00:41, 18.51it/s]
distill-intermediate epoch 2/2:  45%|████▌     | 635/1407 [00:34<00:42, 18.29it/s]
distill-intermediate epoch 2/2:  45%|████▌     | 637/1407 [00:34<00:41, 18.64it/s]
distill-intermediate epoch 2/2:  45%|████▌     | 639/1407 [00:34<00:41, 18.48it/s]
distill-intermediate epoch 2/2:  46%|████▌     | 641/1407 [00:34<00:41, 18.67it/s]
distill-intermediate epoch 2/2:  46%|████▌     | 643/1407 [00:34<00:40, 18.70it/s]
distill-intermediate epoch 2/2:  46%|████▌     | 645/1407 [00:34<00:40, 18.80it/s]
distill-intermediate epoch 2/2:  46%|████▌     | 647/1407 [00:34<00:39, 19.04it/s]
distill-intermediate epoch 2/2:  46%|████▌     | 649/1407 [00:34<00:39, 19.31it/s]
distill-intermediate epoch 2/2:  46%|████▋     | 651/1407 [00:34<00:39, 19.37it/s]
distill-intermediate epoch 2/2:  46%|████▋     | 653/1407 [00:35<00:40, 18.55it/s]
distill-intermediate epoch 2/2:  47%|████▋     | 655/1407 [00:35<00:39, 18.82it/s]
distill-intermediate epoch 2/2:  47%|████▋     | 657/1407 [00:35<00:39, 19.14it/s]
distill-intermediate epoch 2/2:  47%|████▋     | 659/1407 [00:35<00:40, 18.68it/s]
distill-intermediate epoch 2/2:  47%|████▋     | 661/1407 [00:35<00:39, 18.72it/s]
distill-intermediate epoch 2/2:  47%|████▋     | 663/1407 [00:35<00:40, 18.59it/s]
distill-intermediate epoch 2/2:  47%|████▋     | 665/1407 [00:35<00:39, 18.57it/s]
distill-intermediate epoch 2/2:  47%|████▋     | 667/1407 [00:35<00:40, 18.31it/s]
distill-intermediate epoch 2/2:  48%|████▊     | 669/1407 [00:35<00:40, 18.29it/s]
distill-intermediate epoch 2/2:  48%|████▊     | 671/1407 [00:35<00:40, 18.31it/s]
distill-intermediate epoch 2/2:  48%|████▊     | 673/1407 [00:36<00:40, 18.00it/s]
distill-intermediate epoch 2/2:  48%|████▊     | 676/1407 [00:36<00:39, 18.74it/s]
distill-intermediate epoch 2/2:  48%|████▊     | 678/1407 [00:36<00:38, 18.77it/s]
distill-intermediate epoch 2/2:  48%|████▊     | 680/1407 [00:36<00:38, 18.95it/s]
distill-intermediate epoch 2/2:  48%|████▊     | 682/1407 [00:36<00:38, 18.74it/s]
distill-intermediate epoch 2/2:  49%|████▊     | 684/1407 [00:36<00:38, 18.88it/s]
distill-intermediate epoch 2/2:  49%|████▉     | 686/1407 [00:36<00:38, 18.75it/s]
distill-intermediate epoch 2/2:  49%|████▉     | 688/1407 [00:36<00:38, 18.56it/s]
distill-intermediate epoch 2/2:  49%|████▉     | 690/1407 [00:37<00:38, 18.69it/s]
distill-intermediate epoch 2/2:  49%|████▉     | 692/1407 [00:37<00:38, 18.64it/s]
distill-intermediate epoch 2/2:  49%|████▉     | 694/1407 [00:37<00:38, 18.61it/s]
distill-intermediate epoch 2/2:  49%|████▉     | 696/1407 [00:37<00:37, 18.92it/s]
distill-intermediate epoch 2/2:  50%|████▉     | 698/1407 [00:37<00:37, 19.10it/s]
distill-intermediate epoch 2/2:  50%|████▉     | 700/1407 [00:37<00:37, 18.86it/s]
distill-intermediate epoch 2/2:  50%|████▉     | 702/1407 [00:37<00:37, 18.71it/s]
distill-intermediate epoch 2/2:  50%|█████     | 704/1407 [00:37<00:38, 18.23it/s]
distill-intermediate epoch 2/2:  50%|█████     | 706/1407 [00:37<00:38, 18.32it/s]
distill-intermediate epoch 2/2:  50%|█████     | 708/1407 [00:37<00:38, 18.31it/s]
distill-intermediate epoch 2/2:  50%|█████     | 710/1407 [00:38<00:37, 18.53it/s]
distill-intermediate epoch 2/2:  51%|█████     | 712/1407 [00:38<00:36, 18.89it/s]
distill-intermediate epoch 2/2:  51%|█████     | 714/1407 [00:38<00:37, 18.66it/s]
distill-intermediate epoch 2/2:  51%|█████     | 716/1407 [00:38<00:37, 18.40it/s]
distill-intermediate epoch 2/2:  51%|█████     | 718/1407 [00:38<00:37, 18.47it/s]
distill-intermediate epoch 2/2:  51%|█████     | 720/1407 [00:38<00:37, 18.51it/s]
distill-intermediate epoch 2/2:  51%|█████▏    | 722/1407 [00:38<00:36, 18.61it/s]
distill-intermediate epoch 2/2:  51%|█████▏    | 724/1407 [00:38<00:36, 18.57it/s]
distill-intermediate epoch 2/2:  52%|█████▏    | 726/1407 [00:38<00:36, 18.54it/s]
distill-intermediate epoch 2/2:  52%|█████▏    | 728/1407 [00:39<00:36, 18.68it/s]
distill-intermediate epoch 2/2:  52%|█████▏    | 730/1407 [00:39<00:36, 18.42it/s]
distill-intermediate epoch 2/2:  52%|█████▏    | 733/1407 [00:39<00:35, 18.93it/s]
distill-intermediate epoch 2/2:  52%|█████▏    | 735/1407 [00:39<00:35, 19.14it/s]
distill-intermediate epoch 2/2:  52%|█████▏    | 737/1407 [00:39<00:35, 18.87it/s]
distill-intermediate epoch 2/2:  53%|█████▎    | 739/1407 [00:39<00:36, 18.18it/s]
distill-intermediate epoch 2/2:  53%|█████▎    | 741/1407 [00:39<00:36, 18.12it/s]
distill-intermediate epoch 2/2:  53%|█████▎    | 743/1407 [00:39<00:36, 18.32it/s]
distill-intermediate epoch 2/2:  53%|█████▎    | 745/1407 [00:39<00:35, 18.63it/s]
distill-intermediate epoch 2/2:  53%|█████▎    | 747/1407 [00:40<00:35, 18.46it/s]
distill-intermediate epoch 2/2:  53%|█████▎    | 749/1407 [00:40<00:35, 18.44it/s]
distill-intermediate epoch 2/2:  53%|█████▎    | 751/1407 [00:40<00:34, 18.78it/s]
distill-intermediate epoch 2/2:  54%|█████▎    | 753/1407 [00:40<00:34, 18.87it/s]
distill-intermediate epoch 2/2:  54%|█████▎    | 755/1407 [00:40<00:34, 19.02it/s]
distill-intermediate epoch 2/2:  54%|█████▍    | 757/1407 [00:40<00:34, 18.87it/s]
distill-intermediate epoch 2/2:  54%|█████▍    | 759/1407 [00:40<00:34, 18.86it/s]
distill-intermediate epoch 2/2:  54%|█████▍    | 762/1407 [00:40<00:33, 19.20it/s]
distill-intermediate epoch 2/2:  54%|█████▍    | 764/1407 [00:40<00:33, 19.31it/s]
distill-intermediate epoch 2/2:  54%|█████▍    | 766/1407 [00:41<00:33, 19.32it/s]
distill-intermediate epoch 2/2:  55%|█████▍    | 768/1407 [00:41<00:33, 19.26it/s]
distill-intermediate epoch 2/2:  55%|█████▍    | 770/1407 [00:41<00:33, 19.19it/s]
distill-intermediate epoch 2/2:  55%|█████▍    | 773/1407 [00:41<00:32, 19.29it/s]
distill-intermediate epoch 2/2:  55%|█████▌    | 775/1407 [00:41<00:32, 19.24it/s]
distill-intermediate epoch 2/2:  55%|█████▌    | 777/1407 [00:41<00:33, 18.95it/s]
distill-intermediate epoch 2/2:  55%|█████▌    | 780/1407 [00:41<00:32, 19.38it/s]
distill-intermediate epoch 2/2:  56%|█████▌    | 782/1407 [00:41<00:32, 19.19it/s]
distill-intermediate epoch 2/2:  56%|█████▌    | 785/1407 [00:42<00:32, 19.10it/s]
distill-intermediate epoch 2/2:  56%|█████▌    | 787/1407 [00:42<00:32, 19.30it/s]
distill-intermediate epoch 2/2:  56%|█████▌    | 789/1407 [00:42<00:33, 18.73it/s]
distill-intermediate epoch 2/2:  56%|█████▌    | 791/1407 [00:42<00:32, 18.76it/s]
distill-intermediate epoch 2/2:  56%|█████▋    | 793/1407 [00:42<00:32, 18.83it/s]
distill-intermediate epoch 2/2:  57%|█████▋    | 795/1407 [00:42<00:32, 18.65it/s]
distill-intermediate epoch 2/2:  57%|█████▋    | 797/1407 [00:42<00:32, 18.73it/s]
distill-intermediate epoch 2/2:  57%|█████▋    | 799/1407 [00:42<00:32, 18.65it/s]
distill-intermediate epoch 2/2:  57%|█████▋    | 801/1407 [00:42<00:32, 18.65it/s]
distill-intermediate epoch 2/2:  57%|█████▋    | 803/1407 [00:43<00:32, 18.73it/s]
distill-intermediate epoch 2/2:  57%|█████▋    | 805/1407 [00:43<00:32, 18.78it/s]
distill-intermediate epoch 2/2:  57%|█████▋    | 807/1407 [00:43<00:31, 18.81it/s]
distill-intermediate epoch 2/2:  57%|█████▋    | 809/1407 [00:43<00:31, 18.99it/s]
distill-intermediate epoch 2/2:  58%|█████▊    | 811/1407 [00:43<00:31, 18.91it/s]
distill-intermediate epoch 2/2:  58%|█████▊    | 813/1407 [00:43<00:31, 18.78it/s]
distill-intermediate epoch 2/2:  58%|█████▊    | 815/1407 [00:43<00:32, 17.99it/s]
distill-intermediate epoch 2/2:  58%|█████▊    | 817/1407 [00:43<00:32, 17.98it/s]
distill-intermediate epoch 2/2:  58%|█████▊    | 819/1407 [00:43<00:32, 18.31it/s]
distill-intermediate epoch 2/2:  58%|█████▊    | 821/1407 [00:44<00:32, 18.05it/s]
distill-intermediate epoch 2/2:  58%|█████▊    | 823/1407 [00:44<00:31, 18.40it/s]
distill-intermediate epoch 2/2:  59%|█████▊    | 825/1407 [00:44<00:31, 18.47it/s]
distill-intermediate epoch 2/2:  59%|█████▉    | 827/1407 [00:44<00:30, 18.86it/s]
distill-intermediate epoch 2/2:  59%|█████▉    | 829/1407 [00:44<00:30, 19.15it/s]
distill-intermediate epoch 2/2:  59%|█████▉    | 831/1407 [00:44<00:30, 18.85it/s]
distill-intermediate epoch 2/2:  59%|█████▉    | 833/1407 [00:44<00:30, 18.92it/s]
distill-intermediate epoch 2/2:  59%|█████▉    | 835/1407 [00:44<00:30, 18.50it/s]
distill-intermediate epoch 2/2:  59%|█████▉    | 837/1407 [00:44<00:30, 18.39it/s]
distill-intermediate epoch 2/2:  60%|█████▉    | 839/1407 [00:44<00:30, 18.50it/s]
distill-intermediate epoch 2/2:  60%|█████▉    | 841/1407 [00:45<00:31, 18.06it/s]
distill-intermediate epoch 2/2:  60%|█████▉    | 843/1407 [00:45<00:30, 18.26it/s]
distill-intermediate epoch 2/2:  60%|██████    | 845/1407 [00:45<00:30, 18.34it/s]
distill-intermediate epoch 2/2:  60%|██████    | 848/1407 [00:45<00:29, 19.02it/s]
distill-intermediate epoch 2/2:  60%|██████    | 850/1407 [00:45<00:30, 18.51it/s]
distill-intermediate epoch 2/2:  61%|██████    | 852/1407 [00:45<00:30, 18.26it/s]
distill-intermediate epoch 2/2:  61%|██████    | 854/1407 [00:45<00:29, 18.50it/s]
distill-intermediate epoch 2/2:  61%|██████    | 856/1407 [00:45<00:29, 18.52it/s]
distill-intermediate epoch 2/2:  61%|██████    | 858/1407 [00:45<00:29, 18.77it/s]
distill-intermediate epoch 2/2:  61%|██████    | 860/1407 [00:46<00:29, 18.84it/s]
distill-intermediate epoch 2/2:  61%|██████▏   | 862/1407 [00:46<00:28, 18.93it/s]
distill-intermediate epoch 2/2:  61%|██████▏   | 864/1407 [00:46<00:29, 18.54it/s]
distill-intermediate epoch 2/2:  62%|██████▏   | 866/1407 [00:46<00:28, 18.75it/s]
distill-intermediate epoch 2/2:  62%|██████▏   | 869/1407 [00:46<00:27, 19.27it/s]
distill-intermediate epoch 2/2:  62%|██████▏   | 871/1407 [00:46<00:27, 19.26it/s]
distill-intermediate epoch 2/2:  62%|██████▏   | 873/1407 [00:46<00:27, 19.41it/s]
distill-intermediate epoch 2/2:  62%|██████▏   | 875/1407 [00:46<00:27, 19.34it/s]
distill-intermediate epoch 2/2:  62%|██████▏   | 877/1407 [00:46<00:27, 19.41it/s]
distill-intermediate epoch 2/2:  63%|██████▎   | 880/1407 [00:47<00:27, 19.35it/s]
distill-intermediate epoch 2/2:  63%|██████▎   | 882/1407 [00:47<00:27, 19.43it/s]
distill-intermediate epoch 2/2:  63%|██████▎   | 884/1407 [00:47<00:26, 19.38it/s]
distill-intermediate epoch 2/2:  63%|██████▎   | 886/1407 [00:47<00:27, 19.06it/s]
distill-intermediate epoch 2/2:  63%|██████▎   | 888/1407 [00:47<00:27, 19.15it/s]
distill-intermediate epoch 2/2:  63%|██████▎   | 890/1407 [00:47<00:27, 19.06it/s]
distill-intermediate epoch 2/2:  63%|██████▎   | 892/1407 [00:47<00:28, 18.25it/s]
distill-intermediate epoch 2/2:  64%|██████▎   | 894/1407 [00:47<00:27, 18.43it/s]
distill-intermediate epoch 2/2:  64%|██████▍   | 897/1407 [00:48<00:26, 19.07it/s]
distill-intermediate epoch 2/2:  64%|██████▍   | 899/1407 [00:48<00:26, 19.04it/s]
distill-intermediate epoch 2/2:  64%|██████▍   | 901/1407 [00:48<00:26, 18.83it/s]
distill-intermediate epoch 2/2:  64%|██████▍   | 903/1407 [00:48<00:27, 18.43it/s]
distill-intermediate epoch 2/2:  64%|██████▍   | 905/1407 [00:48<00:26, 18.73it/s]
distill-intermediate epoch 2/2:  64%|██████▍   | 907/1407 [00:48<00:26, 18.63it/s]
distill-intermediate epoch 2/2:  65%|██████▍   | 909/1407 [00:48<00:26, 18.64it/s]
distill-intermediate epoch 2/2:  65%|██████▍   | 912/1407 [00:48<00:26, 19.02it/s]
distill-intermediate epoch 2/2:  65%|██████▍   | 914/1407 [00:48<00:25, 19.22it/s]
distill-intermediate epoch 2/2:  65%|██████▌   | 916/1407 [00:49<00:26, 18.76it/s]
distill-intermediate epoch 2/2:  65%|██████▌   | 918/1407 [00:49<00:26, 18.76it/s]
distill-intermediate epoch 2/2:  65%|██████▌   | 920/1407 [00:49<00:25, 19.08it/s]
distill-intermediate epoch 2/2:  66%|██████▌   | 922/1407 [00:49<00:25, 18.97it/s]
distill-intermediate epoch 2/2:  66%|██████▌   | 924/1407 [00:49<00:25, 18.75it/s]
distill-intermediate epoch 2/2:  66%|██████▌   | 926/1407 [00:49<00:25, 18.77it/s]
distill-intermediate epoch 2/2:  66%|██████▌   | 928/1407 [00:49<00:25, 18.78it/s]
distill-intermediate epoch 2/2:  66%|██████▌   | 931/1407 [00:49<00:24, 19.25it/s]
distill-intermediate epoch 2/2:  66%|██████▋   | 933/1407 [00:49<00:25, 18.83it/s]
distill-intermediate epoch 2/2:  66%|██████▋   | 935/1407 [00:50<00:25, 18.66it/s]
distill-intermediate epoch 2/2:  67%|██████▋   | 937/1407 [00:50<00:25, 18.32it/s]
distill-intermediate epoch 2/2:  67%|██████▋   | 939/1407 [00:50<00:25, 18.48it/s]
distill-intermediate epoch 2/2:  67%|██████▋   | 941/1407 [00:50<00:25, 18.38it/s]
distill-intermediate epoch 2/2:  67%|██████▋   | 943/1407 [00:50<00:24, 18.62it/s]
distill-intermediate epoch 2/2:  67%|██████▋   | 945/1407 [00:50<00:24, 18.91it/s]
distill-intermediate epoch 2/2:  67%|██████▋   | 947/1407 [00:50<00:24, 18.68it/s]
distill-intermediate epoch 2/2:  67%|██████▋   | 949/1407 [00:50<00:24, 18.92it/s]
distill-intermediate epoch 2/2:  68%|██████▊   | 951/1407 [00:50<00:24, 18.74it/s]
distill-intermediate epoch 2/2:  68%|██████▊   | 953/1407 [00:51<00:24, 18.60it/s]
distill-intermediate epoch 2/2:  68%|██████▊   | 955/1407 [00:51<00:24, 18.47it/s]
distill-intermediate epoch 2/2:  68%|██████▊   | 957/1407 [00:51<00:24, 18.61it/s]
distill-intermediate epoch 2/2:  68%|██████▊   | 959/1407 [00:51<00:23, 18.83it/s]
distill-intermediate epoch 2/2:  68%|██████▊   | 961/1407 [00:51<00:23, 18.95it/s]
distill-intermediate epoch 2/2:  68%|██████▊   | 963/1407 [00:51<00:23, 19.01it/s]
distill-intermediate epoch 2/2:  69%|██████▊   | 965/1407 [00:51<00:23, 18.67it/s]
distill-intermediate epoch 2/2:  69%|██████▊   | 967/1407 [00:51<00:23, 18.51it/s]
distill-intermediate epoch 2/2:  69%|██████▉   | 969/1407 [00:51<00:23, 18.62it/s]
distill-intermediate epoch 2/2:  69%|██████▉   | 971/1407 [00:51<00:23, 18.95it/s]
distill-intermediate epoch 2/2:  69%|██████▉   | 973/1407 [00:52<00:22, 19.11it/s]
distill-intermediate epoch 2/2:  69%|██████▉   | 975/1407 [00:52<00:23, 18.47it/s]
distill-intermediate epoch 2/2:  69%|██████▉   | 977/1407 [00:52<00:23, 18.46it/s]
distill-intermediate epoch 2/2:  70%|██████▉   | 979/1407 [00:52<00:23, 18.44it/s]
distill-intermediate epoch 2/2:  70%|██████▉   | 981/1407 [00:52<00:22, 18.70it/s]
distill-intermediate epoch 2/2:  70%|██████▉   | 983/1407 [00:52<00:22, 18.71it/s]
distill-intermediate epoch 2/2:  70%|███████   | 985/1407 [00:52<00:23, 18.33it/s]
distill-intermediate epoch 2/2:  70%|███████   | 987/1407 [00:52<00:22, 18.42it/s]
distill-intermediate epoch 2/2:  70%|███████   | 989/1407 [00:52<00:23, 18.02it/s]
distill-intermediate epoch 2/2:  70%|███████   | 991/1407 [00:53<00:22, 18.46it/s]
distill-intermediate epoch 2/2:  71%|███████   | 993/1407 [00:53<00:22, 18.32it/s]
distill-intermediate epoch 2/2:  71%|███████   | 996/1407 [00:53<00:21, 18.70it/s]
distill-intermediate epoch 2/2:  71%|███████   | 998/1407 [00:53<00:21, 18.97it/s]
distill-intermediate epoch 2/2:  71%|███████   | 1000/1407 [00:53<00:21, 18.94it/s]
distill-intermediate epoch 2/2:  71%|███████   | 1002/1407 [00:53<00:21, 18.55it/s]
distill-intermediate epoch 2/2:  71%|███████▏  | 1004/1407 [00:53<00:21, 18.73it/s]
distill-intermediate epoch 2/2:  71%|███████▏  | 1006/1407 [00:53<00:21, 18.92it/s]
distill-intermediate epoch 2/2:  72%|███████▏  | 1008/1407 [00:53<00:20, 19.06it/s]
distill-intermediate epoch 2/2:  72%|███████▏  | 1010/1407 [00:54<00:20, 19.06it/s]
distill-intermediate epoch 2/2:  72%|███████▏  | 1013/1407 [00:54<00:20, 19.56it/s]
distill-intermediate epoch 2/2:  72%|███████▏  | 1015/1407 [00:54<00:20, 18.98it/s]
distill-intermediate epoch 2/2:  72%|███████▏  | 1017/1407 [00:54<00:20, 18.63it/s]
distill-intermediate epoch 2/2:  72%|███████▏  | 1019/1407 [00:54<00:20, 18.57it/s]
distill-intermediate epoch 2/2:  73%|███████▎  | 1021/1407 [00:54<00:20, 18.39it/s]
distill-intermediate epoch 2/2:  73%|███████▎  | 1023/1407 [00:54<00:20, 18.63it/s]
distill-intermediate epoch 2/2:  73%|███████▎  | 1025/1407 [00:54<00:20, 18.83it/s]
distill-intermediate epoch 2/2:  73%|███████▎  | 1027/1407 [00:54<00:20, 18.76it/s]
distill-intermediate epoch 2/2:  73%|███████▎  | 1029/1407 [00:55<00:20, 18.47it/s]
distill-intermediate epoch 2/2:  73%|███████▎  | 1031/1407 [00:55<00:20, 18.79it/s]
distill-intermediate epoch 2/2:  73%|███████▎  | 1033/1407 [00:55<00:20, 18.57it/s]
distill-intermediate epoch 2/2:  74%|███████▎  | 1035/1407 [00:55<00:19, 18.94it/s]
distill-intermediate epoch 2/2:  74%|███████▎  | 1037/1407 [00:55<00:19, 19.15it/s]
distill-intermediate epoch 2/2:  74%|███████▍  | 1039/1407 [00:55<00:19, 19.25it/s]
distill-intermediate epoch 2/2:  74%|███████▍  | 1041/1407 [00:55<00:19, 19.07it/s]
distill-intermediate epoch 2/2:  74%|███████▍  | 1043/1407 [00:55<00:19, 18.45it/s]
distill-intermediate epoch 2/2:  74%|███████▍  | 1045/1407 [00:55<00:19, 18.68it/s]
distill-intermediate epoch 2/2:  74%|███████▍  | 1047/1407 [00:56<00:19, 18.54it/s]
distill-intermediate epoch 2/2:  75%|███████▍  | 1049/1407 [00:56<00:19, 18.28it/s]
distill-intermediate epoch 2/2:  75%|███████▍  | 1051/1407 [00:56<00:19, 18.52it/s]
distill-intermediate epoch 2/2:  75%|███████▍  | 1053/1407 [00:56<00:19, 18.37it/s]
distill-intermediate epoch 2/2:  75%|███████▍  | 1055/1407 [00:56<00:19, 17.89it/s]
distill-intermediate epoch 2/2:  75%|███████▌  | 1057/1407 [00:56<00:19, 18.16it/s]
distill-intermediate epoch 2/2:  75%|███████▌  | 1059/1407 [00:56<00:18, 18.58it/s]
distill-intermediate epoch 2/2:  75%|███████▌  | 1061/1407 [00:56<00:19, 18.14it/s]
distill-intermediate epoch 2/2:  76%|███████▌  | 1063/1407 [00:56<00:19, 17.85it/s]
distill-intermediate epoch 2/2:  76%|███████▌  | 1065/1407 [00:57<00:18, 18.10it/s]
distill-intermediate epoch 2/2:  76%|███████▌  | 1067/1407 [00:57<00:18, 18.48it/s]
distill-intermediate epoch 2/2:  76%|███████▌  | 1069/1407 [00:57<00:18, 18.55it/s]
distill-intermediate epoch 2/2:  76%|███████▌  | 1071/1407 [00:57<00:18, 18.55it/s]
distill-intermediate epoch 2/2:  76%|███████▋  | 1074/1407 [00:57<00:17, 18.89it/s]
distill-intermediate epoch 2/2:  76%|███████▋  | 1076/1407 [00:57<00:17, 18.46it/s]
distill-intermediate epoch 2/2:  77%|███████▋  | 1078/1407 [00:57<00:17, 18.71it/s]
distill-intermediate epoch 2/2:  77%|███████▋  | 1080/1407 [00:57<00:17, 18.42it/s]
distill-intermediate epoch 2/2:  77%|███████▋  | 1082/1407 [00:57<00:17, 18.37it/s]
distill-intermediate epoch 2/2:  77%|███████▋  | 1085/1407 [00:58<00:17, 18.88it/s]
distill-intermediate epoch 2/2:  77%|███████▋  | 1088/1407 [00:58<00:16, 19.05it/s]
distill-intermediate epoch 2/2:  77%|███████▋  | 1090/1407 [00:58<00:16, 19.06it/s]
distill-intermediate epoch 2/2:  78%|███████▊  | 1092/1407 [00:58<00:16, 19.12it/s]
distill-intermediate epoch 2/2:  78%|███████▊  | 1094/1407 [00:58<00:16, 19.15it/s]
distill-intermediate epoch 2/2:  78%|███████▊  | 1096/1407 [00:58<00:22, 13.82it/s]
distill-intermediate epoch 2/2:  78%|███████▊  | 1098/1407 [00:58<00:20, 15.04it/s]
distill-intermediate epoch 2/2:  78%|███████▊  | 1100/1407 [00:59<00:19, 16.01it/s]
distill-intermediate epoch 2/2:  78%|███████▊  | 1102/1407 [00:59<00:18, 16.74it/s]
distill-intermediate epoch 2/2:  78%|███████▊  | 1104/1407 [00:59<00:17, 17.53it/s]
distill-intermediate epoch 2/2:  79%|███████▊  | 1106/1407 [00:59<00:17, 17.54it/s]
distill-intermediate epoch 2/2:  79%|███████▊  | 1108/1407 [00:59<00:17, 17.42it/s]
distill-intermediate epoch 2/2:  79%|███████▉  | 1110/1407 [00:59<00:16, 17.79it/s]
distill-intermediate epoch 2/2:  79%|███████▉  | 1112/1407 [00:59<00:16, 18.25it/s]
distill-intermediate epoch 2/2:  79%|███████▉  | 1114/1407 [00:59<00:15, 18.46it/s]
distill-intermediate epoch 2/2:  79%|███████▉  | 1116/1407 [00:59<00:15, 18.32it/s]
distill-intermediate epoch 2/2:  79%|███████▉  | 1118/1407 [00:59<00:15, 18.54it/s]
distill-intermediate epoch 2/2:  80%|███████▉  | 1120/1407 [01:00<00:15, 18.80it/s]
distill-intermediate epoch 2/2:  80%|███████▉  | 1122/1407 [01:00<00:15, 18.81it/s]
distill-intermediate epoch 2/2:  80%|███████▉  | 1124/1407 [01:00<00:15, 18.43it/s]
distill-intermediate epoch 2/2:  80%|████████  | 1126/1407 [01:00<00:15, 18.68it/s]
distill-intermediate epoch 2/2:  80%|████████  | 1128/1407 [01:00<00:15, 18.58it/s]
distill-intermediate epoch 2/2:  80%|████████  | 1130/1407 [01:00<00:14, 18.67it/s]
distill-intermediate epoch 2/2:  80%|████████  | 1132/1407 [01:00<00:14, 18.48it/s]
distill-intermediate epoch 2/2:  81%|████████  | 1134/1407 [01:00<00:14, 18.91it/s]
distill-intermediate epoch 2/2:  81%|████████  | 1136/1407 [01:00<00:14, 18.42it/s]
distill-intermediate epoch 2/2:  81%|████████  | 1139/1407 [01:01<00:14, 18.99it/s]
distill-intermediate epoch 2/2:  81%|████████  | 1141/1407 [01:01<00:13, 19.07it/s]
distill-intermediate epoch 2/2:  81%|████████  | 1143/1407 [01:01<00:13, 18.86it/s]
distill-intermediate epoch 2/2:  81%|████████▏ | 1145/1407 [01:01<00:13, 18.81it/s]
distill-intermediate epoch 2/2:  82%|████████▏ | 1147/1407 [01:01<00:13, 18.66it/s]
distill-intermediate epoch 2/2:  82%|████████▏ | 1149/1407 [01:01<00:13, 18.53it/s]
distill-intermediate epoch 2/2:  82%|████████▏ | 1151/1407 [01:01<00:13, 18.70it/s]
distill-intermediate epoch 2/2:  82%|████████▏ | 1153/1407 [01:01<00:13, 18.87it/s]
distill-intermediate epoch 2/2:  82%|████████▏ | 1156/1407 [01:02<00:13, 19.13it/s]
distill-intermediate epoch 2/2:  82%|████████▏ | 1158/1407 [01:02<00:13, 18.85it/s]
distill-intermediate epoch 2/2:  82%|████████▏ | 1160/1407 [01:02<00:13, 18.81it/s]
distill-intermediate epoch 2/2:  83%|████████▎ | 1162/1407 [01:02<00:12, 19.03it/s]
distill-intermediate epoch 2/2:  83%|████████▎ | 1164/1407 [01:02<00:13, 18.60it/s]
distill-intermediate epoch 2/2:  83%|████████▎ | 1166/1407 [01:02<00:12, 18.63it/s]
distill-intermediate epoch 2/2:  83%|████████▎ | 1168/1407 [01:02<00:13, 18.37it/s]
distill-intermediate epoch 2/2:  83%|████████▎ | 1170/1407 [01:02<00:12, 18.41it/s]
distill-intermediate epoch 2/2:  83%|████████▎ | 1172/1407 [01:02<00:12, 18.68it/s]
distill-intermediate epoch 2/2:  83%|████████▎ | 1174/1407 [01:02<00:12, 19.01it/s]
distill-intermediate epoch 2/2:  84%|████████▎ | 1176/1407 [01:03<00:11, 19.26it/s]
distill-intermediate epoch 2/2:  84%|████████▎ | 1178/1407 [01:03<00:11, 19.22it/s]
distill-intermediate epoch 2/2:  84%|████████▍ | 1180/1407 [01:03<00:12, 18.88it/s]
distill-intermediate epoch 2/2:  84%|████████▍ | 1182/1407 [01:03<00:11, 18.96it/s]
distill-intermediate epoch 2/2:  84%|████████▍ | 1184/1407 [01:03<00:11, 19.04it/s]
distill-intermediate epoch 2/2:  84%|████████▍ | 1186/1407 [01:03<00:11, 19.16it/s]
distill-intermediate epoch 2/2:  84%|████████▍ | 1188/1407 [01:03<00:11, 18.72it/s]
distill-intermediate epoch 2/2:  85%|████████▍ | 1190/1407 [01:03<00:11, 18.70it/s]
distill-intermediate epoch 2/2:  85%|████████▍ | 1192/1407 [01:03<00:11, 18.79it/s]
distill-intermediate epoch 2/2:  85%|████████▍ | 1194/1407 [01:04<00:11, 18.56it/s]
distill-intermediate epoch 2/2:  85%|████████▌ | 1196/1407 [01:04<00:11, 18.54it/s]
distill-intermediate epoch 2/2:  85%|████████▌ | 1198/1407 [01:04<00:11, 18.56it/s]
distill-intermediate epoch 2/2:  85%|████████▌ | 1200/1407 [01:04<00:11, 18.55it/s]
distill-intermediate epoch 2/2:  85%|████████▌ | 1202/1407 [01:04<00:10, 18.76it/s]
distill-intermediate epoch 2/2:  86%|████████▌ | 1204/1407 [01:04<00:10, 19.10it/s]
distill-intermediate epoch 2/2:  86%|████████▌ | 1206/1407 [01:04<00:10, 18.49it/s]
distill-intermediate epoch 2/2:  86%|████████▌ | 1208/1407 [01:04<00:10, 18.59it/s]
distill-intermediate epoch 2/2:  86%|████████▌ | 1210/1407 [01:04<00:10, 18.92it/s]
distill-intermediate epoch 2/2:  86%|████████▌ | 1212/1407 [01:05<00:10, 18.68it/s]
distill-intermediate epoch 2/2:  86%|████████▋ | 1214/1407 [01:05<00:10, 18.84it/s]
distill-intermediate epoch 2/2:  86%|████████▋ | 1216/1407 [01:05<00:10, 18.40it/s]
distill-intermediate epoch 2/2:  87%|████████▋ | 1218/1407 [01:05<00:10, 18.50it/s]
distill-intermediate epoch 2/2:  87%|████████▋ | 1220/1407 [01:05<00:09, 18.78it/s]
distill-intermediate epoch 2/2:  87%|████████▋ | 1223/1407 [01:05<00:09, 19.22it/s]
distill-intermediate epoch 2/2:  87%|████████▋ | 1225/1407 [01:05<00:09, 18.73it/s]
distill-intermediate epoch 2/2:  87%|████████▋ | 1227/1407 [01:05<00:09, 18.93it/s]
distill-intermediate epoch 2/2:  87%|████████▋ | 1229/1407 [01:05<00:09, 18.69it/s]
distill-intermediate epoch 2/2:  87%|████████▋ | 1231/1407 [01:06<00:09, 18.63it/s]
distill-intermediate epoch 2/2:  88%|████████▊ | 1234/1407 [01:06<00:09, 19.11it/s]
distill-intermediate epoch 2/2:  88%|████████▊ | 1236/1407 [01:06<00:08, 19.06it/s]
distill-intermediate epoch 2/2:  88%|████████▊ | 1238/1407 [01:06<00:08, 19.14it/s]
distill-intermediate epoch 2/2:  88%|████████▊ | 1240/1407 [01:06<00:08, 18.93it/s]
distill-intermediate epoch 2/2:  88%|████████▊ | 1242/1407 [01:06<00:08, 18.99it/s]
distill-intermediate epoch 2/2:  88%|████████▊ | 1244/1407 [01:06<00:08, 19.25it/s]
distill-intermediate epoch 2/2:  89%|████████▊ | 1246/1407 [01:06<00:08, 18.69it/s]
distill-intermediate epoch 2/2:  89%|████████▊ | 1248/1407 [01:06<00:08, 18.30it/s]
distill-intermediate epoch 2/2:  89%|████████▉ | 1250/1407 [01:07<00:08, 18.56it/s]
distill-intermediate epoch 2/2:  89%|████████▉ | 1252/1407 [01:07<00:08, 18.38it/s]
distill-intermediate epoch 2/2:  89%|████████▉ | 1255/1407 [01:07<00:08, 18.89it/s]
distill-intermediate epoch 2/2:  89%|████████▉ | 1257/1407 [01:07<00:07, 18.99it/s]
distill-intermediate epoch 2/2:  89%|████████▉ | 1259/1407 [01:07<00:07, 18.98it/s]
distill-intermediate epoch 2/2:  90%|████████▉ | 1261/1407 [01:07<00:07, 19.10it/s]
distill-intermediate epoch 2/2:  90%|████████▉ | 1263/1407 [01:07<00:07, 18.94it/s]
distill-intermediate epoch 2/2:  90%|████████▉ | 1265/1407 [01:07<00:07, 18.54it/s]
distill-intermediate epoch 2/2:  90%|█████████ | 1267/1407 [01:07<00:07, 18.44it/s]
distill-intermediate epoch 2/2:  90%|█████████ | 1269/1407 [01:08<00:07, 18.26it/s]
distill-intermediate epoch 2/2:  90%|█████████ | 1271/1407 [01:08<00:07, 18.29it/s]
distill-intermediate epoch 2/2:  90%|█████████ | 1273/1407 [01:08<00:07, 17.98it/s]
distill-intermediate epoch 2/2:  91%|█████████ | 1275/1407 [01:08<00:07, 17.91it/s]
distill-intermediate epoch 2/2:  91%|█████████ | 1277/1407 [01:08<00:07, 18.26it/s]
distill-intermediate epoch 2/2:  91%|█████████ | 1279/1407 [01:08<00:06, 18.34it/s]
distill-intermediate epoch 2/2:  91%|█████████ | 1281/1407 [01:08<00:06, 18.64it/s]
distill-intermediate epoch 2/2:  91%|█████████ | 1283/1407 [01:08<00:06, 18.94it/s]
distill-intermediate epoch 2/2:  91%|█████████▏| 1285/1407 [01:08<00:06, 19.01it/s]
distill-intermediate epoch 2/2:  91%|█████████▏| 1287/1407 [01:09<00:06, 18.98it/s]
distill-intermediate epoch 2/2:  92%|█████████▏| 1289/1407 [01:09<00:06, 19.23it/s]
distill-intermediate epoch 2/2:  92%|█████████▏| 1291/1407 [01:09<00:05, 19.42it/s]
distill-intermediate epoch 2/2:  92%|█████████▏| 1294/1407 [01:09<00:05, 19.44it/s]
distill-intermediate epoch 2/2:  92%|█████████▏| 1296/1407 [01:09<00:05, 19.10it/s]
distill-intermediate epoch 2/2:  92%|█████████▏| 1298/1407 [01:09<00:05, 18.65it/s]
distill-intermediate epoch 2/2:  92%|█████████▏| 1300/1407 [01:09<00:05, 18.89it/s]
distill-intermediate epoch 2/2:  93%|█████████▎| 1302/1407 [01:09<00:05, 18.51it/s]
distill-intermediate epoch 2/2:  93%|█████████▎| 1304/1407 [01:09<00:05, 18.63it/s]
distill-intermediate epoch 2/2:  93%|█████████▎| 1306/1407 [01:10<00:05, 18.93it/s]
distill-intermediate epoch 2/2:  93%|█████████▎| 1308/1407 [01:10<00:05, 19.15it/s]
distill-intermediate epoch 2/2:  93%|█████████▎| 1310/1407 [01:10<00:05, 19.25it/s]
distill-intermediate epoch 2/2:  93%|█████████▎| 1312/1407 [01:10<00:04, 19.23it/s]
distill-intermediate epoch 2/2:  93%|█████████▎| 1314/1407 [01:10<00:04, 19.15it/s]
distill-intermediate epoch 2/2:  94%|█████████▎| 1316/1407 [01:10<00:04, 18.52it/s]
distill-intermediate epoch 2/2:  94%|█████████▎| 1318/1407 [01:10<00:04, 18.73it/s]
distill-intermediate epoch 2/2:  94%|█████████▍| 1320/1407 [01:10<00:04, 18.76it/s]
distill-intermediate epoch 2/2:  94%|█████████▍| 1322/1407 [01:10<00:04, 18.52it/s]
distill-intermediate epoch 2/2:  94%|█████████▍| 1324/1407 [01:10<00:04, 18.35it/s]
distill-intermediate epoch 2/2:  94%|█████████▍| 1326/1407 [01:11<00:04, 18.71it/s]
distill-intermediate epoch 2/2:  94%|█████████▍| 1328/1407 [01:11<00:04, 18.97it/s]
distill-intermediate epoch 2/2:  95%|█████████▍| 1330/1407 [01:11<00:04, 18.82it/s]
distill-intermediate epoch 2/2:  95%|█████████▍| 1332/1407 [01:11<00:04, 18.67it/s]
distill-intermediate epoch 2/2:  95%|█████████▍| 1334/1407 [01:11<00:03, 18.55it/s]
distill-intermediate epoch 2/2:  95%|█████████▍| 1336/1407 [01:11<00:03, 18.56it/s]
distill-intermediate epoch 2/2:  95%|█████████▌| 1338/1407 [01:11<00:03, 18.26it/s]
distill-intermediate epoch 2/2:  95%|█████████▌| 1340/1407 [01:11<00:03, 18.66it/s]
distill-intermediate epoch 2/2:  95%|█████████▌| 1342/1407 [01:11<00:03, 18.32it/s]
distill-intermediate epoch 2/2:  96%|█████████▌| 1344/1407 [01:12<00:03, 18.58it/s]
distill-intermediate epoch 2/2:  96%|█████████▌| 1346/1407 [01:12<00:03, 18.86it/s]
distill-intermediate epoch 2/2:  96%|█████████▌| 1348/1407 [01:12<00:03, 18.82it/s]
distill-intermediate epoch 2/2:  96%|█████████▌| 1350/1407 [01:12<00:03, 18.84it/s]
distill-intermediate epoch 2/2:  96%|█████████▌| 1352/1407 [01:12<00:02, 19.07it/s]
distill-intermediate epoch 2/2:  96%|█████████▌| 1354/1407 [01:12<00:02, 19.15it/s]
distill-intermediate epoch 2/2:  96%|█████████▋| 1356/1407 [01:12<00:02, 18.57it/s]
distill-intermediate epoch 2/2:  97%|█████████▋| 1358/1407 [01:12<00:02, 18.58it/s]
distill-intermediate epoch 2/2:  97%|█████████▋| 1360/1407 [01:12<00:02, 18.25it/s]
distill-intermediate epoch 2/2:  97%|█████████▋| 1362/1407 [01:13<00:02, 18.34it/s]
distill-intermediate epoch 2/2:  97%|█████████▋| 1364/1407 [01:13<00:02, 17.91it/s]
distill-intermediate epoch 2/2:  97%|█████████▋| 1366/1407 [01:13<00:02, 18.40it/s]
distill-intermediate epoch 2/2:  97%|█████████▋| 1368/1407 [01:13<00:02, 18.45it/s]
distill-intermediate epoch 2/2:  97%|█████████▋| 1370/1407 [01:13<00:01, 18.71it/s]
distill-intermediate epoch 2/2:  98%|█████████▊| 1372/1407 [01:13<00:01, 18.87it/s]
distill-intermediate epoch 2/2:  98%|█████████▊| 1374/1407 [01:13<00:01, 19.15it/s]
distill-intermediate epoch 2/2:  98%|█████████▊| 1376/1407 [01:13<00:01, 19.31it/s]
distill-intermediate epoch 2/2:  98%|█████████▊| 1378/1407 [01:13<00:01, 19.02it/s]
distill-intermediate epoch 2/2:  98%|█████████▊| 1380/1407 [01:13<00:01, 18.77it/s]
distill-intermediate epoch 2/2:  98%|█████████▊| 1382/1407 [01:14<00:01, 18.72it/s]
distill-intermediate epoch 2/2:  98%|█████████▊| 1384/1407 [01:14<00:01, 18.41it/s]
distill-intermediate epoch 2/2:  99%|█████████▊| 1387/1407 [01:14<00:01, 18.73it/s]
distill-intermediate epoch 2/2:  99%|█████████▊| 1389/1407 [01:14<00:00, 18.65it/s]
distill-intermediate epoch 2/2:  99%|█████████▉| 1392/1407 [01:14<00:00, 19.12it/s]
distill-intermediate epoch 2/2:  99%|█████████▉| 1394/1407 [01:14<00:00, 19.01it/s]
distill-intermediate epoch 2/2:  99%|█████████▉| 1396/1407 [01:14<00:00, 19.02it/s]
distill-intermediate epoch 2/2:  99%|█████████▉| 1398/1407 [01:14<00:00, 18.99it/s]
distill-intermediate epoch 2/2: 100%|█████████▉| 1400/1407 [01:15<00:00, 18.75it/s]
distill-intermediate epoch 2/2: 100%|█████████▉| 1402/1407 [01:15<00:00, 18.85it/s]
distill-intermediate epoch 2/2: 100%|█████████▉| 1404/1407 [01:15<00:00, 18.13it/s]
distill-intermediate epoch 2/2: 100%|█████████▉| 1406/1407 [01:15<00:00, 18.06it/s]
  loss=0.0868 dev_acc=0.8739 (76s)
蒸馏-intermediate: Test Acc=0.8740, 参数量=5,470,986（约20.9MB fp32 / checkpoint 见 D:\workspace_AI\workspace_traecode\xiangmu_traecode\Supply Chain NLP\models\checkpoints\distill_best.pt）
                                                                                   
Traceback (most recent call last):
  File "D:\workspace_AI\workspace_traecode\xiangmu_traecode\Supply Chain NLP\src\compress\distill.py", line 102, in <mo
dule>
    f.write("# 知识蒸馏实验（教师 BERT -> 学生 BiLSTM）\n\n```\n" + "\n".join(results) + "\n```\n")
                                                                    ^^^^^^^^^^^^^^^^^^
TypeError: sequence item 0: expected str instance, tuple found
